<?xml version="1.0" encoding="utf-8"?>
<COLLADA xmlns = "http://www.collada.org/2005/11/COLLADASchema" version = "1.4.1" xmlns:xsi = "http://www.w3.org/2001/XMLSchema-instance">
  <asset>
    <contributor>
      <author>OpenSim Creator</author>
      <authoring_tool>OpenSim Creator v0.5.13 (build GITHUB_10161173976.3660)</authoring_tool>
    </contributor>
    <created>2026-04-09 13:41:07</created>
    <modified>2026-04-09 13:41:07</modified>
    <unit name="meter" meter="1" />
    <up_axis>Y_UP</up_axis>
  </asset>
  <library_effects>
    <effect id="material_0-effect">
      <profile_COMMON>
        <technique sid="common">
          <lambert>
            <emission>
              <color sid="emission">0 0 0 1</color>
            </emission>
            <diffuse>
              <color sid="diffuse">1.000000 1.000000 1.000000 1.000000</color>
            </diffuse>
            <reflectivity>
              <float sid="specular">0.0</float>
            </reflectivity>
          </lambert>
        </technique>
      </profile_COMMON>
    </effect>
  </library_effects>
  <library_materials>
    <material id="material_0-material" name="material_0">
      <instance_effect url="#material_0-effect"/>
    </material>
  </library_materials>
  <library_geometries>
    <geometry id="mesh_0" name="mesh_0">
      <mesh>
        <source id="mesh_0-positions">
          <float_array id="mesh_0-positions-array" count="2535">-0.083857 -0.066524 0.055771 -0.079255 -0.059550 0.066478 -0.086422 -0.064424 0.058714 -0.086541 -0.068149 0.054981 -0.077618 -0.067872 0.054663 -0.086786 -0.059209 0.069834 -0.071432 -0.061278 0.066255 -0.079428 -0.057034 0.075754 -0.092010 -0.067735 0.059522 -0.091112 -0.061836 0.068123 -0.085367 -0.079810 0.049272 -0.091218 -0.077195 0.053346 -0.071108 -0.065682 0.059863 -0.072601 -0.072007 0.053693 -0.077500 -0.077562 0.049620 -0.091230 -0.060990 0.071444 -0.085289 -0.057731 0.077014 -0.065166 -0.068234 0.063146 -0.064075 -0.065346 0.071148 -0.061044 -0.066931 0.077157 -0.072372 -0.059658 0.090665 -0.065078 -0.062746 0.084337 -0.082312 -0.059596 0.092364 -0.096046 -0.069775 0.062984 -0.094541 -0.063498 0.072427 -0.080563 -0.090603 0.047483 -0.075468 -0.084201 0.049274 -0.091293 -0.081149 0.055192 -0.070824 -0.080291 0.051767 -0.064506 -0.073178 0.059865 -0.093444 -0.063462 0.091994 -0.085533 -0.060259 0.092134 -0.059426 -0.073759 0.068886 -0.059978 -0.068905 0.074454 -0.060341 -0.065688 0.080798 -0.065697 -0.061867 0.087215 -0.071678 -0.059032 0.092355 -0.063963 -0.062486 0.085913 -0.079529 -0.058818 0.094443 -0.097196 -0.071758 0.067044 -0.096968 -0.066533 0.086687 -0.073441 -0.087682 0.050444 -0.075859 -0.093343 0.048120 -0.076011 -0.092083 0.049093 -0.086086 -0.091455 0.059977 -0.080668 -0.092046 0.046436 -0.082797 -0.093272 0.052212 -0.094012 -0.084008 0.068146 -0.096091 -0.079690 0.070916 -0.087438 -0.091126 0.061925 -0.058280 -0.082243 0.065019 -0.069227 -0.091938 0.054227 -0.064103 -0.091231 0.059334 -0.062583 -0.089860 0.060742 -0.058799 -0.077676 0.066712 -0.086368 -0.060396 0.094788 -0.094181 -0.062369 0.092860 -0.098058 -0.065616 0.087648 -0.058519 -0.069018 0.074754 -0.057256 -0.074248 0.069588 -0.062975 -0.060892 0.086444 -0.058026 -0.060167 0.082116 -0.066632 -0.060692 0.089313 -0.070926 -0.057508 0.093155 -0.079212 -0.057346 0.095996 -0.065561 -0.058683 0.090103 -0.083167 -0.058386 0.096198 -0.098040 -0.074706 0.075381 -0.098592 -0.071529 0.081325 -0.072990 -0.093137 0.051076 -0.072652 -0.093837 0.050584 -0.077083 -0.094105 0.045217 -0.085124 -0.093514 0.056795 -0.088618 -0.093515 0.061495 -0.078917 -0.093784 0.044350 -0.086139 -0.095096 0.041065 -0.085674 -0.093554 0.050668 -0.085283 -0.093239 0.053868 -0.094752 -0.085280 0.068983 -0.097245 -0.081998 0.071955 -0.098171 -0.075964 0.076768 -0.094130 -0.090454 0.065943 -0.059073 -0.089405 0.061608 -0.056428 -0.083054 0.064911 -0.056640 -0.078538 0.067136 -0.057553 -0.078216 0.067211 -0.068594 -0.093466 0.053191 -0.063400 -0.092031 0.058951 -0.086910 -0.059496 0.095905 -0.090559 -0.060742 0.094572 -0.096626 -0.062661 0.090152 -0.094588 -0.061603 0.092395 -0.099414 -0.067833 0.084612 -0.097577 -0.061868 0.089331 -0.099129 -0.064437 0.087016 -0.056525 -0.073573 0.069154 -0.056474 -0.057886 0.074664 -0.055891 -0.063168 0.067255 -0.060269 -0.057636 0.090762 -0.054419 -0.057225 0.082109 -0.053226 -0.055892 0.079315 -0.055820 -0.057771 0.084915 -0.070378 -0.056140 0.093808 -0.074663 -0.056502 0.095077 -0.077553 -0.050827 0.094681 -0.082048 -0.052235 0.094743 -0.072024 -0.048251 0.094003 -0.060223 -0.056026 0.092024 -0.060678 -0.053886 0.092879 -0.064979 -0.054460 0.093236 -0.100753 -0.072046 0.079279 -0.100437 -0.070067 0.081655 -0.100457 -0.077934 0.074473 -0.071296 -0.094822 0.049055 -0.073584 -0.093969 0.044374 -0.078251 -0.092559 0.041446 -0.086349 -0.093341 0.056222 -0.090088 -0.093114 0.057220 -0.095804 -0.090794 0.063109 -0.094934 -0.090890 0.064814 -0.084161 -0.091223 0.039516 -0.092922 -0.099543 0.040584 -0.095198 -0.098468 0.037292 -0.092912 -0.096867 0.045715 -0.093906 -0.096131 0.054401 -0.097051 -0.086468 0.068807 -0.099538 -0.082013 0.071769 -0.057106 -0.090510 0.059286 -0.061035 -0.093638 0.056552 -0.054617 -0.082508 0.063136 -0.090979 -0.059705 0.093946 -0.084627 -0.052818 0.094469 -0.096652 -0.054568 0.089656 -0.103240 -0.063360 0.082235 -0.100227 -0.063200 0.086352 -0.101940 -0.060923 0.085098 -0.100352 -0.058264 0.087765 -0.052948 -0.066319 0.055801 -0.057490 -0.055222 0.070414 -0.056523 -0.055023 0.073805 -0.056386 -0.059135 0.060613 -0.058983 -0.051991 0.066367 -0.058281 -0.055175 0.091936 -0.055941 -0.055486 0.089085 -0.052228 -0.057424 0.086191 -0.053400 -0.052786 0.078010 -0.048002 -0.052919 0.082155 -0.063099 -0.049754 0.093316 -0.076036 -0.046766 0.093976 -0.080129 -0.047125 0.093683 -0.084484 -0.047656 0.092092 -0.070343 -0.044844 0.094007 -0.056210 -0.051107 0.093174 -0.101752 -0.070966 0.078918 -0.102686 -0.070078 0.078197 -0.105946 -0.064723 0.077780 -0.105005 -0.061704 0.080673 -0.104307 -0.068706 0.076764 -0.101299 -0.081048 0.069596 -0.069804 -0.093503 0.045140 -0.073715 -0.090230 0.043990 -0.081487 -0.071050 0.045573 -0.098012 -0.086690 0.067598 -0.098714 -0.086374 0.066573 -0.101539 -0.097147 0.060723 -0.099962 -0.100307 0.055364 -0.098385 -0.095259 0.037620 -0.102998 -0.072282 0.045886 -0.099939 -0.104724 0.036166 -0.097740 -0.104784 0.040812 -0.099547 -0.101777 0.050255 -0.054632 -0.092554 0.046919 -0.063040 -0.094068 0.047164 -0.055278 -0.094654 0.041264 -0.051794 -0.090562 0.041178 -0.052529 -0.085064 0.035945 -0.091315 -0.050435 0.090112 -0.093069 -0.042350 0.086599 -0.101640 -0.055146 0.086260 -0.055544 -0.076136 0.037631 -0.057799 -0.063692 0.045233 -0.058408 -0.051646 0.069758 -0.057049 -0.052072 0.073235 -0.064315 -0.049003 0.054069 -0.058605 -0.055499 0.060927 -0.076355 -0.036610 0.053917 -0.078262 -0.034286 0.055010 -0.060879 -0.047074 0.068857 -0.050820 -0.056631 0.088681 -0.047987 -0.055047 0.086778 -0.049542 -0.055865 0.088219 -0.053590 -0.049034 0.077576 -0.050099 -0.046113 0.081174 -0.041941 -0.047780 0.085223 -0.043136 -0.046536 0.084811 -0.044445 -0.051861 0.084898 -0.057011 -0.046086 0.095275 -0.062016 -0.043479 0.095130 -0.074201 -0.043504 0.094094 -0.078120 -0.043401 0.093986 -0.085061 -0.043231 0.091868 -0.089574 -0.045046 0.088555 -0.066633 -0.042422 0.095196 -0.048664 -0.055050 0.089727 -0.051913 -0.049207 0.093867 -0.105791 -0.035610 0.068793 -0.110066 -0.036781 0.066005 -0.115308 -0.058436 0.065971 -0.112926 -0.043619 0.065029 -0.112015 -0.065336 0.068483 -0.098887 -0.036424 0.080404 -0.104382 -0.081197 0.067628 -0.106996 -0.080518 0.065419 -0.105288 -0.089929 0.064218 -0.065595 -0.092573 0.042838 -0.064296 -0.093571 0.044516 -0.069455 -0.088052 0.042174 -0.070640 -0.081721 0.042840 -0.072508 -0.075393 0.043575 -0.079718 -0.066561 0.046951 -0.074805 -0.070039 0.044936 -0.105227 -0.101457 0.063858 -0.105803 -0.105247 0.061877 -0.112559 -0.084289 0.042196 -0.115441 -0.081284 0.044390 -0.114338 -0.092193 0.043314 -0.125746 -0.108506 0.048626 -0.103418 -0.105626 0.034597 -0.117747 -0.062283 0.051423 -0.113757 -0.056141 0.052370 -0.106713 -0.040040 0.057963 -0.119080 -0.074909 0.044881 -0.089854 -0.041276 0.052081 -0.100762 -0.107001 0.035235 -0.098726 -0.109811 0.038307 -0.110632 -0.122214 0.043920 -0.116357 -0.119272 0.060855 -0.100450 -0.110947 0.040765 -0.107842 -0.119321 0.042279 -0.110496 -0.109949 0.061692 -0.054188 -0.093680 0.036363 -0.063200 -0.092804 0.040395 -0.062975 -0.093968 0.032442 -0.053000 -0.092107 0.036738 -0.050375 -0.090520 0.030446 -0.055498 -0.080954 0.034275 -0.081815 -0.028911 0.089777 -0.100482 -0.023583 0.079795 -0.091148 -0.026247 0.084786 -0.058057 -0.083178 0.032285 -0.060851 -0.081835 0.034744 -0.062164 -0.086041 0.031727 -0.065288 -0.051789 0.050541 -0.066375 -0.065563 0.044862 -0.074092 -0.039749 0.052489 -0.079848 -0.035319 0.053886 -0.084357 -0.031160 0.054981 -0.080409 -0.008987 0.075774 -0.068216 -0.031782 0.074841 -0.040371 -0.049934 0.088356 -0.058850 -0.032464 0.084835 -0.039650 -0.044727 0.089435 -0.039923 -0.041217 0.090405 -0.052545 -0.044554 0.095913 -0.043064 -0.036499 0.099873 -0.072109 -0.040990 0.095651 -0.076362 -0.040584 0.095896 -0.070967 -0.029374 0.094361 -0.063798 -0.040004 0.097130 -0.046832 -0.048715 0.094279 -0.042271 -0.050313 0.093271 -0.113702 -0.031274 0.065921 -0.111459 -0.031328 0.069150 -0.108639 -0.027231 0.074469 -0.110908 -0.037103 0.064974 -0.115833 -0.063564 0.063908 -0.116548 -0.056902 0.061927 -0.109435 -0.038607 0.060742 -0.109045 -0.036766 0.061071 -0.117955 -0.078786 0.058885 -0.116895 -0.070166 0.062883 -0.116192 -0.066817 0.063870 -0.108676 -0.084672 0.064094 -0.106958 -0.091490 0.065144 -0.112780 -0.089904 0.067135 -0.065333 -0.085766 0.038772 -0.069166 -0.077032 0.042088 -0.071393 -0.071553 0.043631 -0.078112 -0.063724 0.047681 -0.073173 -0.067471 0.045454 -0.109657 -0.103342 0.065069 -0.113668 -0.096392 0.068028 -0.115905 -0.083244 0.044689 -0.117257 -0.084919 0.046207 -0.117466 -0.087211 0.047048 -0.119356 -0.081632 0.045359 -0.119259 -0.096326 0.047970 -0.129677 -0.106793 0.056987 -0.123579 -0.099751 0.051789 -0.123130 -0.113409 0.045592 -0.127939 -0.113787 0.048437 -0.103826 -0.108196 0.033189 -0.123820 -0.067248 0.046425 -0.124710 -0.066723 0.050643 -0.118829 -0.062433 0.055928 -0.115805 -0.055417 0.057758 -0.105783 -0.034294 0.058183 -0.097690 -0.032833 0.055181 -0.125582 -0.072609 0.043521 -0.126837 -0.075810 0.041264 -0.123804 -0.080739 0.042950 -0.077288 -0.044297 0.051947 -0.076682 -0.060960 0.048544 -0.099907 -0.113890 0.031150 -0.096533 -0.117033 0.034014 -0.099068 -0.117065 0.035722 -0.111775 -0.127402 0.040676 -0.108634 -0.123743 0.038757 -0.114433 -0.133127 0.039024 -0.123543 -0.129808 0.056971 -0.123082 -0.125907 0.061639 -0.124414 -0.121261 0.064084 -0.118700 -0.116581 0.063732 -0.115044 -0.110286 0.062653 -0.104214 -0.122843 0.033636 -0.103315 -0.119441 0.036582 -0.051504 -0.097152 0.027878 -0.051485 -0.093079 0.031280 -0.063547 -0.089970 0.035931 -0.056576 -0.100695 0.024371 -0.064647 -0.097592 0.028652 -0.065777 -0.096801 0.028902 -0.064036 -0.092136 0.033449 -0.047961 -0.095362 0.027980 -0.046631 -0.093715 0.026949 -0.051307 -0.088418 0.028449 -0.062106 -0.002889 0.103429 -0.070214 0.001794 0.098594 -0.091697 0.016095 0.082672 -0.108259 -0.005403 0.072694 -0.126526 -0.026299 0.070097 -0.055050 -0.089252 0.027081 -0.059246 -0.085879 0.030331 -0.064923 -0.082992 0.035795 -0.066494 -0.095447 0.029260 -0.067098 -0.075259 0.040555 -0.066144 -0.070983 0.042372 -0.063641 -0.089088 0.031273 -0.059249 -0.094199 0.023350 -0.064511 -0.089288 0.029983 -0.070559 -0.063271 0.046556 -0.068684 -0.067005 0.044644 -0.104000 -0.028716 0.056625 -0.095306 -0.019859 0.054754 -0.067571 -0.007226 0.084938 -0.085421 0.009009 0.076239 -0.070535 0.018182 0.090950 -0.038767 -0.045426 0.096183 -0.037835 -0.045229 0.093468 -0.032746 -0.009682 0.108392 -0.032823 -0.022945 0.103692 -0.033573 -0.026504 0.104891 -0.036095 -0.029948 0.099766 -0.037457 -0.032978 0.096877 -0.044502 -0.003608 0.099672 -0.037623 -0.032997 0.098030 -0.037935 -0.032209 0.099778 -0.041555 -0.031660 0.102451 -0.052017 -0.015428 0.104145 -0.116600 -0.029008 0.068211 -0.117873 -0.029507 0.066963 -0.109713 -0.033517 0.061331 -0.111675 -0.030878 0.061911 -0.123639 -0.069357 0.054593 -0.119519 -0.068203 0.061273 -0.119416 -0.089894 0.063958 -0.121253 -0.078119 0.057001 -0.120343 -0.084482 0.058631 -0.119859 -0.071182 0.060915 -0.116630 -0.091499 0.068302 -0.064304 -0.088813 0.035857 -0.070234 -0.068430 0.044333 -0.124435 -0.099388 0.065859 -0.121609 -0.082339 0.045049 -0.120458 -0.083991 0.048152 -0.123119 -0.082429 0.045408 -0.119927 -0.085946 0.049306 -0.122173 -0.085407 0.051902 -0.122013 -0.089539 0.057403 -0.121391 -0.095631 0.050958 -0.133632 -0.109207 0.057173 -0.129815 -0.104068 0.063916 -0.127067 -0.099169 0.065685 -0.130390 -0.115829 0.045454 -0.123405 -0.123195 0.038885 -0.103198 -0.114208 0.029357 -0.126827 -0.068258 0.046123 -0.127318 -0.068073 0.048150 -0.127091 -0.070450 0.049829 -0.107309 -0.030756 0.058140 -0.129221 -0.069832 0.046125 -0.129754 -0.071317 0.045726 -0.129463 -0.073330 0.045580 -0.128324 -0.076729 0.042466 -0.127391 -0.078549 0.041889 -0.127266 -0.080315 0.043204 -0.095762 -0.117372 0.028882 -0.099895 -0.117971 0.025523 -0.097333 -0.117904 0.034046 -0.095017 -0.118331 0.032819 -0.100738 -0.120877 0.032977 -0.107348 -0.126109 0.035709 -0.109551 -0.139994 0.029422 -0.106408 -0.136819 0.031058 -0.103222 -0.128140 0.030438 -0.105766 -0.127792 0.033022 -0.117160 -0.137476 0.034497 -0.121756 -0.137234 0.041191 -0.126120 -0.134757 0.047653 -0.107200 -0.133492 0.032691 -0.126925 -0.128759 0.057189 -0.131564 -0.121558 0.060006 -0.129215 -0.116344 0.063715 -0.102337 -0.124737 0.031088 -0.049258 -0.099158 0.025413 -0.046541 -0.098129 0.025538 -0.054170 -0.104810 0.019862 -0.056200 -0.106074 0.019284 -0.063152 -0.106549 0.020164 -0.052115 -0.101802 0.022831 -0.068180 -0.105714 0.024328 -0.064612 -0.091385 0.033422 -0.042876 -0.098025 0.025327 -0.047217 -0.092943 0.026048 -0.042286 -0.097668 0.024813 -0.049541 -0.091806 0.025157 -0.049422 0.011803 0.114808 -0.059841 0.012789 0.109291 -0.069276 0.014900 0.102577 -0.124300 0.012537 0.059492 -0.090496 0.040236 0.083890 -0.122730 -0.028781 0.068885 -0.145826 -0.026312 0.058679 -0.144223 -0.031226 0.056898 -0.127402 -0.030324 0.067232 -0.131057 -0.005116 0.060370 -0.049990 -0.095560 0.013567 -0.070275 -0.103700 0.025921 -0.068748 -0.103262 0.020134 -0.058725 -0.099288 0.012651 -0.052928 -0.096798 0.013086 -0.120270 -0.029214 0.056386 -0.113722 -0.023703 0.053172 -0.109624 -0.029885 0.058438 -0.108679 -0.016051 0.055026 -0.101486 -0.006201 0.052412 -0.096455 -0.010018 0.056025 -0.096060 -0.000541 0.061055 -0.056640 0.025735 0.102518 -0.093067 0.016481 0.070130 -0.093413 0.032187 0.068782 -0.066481 0.039469 0.095339 -0.061817 0.036157 0.100784 -0.024279 -0.013605 0.118242 -0.027737 -0.023380 0.115606 -0.029588 0.008870 0.119379 -0.034464 -0.026399 0.105636 -0.032340 -0.025773 0.110428 -0.029970 -0.024630 0.114944 -0.036356 -0.029988 0.100739 -0.049677 0.025916 0.107221 -0.041150 0.031252 0.117619 -0.036789 -0.029596 0.101764 -0.036235 -0.023001 0.111100 -0.040938 -0.006662 0.115380 -0.035058 -0.019373 0.118672 -0.039818 0.007182 0.120722 -0.118572 -0.028686 0.060763 -0.122787 -0.071808 0.057134 -0.121836 -0.083572 0.056440 -0.122576 -0.081416 0.052991 -0.125360 -0.081259 0.048611 -0.124839 -0.082127 0.046598 -0.134314 -0.118600 0.052491 -0.132739 -0.111794 0.061496 -0.133257 -0.122981 0.050386 -0.128785 -0.133021 0.044202 -0.130370 -0.130278 0.046343 -0.116962 -0.129774 0.030130 -0.124652 -0.136515 0.039343 -0.109463 -0.131930 0.023293 -0.129368 -0.071403 0.047310 -0.129117 -0.073551 0.048664 -0.129602 -0.073736 0.046973 -0.129500 -0.074990 0.044679 -0.129229 -0.076140 0.046115 -0.128518 -0.078451 0.043210 -0.127920 -0.079849 0.044942 -0.091620 -0.119434 0.031277 -0.088525 -0.119177 0.025750 -0.092267 -0.122489 0.022229 -0.094787 -0.119184 0.031764 -0.095328 -0.123064 0.028574 -0.099063 -0.136504 0.026866 -0.105253 -0.140325 0.026790 -0.113390 -0.135792 0.029755 -0.109880 -0.139302 0.028077 -0.104866 -0.133786 0.030455 -0.097850 -0.129257 0.027012 -0.096757 -0.126543 0.027443 -0.131374 -0.126839 0.054003 -0.129036 -0.131398 0.047962 -0.045984 -0.100426 0.024751 -0.049437 -0.101151 0.023344 -0.043361 -0.100398 0.024384 -0.053793 -0.108895 0.015677 -0.052000 -0.107385 0.016632 -0.051531 -0.104264 0.020264 -0.056275 -0.109983 0.015154 -0.066443 -0.108602 0.018937 -0.063126 -0.109838 0.017282 -0.066302 -0.118202 0.008173 -0.070091 -0.109458 0.021885 -0.040840 -0.099448 0.022876 -0.045547 -0.095493 0.022998 -0.042360 -0.096159 0.010100 -0.046322 0.033981 0.130554 -0.038807 0.019152 0.132028 -0.044082 0.029152 0.131129 -0.050353 0.040606 0.128882 -0.058237 0.053286 0.117697 -0.053065 0.045487 0.124674 -0.068544 0.058879 0.108701 -0.079181 0.041322 0.097128 -0.107755 0.040526 0.069522 -0.123103 0.034500 0.060379 -0.136527 0.017173 0.053269 -0.088533 0.046469 0.087163 -0.090329 0.049497 0.084309 -0.095528 0.048801 0.080549 -0.106621 0.048393 0.072363 -0.140135 -0.004608 0.054365 -0.151258 -0.029996 0.051837 -0.156606 -0.012568 0.051278 -0.154934 -0.023916 0.053799 -0.155713 -0.026011 0.050616 -0.148704 0.001873 0.049137 -0.142795 -0.031321 0.053585 -0.049751 -0.097906 0.002932 -0.056265 -0.101048 0.002147 -0.072208 -0.110916 0.014131 -0.071166 -0.107582 0.023705 -0.067590 -0.113077 0.000256 -0.129016 -0.027234 0.049248 -0.140234 -0.027629 0.047620 -0.122256 -0.026916 0.051321 -0.148245 -0.030418 0.050433 -0.115571 -0.021639 0.054920 -0.113093 -0.017939 0.055625 -0.110830 -0.013211 0.056412 -0.107502 -0.007763 0.055364 -0.100348 -0.000801 0.053662 -0.103833 -0.004165 0.053934 -0.098268 0.008172 0.055833 -0.050907 0.038099 0.107804 -0.055574 0.047538 0.104293 -0.099752 0.017484 0.057667 -0.100132 0.024776 0.064100 -0.098930 0.013752 0.057131 -0.103981 0.035293 0.059077 -0.105012 0.038415 0.056099 -0.098658 0.052816 0.063442 -0.063562 0.053838 0.096190 -0.025019 -0.000012 0.122568 -0.026263 -0.017141 0.120266 -0.025157 -0.003195 0.123893 -0.031710 0.017281 0.126338 -0.034979 -0.024624 0.111085 -0.034310 -0.023311 0.116196 -0.047816 0.035135 0.110673 -0.037488 0.031918 0.122205 -0.035513 -0.022027 0.115268 -0.031582 0.002135 0.127748 -0.032123 -0.016552 0.123051 -0.128136 -0.078683 0.047158 -0.101393 -0.132645 0.019907 -0.108497 -0.139687 0.026099 -0.096516 -0.126606 0.020364 -0.128969 -0.077819 0.044954 -0.091050 -0.120211 0.029960 -0.087703 -0.120112 0.029563 -0.082022 -0.117155 0.023174 -0.088035 -0.119910 0.019039 -0.090626 -0.120498 0.028611 -0.091850 -0.123742 0.027093 -0.085083 -0.132823 0.022770 -0.093008 -0.137528 0.021696 -0.086773 -0.125231 0.023324 -0.085215 -0.124576 0.022790 -0.093751 -0.129707 0.025416 -0.092870 -0.126991 0.025785 -0.043517 -0.101576 0.023681 -0.046251 -0.102109 0.023054 -0.049645 -0.103182 0.021269 -0.041492 -0.101558 0.022788 -0.053503 -0.112574 0.010912 -0.051824 -0.110798 0.012128 -0.050124 -0.106187 0.017680 -0.057084 -0.113338 0.012088 -0.069635 -0.120083 0.000732 -0.059101 -0.119096 0.006005 -0.070361 -0.115206 0.015541 -0.070860 -0.119307 0.012576 -0.059833 -0.118530 0.007493 -0.055281 -0.115251 0.009289 -0.071164 -0.120629 0.005001 -0.072526 -0.121546 0.010410 -0.070604 -0.114076 0.017110 -0.072347 -0.111966 0.021857 -0.040322 -0.101050 0.019966 -0.041096 -0.097552 0.010360 -0.044311 -0.098141 0.003189 -0.043483 0.032184 0.131626 -0.044069 0.037709 0.130367 -0.048364 0.040186 0.129696 -0.035591 0.016733 0.131774 -0.037370 0.025140 0.128993 -0.039395 0.031173 0.129503 -0.050833 0.046805 0.124833 -0.055782 0.055935 0.115953 -0.065628 0.061249 0.107798 -0.072665 0.062972 0.102011 -0.082333 0.057859 0.095802 -0.087415 0.064031 0.089111 -0.085828 0.051803 0.090483 -0.139726 0.042112 0.052427 -0.128368 0.050888 0.058370 -0.148286 0.034355 0.047288 -0.154556 0.018849 0.047143 -0.095882 0.054076 0.080857 -0.099915 0.052680 0.077500 -0.101585 0.062770 0.076843 -0.110965 0.059038 0.070341 -0.154401 -0.027420 0.048120 -0.158144 -0.018915 0.051497 -0.158481 -0.009662 0.049688 -0.158611 -0.000655 0.048196 -0.158246 -0.022764 0.047065 -0.043253 -0.101375 0.000666 -0.074191 -0.112111 0.022787 -0.072522 -0.114192 0.009335 -0.073560 -0.113761 0.014320 -0.050940 -0.112734 0.000611 -0.061930 -0.119439 0.000440 -0.070209 -0.119625 0.000066 -0.072147 -0.118178 0.004079 -0.130089 -0.024429 0.050967 -0.126158 -0.024547 0.051962 -0.135701 -0.024539 0.050024 -0.140728 -0.024434 0.049087 -0.148744 -0.027307 0.047213 -0.123126 -0.024433 0.053023 -0.119701 -0.023365 0.054050 -0.117428 -0.018395 0.056662 -0.112826 -0.010319 0.057721 -0.101753 0.002076 0.054295 -0.102152 -0.000950 0.053770 -0.104263 0.003251 0.055180 -0.099261 0.013960 0.055281 -0.101538 0.010892 0.054902 -0.046052 0.045928 0.111256 -0.062227 0.057422 0.099366 -0.100105 0.017891 0.056038 -0.101080 0.022528 0.058349 -0.105259 0.032618 0.057614 -0.107366 0.033854 0.056561 -0.109933 0.046293 0.053370 -0.107877 0.053817 0.055928 -0.099742 0.058076 0.063349 -0.092930 0.060279 0.071008 -0.073074 0.059120 0.088229 -0.032078 0.011657 0.129647 -0.027495 -0.001498 0.125914 -0.035093 0.018437 0.131458 -0.038138 0.031129 0.128639 -0.043056 0.039934 0.115715 -0.041590 0.039605 0.127344 -0.101885 -0.138349 0.022476 -0.089806 -0.128614 0.016545 -0.087090 -0.120850 0.026978 -0.080908 -0.117795 0.025941 -0.077595 -0.114999 0.022292 -0.074857 -0.114732 0.014489 -0.079221 -0.121425 0.012167 -0.087966 -0.124051 0.025507 -0.079506 -0.128970 0.020930 -0.079586 -0.124827 0.020822 -0.081050 -0.132227 0.017731 -0.083000 -0.121558 0.023394 -0.085543 -0.122777 0.024302 -0.089367 -0.126362 0.024294 -0.078993 -0.122517 0.020777 -0.076225 -0.118656 0.020019 -0.077391 -0.116851 0.023745 -0.044810 -0.103180 0.021646 -0.042747 -0.102732 0.021858 -0.048204 -0.103725 0.020052 -0.041347 -0.102188 0.018767 -0.050172 -0.110667 0.010717 -0.049252 -0.111116 0.005146 -0.046580 -0.106827 0.014700 -0.046640 -0.104645 0.018994 -0.048465 -0.109138 0.011921 -0.062504 -0.119995 0.000969 -0.059319 -0.118762 0.001033 -0.071680 -0.116379 0.016123 -0.073234 -0.124122 0.017351 -0.074499 -0.119985 0.009960 -0.040000 -0.099483 0.009492 -0.039357 -0.102367 0.010730 -0.041065 -0.100486 0.001714 -0.045240 0.045805 0.123424 -0.053201 0.056486 0.113051 -0.057094 0.056539 0.105211 -0.084912 0.065363 0.090393 -0.081501 0.064607 0.088532 -0.070234 0.062407 0.099130 -0.091043 0.064093 0.085719 -0.132863 0.046831 0.053266 -0.139417 0.041732 0.050051 -0.126117 0.051544 0.057244 -0.121064 0.054859 0.059795 -0.113512 0.058889 0.067282 -0.156877 0.021273 0.042132 -0.148818 0.033919 0.044119 -0.157365 0.020078 0.045602 -0.160072 0.012566 0.044610 -0.160682 0.007116 0.045096 -0.110699 0.059947 0.068936 -0.103034 0.061170 0.066785 -0.091984 0.063980 0.079426 -0.096011 0.062824 0.073824 -0.153308 -0.023074 0.045219 -0.159659 -0.016695 0.046709 -0.159162 -0.010130 0.046562 -0.159363 -0.005568 0.045556 -0.155014 -0.018566 0.045807 -0.156719 -0.013333 0.046357 -0.040397 -0.104956 0.001353 -0.076592 -0.114339 0.023724 -0.131396 -0.021553 0.052662 -0.123816 -0.021677 0.054701 -0.140872 -0.020698 0.050665 -0.145106 -0.024277 0.048948 -0.149011 -0.023101 0.048900 -0.151297 -0.021262 0.047895 -0.119592 -0.009738 0.052075 -0.113740 0.002655 0.053228 -0.106043 0.008649 0.054585 -0.101826 0.019644 0.054806 -0.104143 0.014451 0.054733 -0.105609 0.011994 0.054619 -0.045930 0.047524 0.115915 -0.109363 0.030545 0.054269 -0.106857 0.027731 0.055897 -0.106376 0.030175 0.055651 -0.111172 0.034281 0.053761 -0.110282 0.034226 0.053595 -0.114295 0.045461 0.052390 -0.112021 0.035764 0.053267 -0.112441 0.038747 0.052227 -0.113424 0.042855 0.052036 -0.114377 0.049532 0.052790 -0.116145 0.051838 0.054906 -0.109172 0.058895 0.062567 -0.111962 0.057335 0.060568 -0.100711 0.059523 0.064144 -0.084166 -0.120689 0.025631 -0.076910 -0.120802 0.019840 -0.044901 -0.104669 0.018366 -0.042662 -0.103459 0.016260 -0.045395 -0.107554 0.008542 -0.129746 0.045925 0.051125 -0.123544 0.050395 0.054261 -0.140153 0.038401 0.046362 -0.135898 0.041630 0.048405 -0.118949 0.053808 0.057066 -0.150345 0.027135 0.041612 -0.146190 0.034030 0.043877 -0.159682 0.015444 0.041504 -0.153505 0.020943 0.039432 -0.162262 0.008273 0.041894 -0.162343 0.007916 0.042814 -0.161345 0.004124 0.041416 -0.152887 -0.021218 0.046344 -0.156583 -0.009005 0.044458 -0.156448 -0.005362 0.042595 -0.161600 0.001987 0.037466 -0.154592 -0.015986 0.046894 -0.154252 -0.010037 0.046564 -0.154800 -0.013697 0.048354 -0.132737 -0.011243 0.050082 -0.141911 -0.010377 0.047630 -0.125399 -0.010480 0.050650 -0.149493 -0.017393 0.050695 -0.152465 -0.018638 0.047430 -0.118783 0.002141 0.054064 -0.110797 0.009929 0.054267 -0.115562 0.017766 0.056453 -0.107650 0.022311 0.056070 -0.104138 0.017312 0.054620 -0.120437 0.017947 0.050998 -0.119232 0.045118 0.050517 -0.121807 0.040522 0.047378 -0.128495 0.037428 0.044088 -0.138453 0.028753 0.039477 -0.131783 0.015611 0.044311 -0.130580 0.041006 0.046380 -0.154435 0.016827 0.037447 -0.158244 0.011232 0.037993 -0.149040 0.012214 0.033154 -0.152542 0.012505 0.034660 -0.158269 0.008488 0.035516 -0.154038 -0.006098 0.044700 -0.152938 -0.004485 0.043957 -0.157416 0.002337 0.035582 -0.153559 -0.000221 0.039174 -0.152513 -0.002919 0.041921 -0.152851 -0.001822 0.040774 -0.156277 0.005297 0.034496 -0.152881 -0.014061 0.050351 -0.150095 -0.004165 0.045258 -0.138317 -0.006976 0.049112 -0.133967 -0.005914 0.050904 -0.138401 -0.004566 0.049382 -0.126864 0.004985 0.045813 -0.127258 0.039432 0.045005 -0.145838 0.008109 0.037156 -0.149358 0.001467 0.039222 -0.154681 0.013499 0.035714 -0.151940 0.009835 0.033904 -0.154778 0.010789 0.034672 -0.155106 0.008164 0.034093 -0.154149 0.002518 0.036585 -0.142308 -0.003507 0.048094</float_array>
          <technique_common>
            <accessor source="#mesh_0-positions-array" count="845" stride="3">
              <param name="X" type="float"/>
              <param name="Y" type="float"/>
              <param name="Z" type="float"/>
            </accessor>
          </technique_common>
        </source>
        <source id="mesh_0-normals">
          <float_array id="mesh_0-normals-array" count="2535">0.038055 -0.727406 0.685151 -0.044306 -0.894777 0.444311 0.282007 -0.793726 0.538953 0.302126 -0.525118 0.795595 -0.102909 -0.635980 0.764813 0.264931 -0.925141 0.271894 -0.412206 -0.867535 0.278333 -0.060364 -0.995373 0.074763 0.591386 -0.570701 0.569704 0.554473 -0.760050 0.338945 0.185125 -0.244765 0.951745 0.702529 -0.099664 0.704642 -0.424412 -0.671968 0.606905 -0.461942 -0.451821 0.763195 -0.185828 -0.293155 0.937832 0.522065 -0.847497 0.095900 0.296120 -0.954434 -0.036998 -0.668333 -0.567510 0.480899 -0.696428 -0.671863 0.252166 -0.532544 -0.817274 0.220137 -0.181755 -0.971138 0.154457 -0.312267 -0.919420 0.239073 0.095629 -0.994331 0.046487 0.874392 -0.305341 0.377101 0.772833 -0.625265 0.108497 0.311239 -0.093119 0.945758 -0.279519 -0.068978 0.957659 0.859363 0.350492 0.372358 -0.606785 -0.073080 0.791500 -0.740129 -0.335434 0.582833 0.298082 -0.918371 0.260272 0.277819 -0.960385 -0.021847 -0.619896 -0.567461 0.541956 -0.495918 -0.757539 0.424500 0.109687 -0.818968 0.563258 -0.069660 -0.920395 0.384735 0.139952 -0.791166 0.595373 0.209696 -0.787509 0.579532 0.184391 -0.894140 0.408061 0.984297 -0.044914 0.170708 0.623451 -0.696989 0.354280 -0.512447 0.028959 0.858230 -0.466272 -0.672714 0.574497 -0.503386 -0.302519 0.809373 0.865852 -0.024297 0.499710 0.044164 -0.907326 0.418101 0.612940 -0.762184 0.208279 0.829238 0.157138 0.536351 0.929213 0.107125 0.353677 0.732797 -0.023538 0.680040 -0.439742 -0.329359 0.835553 -0.567919 -0.370020 0.735224 -0.574294 -0.313000 0.756450 -0.421645 -0.328933 0.844996 -0.614246 -0.397599 0.681628 0.151167 -0.840199 0.520783 -0.428752 -0.394533 0.812722 -0.494209 -0.523706 0.693894 0.597191 -0.574523 0.559720 0.012508 -0.548480 0.836070 0.447679 -0.653916 0.609900 0.691383 -0.673505 0.261496 0.240870 -0.719204 0.651711 0.292222 -0.533780 0.793527 0.148341 -0.259905 0.954172 0.244896 -0.583273 0.774479 0.102101 -0.407793 0.907348 0.974543 -0.095326 0.202926 -0.021205 -0.723174 0.690340 -0.566896 -0.372116 0.734955 -0.373698 -0.771035 0.515611 -0.229914 -0.969315 0.086999 0.324747 -0.929593 0.174345 0.131185 -0.924487 0.357931 -0.020520 -0.990938 -0.132746 0.430700 -0.893106 -0.129843 0.270322 -0.961398 0.051388 0.121227 -0.990220 0.069053 0.601790 -0.210963 0.770287 0.349856 -0.440349 0.826858 0.692822 -0.387153 0.608367 0.138079 -0.617446 0.774399 0.069929 -0.622523 0.779471 0.354739 -0.477717 0.803708 0.326506 -0.418325 0.847584 -0.297017 -0.444992 0.844845 -0.302105 -0.800213 0.518065 -0.243421 -0.718189 0.651882 -0.192221 -0.064520 0.979228 -0.335271 -0.162051 0.928080 -0.725794 -0.133141 0.674904 -0.619058 0.114433 0.776963 -0.667244 -0.442806 0.598922 -0.672348 -0.132193 0.728336 -0.707475 -0.289431 0.644755 0.863168 -0.165279 0.477099 0.972575 -0.201239 -0.116621 0.984085 0.135128 0.115399 0.348150 -0.756055 0.554232 0.462813 -0.882732 -0.081163 0.699867 -0.594916 -0.395298 0.352449 -0.894101 0.276339 0.239174 -0.288901 0.927002 0.265673 -0.248290 0.931542 -0.022965 0.195927 0.980350 -0.140915 0.275338 0.950963 0.099037 0.057953 0.993395 0.110942 -0.474492 0.873241 0.051922 -0.307222 0.950220 0.164287 -0.345838 0.923800 -0.589369 -0.556274 0.585835 -0.693430 -0.465241 0.550187 -0.552571 -0.558369 0.618781 -0.049191 -0.994887 0.088202 0.204337 -0.739478 -0.641420 0.246149 -0.513229 -0.822196 -0.090651 -0.992830 -0.077914 0.007174 -0.981026 0.193744 -0.079561 -0.877744 0.472477 -0.421099 -0.812849 0.402432 0.217085 -0.156718 -0.963490 0.684776 -0.708234 -0.171717 0.402674 -0.292115 -0.867481 0.538032 -0.812489 0.224463 0.408851 -0.834467 0.369468 -0.306725 -0.668825 0.677194 -0.527868 -0.606051 0.595027 0.591044 -0.646106 0.482923 0.126280 -0.949296 0.287908 0.902277 -0.228707 0.365499 -0.433459 0.305520 0.847804 -0.323287 0.348500 0.879792 -0.515317 0.222790 0.827534 -0.764138 -0.330246 0.554104 -0.731511 -0.265372 0.628068 -0.786357 -0.211110 0.580581 -0.663179 0.024710 0.748053 0.972005 0.234231 -0.018513 0.966426 0.165669 -0.196407 0.900646 -0.011642 -0.434397 0.879110 0.461565 -0.118845 0.869880 0.444698 -0.213431 0.433290 -0.556500 0.708920 0.244066 -0.791576 0.560214 0.319606 -0.947406 -0.016521 0.733938 -0.107572 -0.670644 0.609238 -0.349603 -0.711763 0.007447 -0.148853 0.988831 -0.021944 0.042026 0.998875 -0.204197 0.132110 0.969975 -0.387741 0.250148 0.887177 -0.029090 -0.171423 0.984768 0.118117 -0.455024 0.882610 -0.739377 -0.450590 0.500290 -0.771938 -0.415673 0.480964 -0.797417 -0.095825 0.595771 -0.869258 -0.080019 0.487840 -0.718056 -0.438848 0.540192 -0.588602 -0.491465 0.641881 -0.007017 -0.838715 -0.544526 0.054477 -0.074597 -0.995725 -0.007161 0.208870 -0.977917 -0.634423 -0.661484 0.399934 -0.396043 -0.621695 0.675755 0.470059 -0.445004 0.762244 0.693090 -0.610809 0.382805 -0.041149 0.266507 -0.962954 -0.065184 0.295722 -0.953047 0.583425 -0.141218 -0.799796 0.898820 -0.434121 -0.060510 0.766530 -0.556579 0.320393 0.743236 -0.636704 0.205445 -0.082247 -0.995809 -0.039987 0.135477 -0.990778 0.002314 0.933246 -0.356764 0.042085 0.975110 0.191647 -0.111501 -0.356631 0.351224 0.865711 -0.501139 0.200677 0.841777 -0.740803 0.140078 0.656954 0.344081 0.588066 -0.731974 0.473741 0.568002 -0.673010 0.925607 0.272782 -0.262376 0.852465 0.110009 -0.511079 0.721512 0.607152 -0.332845 0.786925 0.588371 -0.185928 0.595632 0.669919 -0.443204 0.569336 0.577402 -0.585204 0.803254 0.417729 -0.424599 0.188256 -0.870420 0.454894 0.538071 -0.834577 -0.118151 0.523947 -0.849053 0.067740 0.689355 0.224809 -0.688659 0.508646 0.275362 -0.815754 0.711141 -0.013850 -0.702913 0.484707 0.295976 -0.823078 0.631381 -0.594322 -0.498136 -0.050768 -0.359666 0.931699 -0.108971 -0.302627 0.946859 -0.041840 -0.282881 0.958242 -0.122214 -0.255135 0.959151 -0.441239 0.039082 0.896538 -0.459988 0.143604 0.876235 -0.062331 -0.464424 0.883417 0.320033 -0.785581 0.529568 0.017160 -0.464398 0.885460 -0.738002 -0.267730 0.619414 -0.667236 -0.004746 0.744831 -0.865419 -0.007681 0.500990 -0.946412 0.265351 0.184101 -0.727618 -0.220449 0.649595 -0.777068 0.025308 0.628908 -0.571656 -0.370089 0.732287 -0.582739 -0.272557 0.765590 0.037978 -0.161843 0.986085 -0.401031 -0.650385 -0.645115 -0.163172 -0.953746 -0.252473 -0.417255 -0.228618 -0.879563 -0.351313 0.007416 -0.936229 -0.281447 0.092426 -0.955115 -0.076987 0.283957 -0.955741 -0.193400 0.253676 -0.947758 0.595597 -0.223058 0.771692 0.660466 -0.548284 0.513000 -0.484956 0.076276 -0.871206 -0.130042 0.197979 -0.971542 -0.612278 0.086076 -0.785943 -0.664116 0.306459 -0.681933 -0.091343 0.353967 -0.930786 -0.342227 0.683677 -0.644566 -0.595200 0.459987 -0.658899 -0.423898 0.247109 -0.871348 0.224396 0.211522 -0.951265 -0.047121 0.225937 -0.973002 0.680600 0.251592 -0.688103 0.989617 -0.076002 0.121996 0.785836 -0.479644 0.390389 0.653366 -0.464983 0.597414 0.757329 -0.414370 0.504727 0.673479 -0.556934 0.486056 0.510286 -0.518293 0.686280 0.631277 -0.755813 0.173885 -0.668537 -0.709884 -0.221637 -0.285513 -0.825780 0.486385 0.923700 -0.347324 0.161690 0.908497 0.185607 0.374411 0.624402 0.587137 -0.515163 -0.477730 0.060308 0.876434 -0.502881 -0.037162 0.863557 -0.448175 0.095092 0.888874 -0.088917 0.645202 -0.758821 -0.420370 0.503035 -0.755145 -0.546926 0.639142 -0.540712 0.172403 0.419155 -0.891396 -0.176205 0.409126 -0.895303 0.301882 0.453809 -0.838406 0.107940 0.383604 -0.917168 0.143745 0.358092 -0.922555 0.598829 0.375078 -0.707616 0.698267 0.425843 -0.575397 0.793351 -0.591295 -0.144793 0.534979 0.353111 -0.767536 0.880157 0.084059 -0.467181 0.798149 0.239350 -0.552874 -0.006293 -0.423331 0.905953 -0.036091 -0.373761 0.926822 -0.042302 -0.575522 0.816691 -0.202809 -0.269523 0.941396 -0.308422 0.030969 0.950745 -0.081041 -0.352125 0.932438 -0.010690 -0.482860 0.875632 0.265289 -0.675513 0.687971 -0.655330 -0.724325 0.214232 -0.459774 -0.721573 0.517629 -0.440890 -0.583677 0.681864 -0.995739 -0.082998 -0.040195 -0.841717 0.169192 0.512724 -0.970860 0.216733 0.102262 -0.811774 0.359660 -0.460074 -0.794897 0.123715 -0.593997 -0.559824 -0.010601 0.828544 -0.563097 -0.234204 0.792509 -0.653335 -0.015749 0.756905 -0.184890 0.309964 0.932597 0.408442 0.044197 0.911714 0.281515 0.211633 0.935928 -0.845416 -0.256651 -0.468404 -0.517442 0.022882 -0.855412 -0.350920 0.196214 -0.915617 -0.064713 0.304264 -0.950387 -0.197312 0.328451 -0.923682 0.293646 -0.397592 0.869306 0.172257 -0.137744 0.975374 -0.375623 -0.273347 -0.885545 -0.618593 -0.280364 -0.733988 -0.773620 -0.127235 -0.620744 0.063789 -0.095952 -0.993340 -0.772233 0.246128 -0.585728 -0.684440 0.589866 -0.428484 -0.796859 0.351442 -0.491431 -0.536344 0.389149 -0.748931 -0.340282 0.588496 -0.733404 -0.008007 0.517272 -0.855783 -0.047833 0.713728 -0.698788 -0.661801 0.729798 0.171506 -0.859430 0.511190 0.008088 -0.891331 0.405073 -0.203579 -0.549025 -0.054396 -0.834034 -0.244644 0.066107 -0.967357 -0.151712 0.420198 -0.894660 -0.176997 0.214629 -0.960524 0.151031 -0.509180 -0.847305 -0.035210 0.206292 -0.977857 -0.063871 0.253361 -0.965261 0.562230 0.641129 -0.522351 0.842168 0.211519 0.495997 0.566778 -0.505432 0.650616 0.780301 -0.431525 0.452677 0.746941 -0.428590 0.508321 0.589073 -0.549857 0.592157 0.279754 -0.803864 0.524919 0.012405 -0.627740 0.778324 -0.002285 -0.357203 0.934024 0.251827 -0.116580 0.960725 0.131748 -0.288576 0.948349 0.622462 -0.489726 0.610499 0.524097 -0.664096 0.533197 0.246789 -0.705375 0.664486 0.736117 -0.412061 0.536971 -0.854573 -0.439243 0.277075 0.098393 -0.712206 0.695040 0.059927 -0.632600 0.772157 -0.312166 -0.510557 0.801177 -0.558965 -0.512180 0.652097 0.440976 -0.324709 0.836722 0.737279 0.411057 0.536144 0.539384 0.751226 -0.380425 -0.458241 -0.198260 0.866434 -0.597056 -0.125519 0.792319 -0.577191 0.002875 0.816604 -0.490715 0.152926 0.857795 -0.353532 -0.258270 0.899062 -0.017145 0.751468 -0.659547 -0.232267 0.630908 -0.740275 -0.952493 0.082677 -0.293124 -0.810478 -0.089412 0.578904 -0.477715 0.257624 -0.839892 -0.276737 0.405547 -0.871176 -0.909704 0.397414 0.120422 -0.351495 0.725279 -0.591965 -0.860603 0.507526 -0.042181 -0.148923 0.342356 -0.927693 -0.167645 0.398939 -0.901523 -0.049775 -0.257171 -0.965083 0.483250 0.121896 -0.866955 0.553997 0.256200 -0.792116 0.692317 0.121860 -0.711230 0.629126 0.145018 -0.763656 0.601136 -0.509609 0.615577 0.989979 -0.109530 -0.089135 0.721749 0.160659 -0.673251 0.785100 -0.069294 -0.615481 0.616194 -0.753558 -0.229034 0.932794 -0.298568 -0.201874 0.949691 -0.113578 -0.291869 0.595278 0.248100 -0.764258 0.906832 -0.385192 0.171126 0.680063 -0.425449 0.597082 0.119743 -0.658037 0.743404 -0.492751 -0.331252 0.804654 -0.197454 -0.787420 0.583936 -0.137975 -0.976638 0.164748 -0.738068 -0.266452 -0.619886 -0.480813 -0.765672 -0.427277 -0.815693 0.326537 0.477512 -0.758836 0.135868 0.636952 -0.641762 0.524806 0.559214 -0.741481 -0.149406 0.654129 -0.786119 0.172719 0.593452 -0.634178 -0.149794 0.758538 -0.164005 0.292846 0.941989 -0.888063 -0.353504 0.293903 -0.237314 0.358551 -0.902842 -0.105138 -0.269227 0.957321 0.019077 -0.482421 -0.875732 -0.445948 -0.717927 -0.534520 -0.198488 -0.863029 -0.464524 -0.681240 -0.421949 -0.598223 -0.859780 -0.482687 -0.166707 -0.971245 0.232829 -0.049745 -0.832240 0.252586 -0.493536 -0.870250 0.462938 -0.168386 -0.585979 0.280368 0.760278 -0.660204 0.261599 0.704057 -0.644352 0.363822 -0.672640 -0.561493 0.353343 -0.748247 -0.314035 0.545563 -0.777009 -0.336300 0.797403 -0.501050 -0.720108 0.638041 0.272670 -0.774885 0.321624 0.544161 -0.439008 -0.355947 -0.824969 -0.746606 0.581351 -0.323435 -0.925723 0.138709 -0.351847 -0.862601 0.168149 -0.477122 -0.758672 0.077511 -0.646845 -0.452241 -0.342738 -0.823413 -0.495033 -0.760689 -0.419875 0.403283 0.895474 -0.188387 0.042282 0.680711 -0.731331 0.337184 -0.560801 0.756181 0.580831 -0.065009 0.811424 0.385146 -0.598464 0.702498 0.711137 -0.357841 0.605172 -0.072577 -0.956614 0.282173 0.528862 -0.389123 0.754247 0.585278 -0.245023 0.772925 0.669494 -0.336861 0.662044 -0.309982 -0.911417 -0.270612 -0.011690 -0.962016 0.272742 -0.387201 -0.850202 0.356696 0.653808 -0.191039 0.732147 -0.420827 -0.706579 0.568903 -0.679561 -0.407955 0.609729 -0.363988 -0.117005 0.924025 0.497083 -0.413252 0.762975 0.053390 -0.658238 0.750915 0.137411 -0.481527 0.865592 0.135898 -0.709301 0.691682 0.177172 -0.693473 0.698359 0.219274 -0.683000 0.696728 0.048090 -0.720675 0.691604 0.251152 -0.589121 0.768023 -0.786847 -0.310287 0.533473 0.452685 -0.232131 0.860925 0.649295 0.738490 -0.181793 0.794284 0.539679 0.279033 0.377141 0.854940 -0.356149 -0.591390 -0.350002 0.726469 -0.569507 -0.283993 0.771369 -0.700226 -0.111470 0.705166 -0.520341 0.107120 0.847213 -0.678080 -0.046859 0.733493 0.021196 -0.704823 0.709066 -0.504767 -0.087850 0.858774 -0.371979 -0.768020 0.521322 -0.043914 -0.925856 0.375317 -0.498303 0.229739 0.836011 -0.185385 0.927145 -0.325630 -0.755485 -0.045537 0.653581 -0.678408 0.610762 -0.408328 -0.541047 0.762358 -0.355077 -0.336440 0.882752 -0.327958 0.118221 -0.909591 -0.398331 0.012435 0.025765 -0.999591 -0.195345 -0.865702 -0.460869 -0.186890 0.079898 -0.979126 -0.014023 0.101664 -0.994720 0.776011 0.155948 -0.611135 0.849117 0.133228 -0.511126 0.538459 0.168019 -0.825731 0.803923 0.147124 -0.576248 0.654351 -0.104106 -0.748990 0.702928 -0.049169 -0.709559 0.624462 0.008484 -0.781009 0.981780 -0.040625 -0.185628 0.880284 -0.464361 -0.097306 0.802257 0.314598 -0.507357 0.139790 -0.917360 0.372705 -0.066665 -0.974696 0.213361 0.098166 -0.901546 0.421401 0.694337 -0.654471 0.299273 0.650769 0.179370 -0.737785 0.759598 0.239291 -0.604774 0.484891 -0.723616 0.491183 -0.640729 -0.619281 0.453825 -0.671997 -0.184009 0.717329 -0.755668 -0.326150 0.567971 -0.652820 -0.335449 0.679190 -0.052763 -0.995598 -0.077460 -0.811045 -0.039061 0.583678 -0.943044 0.026900 0.331578 -0.920985 -0.146689 0.360928 -0.797572 -0.460480 0.389664 -0.510020 -0.851229 -0.123646 -0.996024 -0.089072 -0.001632 -0.868823 -0.036109 0.493804 -0.953640 -0.276240 -0.119422 -0.818150 -0.490542 -0.299999 -0.902451 -0.422299 -0.085123 -0.673559 -0.036261 -0.738244 -0.682938 -0.557018 -0.472574 -0.520807 0.162033 -0.838156 -0.887149 0.237030 0.395958 -0.876933 0.016003 0.480347 -0.982943 -0.109454 0.147796 -0.973154 -0.031997 -0.227919 -0.975104 -0.183701 0.124203 -0.874359 -0.336914 -0.349265 -0.777888 -0.625641 0.058858 0.428920 0.125688 0.894556 -0.023131 0.997171 -0.071526 -0.310291 0.808487 -0.500069 0.124028 -0.802246 0.583968 0.335062 -0.531250 0.778143 0.406674 -0.332863 0.850775 0.059560 -0.992859 0.103360 -0.705631 -0.465566 -0.534166 -0.526758 -0.815509 -0.239733 0.569480 -0.143588 0.809367 0.419006 -0.193938 0.887030 0.379369 -0.359378 0.852600 -0.814506 -0.519465 0.258334 -0.803266 -0.570429 0.171392 0.005309 -0.554059 0.832460 -0.050362 -0.711800 0.700574 0.311282 -0.398048 0.862937 0.249986 -0.726057 0.640584 0.178421 -0.752326 0.634170 0.069562 -0.740884 0.668021 0.188960 -0.712476 0.675776 0.294043 -0.715029 0.634249 0.145131 -0.701905 0.697328 0.328284 -0.792662 0.513729 0.474461 -0.588285 0.654834 0.889081 0.091781 0.448453 0.660032 0.737021 -0.145457 0.462241 0.879644 -0.112071 -0.457993 -0.119460 0.880892 -0.165190 -0.152046 0.974471 -0.581657 -0.205421 0.787069 -0.557672 0.088063 0.825377 -0.455399 0.425532 0.782007 -0.620490 0.269290 0.736529 -0.594474 0.276099 0.755228 -0.726981 -0.092868 0.680349 -0.557509 -0.086667 0.825635 -0.471688 -0.067694 0.879163 -0.427839 0.061546 0.901757 -0.793129 -0.025101 0.608536 -0.716823 -0.040602 0.696072 -0.593148 -0.054270 0.803262 -0.561070 -0.094935 0.822307 -0.466245 0.205107 0.860550 -0.466497 -0.862318 0.196946 -0.387037 0.178274 0.904666 -0.606008 -0.207307 0.767970 -0.746675 -0.560899 0.357588 -0.278364 0.164416 0.946299 0.014388 -0.996293 -0.084818 -0.087650 0.847202 -0.523991 -0.373720 0.759897 -0.531874 -0.825098 0.518011 -0.225561 -0.209538 -0.272477 0.939069 -0.493998 0.395611 -0.774246 0.222060 0.096650 -0.970231 0.130211 -0.263977 -0.955699 0.179908 0.270600 -0.945732 -0.044098 -0.878631 -0.475461 -0.168432 0.460728 -0.871413 -0.250062 0.322658 -0.912886 -0.342328 0.185314 -0.921125 -0.449582 0.103278 -0.887249 0.311694 0.145000 -0.939054 -0.368119 0.142132 -0.918851 0.592699 0.106601 -0.798338 0.635123 0.032018 -0.771747 0.635961 0.005914 -0.771698 0.923534 0.281656 -0.260298 0.822030 0.147072 -0.550123 0.929911 0.213617 -0.299389 0.721272 -0.208386 -0.660561 0.585614 -0.135577 -0.799171 0.686714 0.071270 -0.723426 0.702874 0.103435 -0.703754 0.969841 0.228062 0.085994 0.481852 -0.481409 0.732164 0.816391 -0.049999 0.575331 0.939499 0.332972 0.080441 -0.554283 -0.786754 0.271639 -0.382516 -0.715870 0.584134 0.735228 0.032207 -0.677054 0.902798 0.288205 -0.319207 -0.856130 -0.424875 0.294148 -0.332006 -0.264867 0.905327 -0.109619 -0.451197 0.885667 -0.847344 -0.383309 0.367537 -0.326080 -0.076839 -0.942214 -0.398211 -0.715747 -0.573702 -0.486452 0.584352 -0.649536 -0.945009 -0.324878 0.037592 -0.010822 -0.932114 0.362004 0.228856 -0.324462 0.917796 -0.348347 0.930333 0.114606 -0.573822 0.735529 -0.360175 0.148136 -0.824189 0.546596 0.299547 -0.455011 0.838592 0.447325 -0.427083 0.785811 0.178991 -0.922875 -0.340974 0.439651 -0.339346 0.831595 0.380121 -0.222662 0.897736 0.374708 -0.182791 0.908945 0.357361 -0.379133 0.853552 0.144893 -0.699282 0.700008 -0.062006 -0.778823 0.624172 0.054592 -0.778295 0.625521 0.614496 -0.601596 0.510370 0.427502 -0.747088 0.509021 0.324946 -0.785714 0.526368 0.189844 -0.772473 0.606007 0.229330 -0.701264 0.675008 -0.200282 -0.975168 -0.094526 0.256924 -0.945545 0.199837 0.631825 -0.554070 0.542036 0.775087 -0.569596 0.273498 0.149665 -0.795515 0.587159 0.482338 -0.774866 0.408575 -0.320927 -0.905906 -0.276296 0.177049 -0.911808 -0.370486 0.651890 -0.567232 0.503278 0.602485 -0.472392 0.643318 0.978826 0.153690 0.135200 0.791487 0.599425 -0.119322 0.399763 0.767202 -0.501588 0.133916 0.151470 0.979348 0.210916 0.400952 0.891488 -0.030913 0.417245 0.908268 0.165850 0.031504 0.985648 0.129875 0.209921 0.969054 0.564663 0.236765 0.790632 -0.087637 0.614684 0.783890 0.104009 0.785378 0.610216 0.033596 0.920247 0.389893 -0.050508 0.945396 0.321987 -0.744602 -0.000090 0.667509 -0.678602 0.207671 0.704537 -0.791247 -0.032432 0.610636 -0.697781 0.533691 0.477782 -0.666402 0.643153 0.377178 -0.729043 0.502473 0.464777 -0.397755 0.101948 0.911810 -0.615535 -0.088341 0.783142 -0.607470 -0.055770 0.792382 -0.550585 0.658292 0.513329 -0.619680 0.440461 0.649608 -0.430470 -0.747815 -0.505438 -0.829142 -0.106025 0.548892 -0.875565 0.074512 0.477320 -0.603867 0.101201 0.790635 -0.709481 -0.337483 -0.618662 0.077713 0.296174 -0.951967 -0.514864 0.631019 0.580284 -0.797212 0.522075 -0.303137 -0.769002 0.608992 -0.194332 0.432580 -0.577404 -0.692444 0.164524 -0.441935 -0.881831 -0.352547 -0.538675 -0.765206 -0.919255 -0.060955 -0.388914 0.182804 0.563125 -0.805899 0.230314 0.573989 -0.785806 0.156382 0.480651 -0.862855 0.099752 0.419293 -0.902354 0.189760 -0.006148 -0.981811 0.141627 0.536766 -0.831759 0.019863 0.534324 -0.845046 0.159378 0.209155 -0.964807 -0.148102 0.072598 -0.986304 -0.211887 0.200311 -0.956545 -0.292160 0.152620 -0.944113 0.038135 -0.029066 -0.998850 0.772164 0.187100 -0.607253 0.158710 -0.006403 -0.987305 0.804688 0.216348 -0.552874 0.655756 0.507640 -0.558825 0.753010 0.258060 -0.605294 0.886412 0.328236 -0.326397 0.717484 0.118521 -0.686418 0.500661 0.152202 -0.852158 0.414044 0.014352 -0.910144 0.292205 0.457157 -0.840014 0.446267 0.484617 -0.752324 0.497071 0.634545 -0.591838 0.621939 0.502254 -0.600777 0.651574 0.049307 0.756981 0.418981 -0.192511 0.887352 0.305776 0.203306 0.930144 0.667601 0.337755 0.663499 0.888231 0.210748 -0.408204 0.815949 0.459646 0.350646 -0.138285 -0.648242 -0.748772 -0.253912 -0.165441 -0.952973 0.334543 -0.657612 0.675002 0.183358 0.261768 0.947553 -0.533365 0.792665 0.295303 -0.665794 0.624937 -0.407642 -0.390445 0.008300 -0.920589 0.438472 -0.558794 0.703912 0.543713 -0.298026 0.784574 0.348195 -0.021552 0.937174 0.481037 -0.811911 -0.330764 0.458460 -0.554681 0.694365 0.537646 -0.609448 0.582675 0.478753 -0.472791 0.739773 0.425467 -0.116175 0.897486 0.620184 -0.399589 0.675056 0.499075 -0.390358 0.773657 0.031467 -0.856194 0.515695 0.398169 -0.852616 0.338390 0.061987 -0.822233 0.565766 0.601969 -0.785374 0.144294 0.518547 -0.808992 0.276843 0.596642 -0.787617 0.153875 0.475262 -0.821167 0.315928 0.118835 -0.853586 0.507217 0.520523 -0.799741 0.299116 0.165503 -0.916549 -0.364069 0.505245 -0.806584 -0.306838 0.735150 -0.368456 0.569030 0.806659 -0.353139 0.473914 -0.734471 -0.254364 -0.629168 0.867877 0.483128 -0.115655 0.926883 -0.372015 0.049932 0.716920 0.461200 -0.522800 0.489456 0.706543 0.511107 0.564522 0.821988 0.075171 0.590365 0.758891 -0.274869 -0.257111 0.926367 0.275206 0.338403 0.900103 -0.274404 0.405941 0.901133 -0.152219 -0.436016 0.819021 0.372955 -0.378078 0.819286 -0.431077 -0.413435 0.799747 -0.435288 -0.334790 0.839739 -0.427498 -0.315359 0.877973 -0.360156 -0.428094 0.903435 0.023240 -0.710698 0.512399 -0.482033 -0.459911 0.687437 -0.562061 -0.816312 0.340547 0.466543 -0.824171 0.253225 0.506576 -0.806045 -0.019559 0.591531 -0.362665 0.930738 0.046907 0.007120 0.949876 -0.312545 0.055372 0.978570 -0.198330 0.109296 0.947436 -0.300699 0.222040 -0.016132 -0.974904 -0.920246 -0.057235 -0.387133 -0.814329 -0.121758 -0.567489 -0.967971 -0.224234 -0.112920 0.212128 0.182465 -0.960056 0.203939 -0.076328 -0.976004 0.759173 -0.579552 -0.296270 0.084673 0.257606 0.962533 0.222837 0.159876 -0.961656 0.243214 0.146623 -0.958827 0.109472 0.195781 -0.974518 0.080412 0.386866 -0.918623 0.311466 0.335941 -0.888894 0.642941 0.266644 -0.718003 0.348379 -0.138559 -0.927056 0.096221 0.013290 -0.995271 0.108639 -0.001754 -0.994080 0.318037 0.161507 -0.934220 0.080696 -0.015230 -0.996622 0.067971 0.003626 -0.997681 0.832345 0.538927 -0.129454 0.546369 -0.018609 -0.837338 0.227016 -0.021313 -0.973658 0.520757 -0.060232 -0.851578 0.333827 0.261068 -0.905761 0.332577 0.410727 -0.848938 0.299585 0.226509 -0.926792 0.499209 -0.118434 -0.858349 0.494242 -0.061346 -0.867157 0.351380 0.140003 -0.925706 0.110299 0.430303 -0.895920 -0.062708 0.693628 -0.717598 -0.073841 0.870517 -0.486568 -0.146416 0.848205 -0.509030 0.220619 0.767728 -0.601599 0.512090 -0.584716 0.629183 0.532912 -0.108061 0.839243 0.328778 -0.887390 0.323176 0.575335 -0.802398 0.158579 0.605631 -0.776224 0.175177 -0.149821 0.705010 -0.693192 -0.156245 0.714036 -0.682451 -0.159925 0.665101 -0.729427 -0.222596 0.652619 -0.724251 -0.142324 0.778667 -0.611082 -0.375238 0.479220 -0.793438 -0.196400 0.498346 -0.844440 -0.844176 0.394838 -0.362587 -0.390836 0.452010 -0.801832 -0.922304 0.295945 -0.248541 -0.959129 -0.040826 0.280008 -0.931636 -0.238797 0.273915 0.603140 0.256569 -0.755245 -0.030184 -0.402280 -0.915019 0.088899 -0.663686 -0.742710 -0.820957 -0.278293 -0.498580 0.614718 0.349906 -0.706886 0.520336 -0.420395 -0.743316 0.721779 0.008298 -0.692074 0.227743 -0.014053 -0.973620 0.098129 -0.185483 -0.977736 0.151692 -0.018712 -0.988251 0.311492 0.135719 -0.940507 0.636454 0.312610 -0.705125 0.299005 0.000717 -0.954251 0.007192 0.074995 -0.997158 0.147799 -0.025863 -0.988679 -0.129637 0.087527 -0.987691 -0.041084 0.096652 -0.994470 0.497432 -0.063946 -0.865143 0.129429 0.506480 -0.852482 0.386655 0.226204 -0.894052 0.126107 0.305281 -0.943875 0.191111 0.207960 -0.959286 0.488253 -0.120779 -0.864304 -0.115948 0.599827 -0.791684 -0.478155 0.436810 -0.761948 -0.703793 0.386842 -0.595843 -0.001742 0.088414 -0.996082 -0.265700 0.356840 -0.895583 -0.593414 0.270747 -0.757995 0.439396 -0.484260 -0.756587 0.384546 -0.690207 -0.612975 0.033603 -0.543647 -0.838641 0.257222 -0.629996 -0.732763 0.351990 -0.709757 -0.610204 0.270600 -0.637191 -0.721639 -0.065982 -0.225273 -0.972059 0.482366 -0.045278 -0.874799 0.341877 -0.473272 -0.811871 0.304242 0.108270 -0.946422 0.247620 -0.107788 -0.962843 0.268313 -0.113235 -0.956653 0.387715 -0.349882 -0.852795 0.138806 0.462686 -0.875588 0.419561 -0.383558 -0.822710 0.354699 -0.571649 -0.739869 -0.461457 0.420843 -0.780992 -0.050908 -0.112653 -0.992329 -0.290255 0.281862 -0.914498 -0.090631 -0.068604 -0.993519 0.300226 -0.510344 -0.805862 0.308339 -0.372990 -0.875103</float_array>
          <technique_common>
            <accessor source="#mesh_0-normals-array" count="845" stride="3">
              <param name="X" type="float"/>
              <param name="Y" type="float"/>
              <param name="Z" type="float"/>
            </accessor>
          </technique_common>
        </source>
        <vertices id="mesh_0-vertices">
           <input semantic="POSITION" source="#mesh_0-positions"/>
        </vertices>
        <triangles count="1690">
            <input semantic="VERTEX" source="#mesh_0-vertices" offset="0" />
            <input semantic="NORMAL" source="#mesh_0-normals" offset="0" />
          <p>0 1 2 3 0 2 4 1 0 0 3 4 1 5 2 6 7 1 5 1 7 4 6 1 3 2 8 8 2 9 9 2 5 10 3 11 3 8 11 10 4 3 6 4 12 13 12 4 14 13 4 14 4 10 9 5 15 5 16 15 16 5 7 12 17 6 18 19 6 18 6 17 6 20 7 19 21 6 20 6 21 22 7 20 22 16 7 8 23 11 8 9 23 23 9 24 24 9 15 25 26 10 26 14 10 11 25 10 27 11 23 25 11 27 12 13 17 13 14 28 17 13 29 13 28 29 28 14 26 15 30 24 16 30 15 22 31 16 16 31 30 17 29 32 32 18 17 33 18 32 18 33 19 19 34 21 19 33 34 21 35 20 20 36 22 35 36 20 37 35 21 37 21 34 22 38 31 36 38 22 27 23 39 23 24 39 24 30 40 39 24 40 41 26 25 25 42 43 25 27 44 43 41 25 45 25 46 44 46 25 25 45 42 41 28 26 47 27 48 49 44 27 39 48 27 49 27 47 29 28 50 41 51 28 51 52 28 52 53 28 53 50 28 54 32 29 50 54 29 31 55 30 30 55 56 56 57 30 40 30 57 55 31 38 32 58 33 59 58 32 32 54 59 58 34 33 34 60 37 61 60 34 58 61 34 35 62 36 62 35 37 63 64 36 38 36 64 36 62 65 36 65 63 37 65 62 60 65 37 64 66 38 38 66 55 39 67 48 67 39 40 68 67 40 57 68 40 41 43 69 69 51 41 70 69 42 43 42 69 42 71 70 45 71 42 46 44 72 72 44 73 49 73 44 74 45 75 75 45 76 76 45 46 45 74 71 72 77 46 76 46 77 47 78 49 48 79 47 79 78 47 80 48 67 79 48 80 81 73 49 81 49 78 50 53 82 83 84 50 84 85 50 54 50 85 82 83 50 86 87 51 52 51 87 86 51 70 51 69 70 87 53 52 82 53 87 54 85 59 55 66 88 89 56 55 88 89 55 56 90 57 91 90 56 56 89 91 92 68 57 90 93 57 57 94 92 94 57 93 95 58 59 61 58 96 58 95 97 97 96 58 84 59 85 59 84 95 60 98 65 98 60 61 99 61 100 101 98 61 101 61 99 100 61 96 63 65 102 103 64 63 102 103 63 104 105 64 66 64 105 106 104 64 106 64 103 65 107 108 65 109 102 98 107 65 65 108 109 66 105 88 80 67 68 110 68 111 112 80 68 112 68 110 111 68 92 70 113 86 71 113 70 71 114 113 114 71 115 74 115 71 116 77 72 116 72 73 117 73 118 117 116 73 119 118 73 81 119 73 115 74 120 120 74 75 121 122 75 75 76 123 121 75 123 75 122 120 123 76 77 116 117 77 117 124 77 123 77 124 81 78 79 79 125 81 80 112 79 126 125 79 126 79 112 81 125 119 82 127 83 127 82 128 87 128 82 84 83 129 129 83 127 84 129 95 86 128 87 128 86 113 89 88 130 88 105 131 131 130 88 89 130 91 91 93 90 91 130 132 91 132 93 92 133 111 94 134 92 134 135 92 135 133 92 93 136 134 134 94 93 132 136 93 137 95 129 137 97 95 96 97 138 96 138 139 96 139 100 140 141 97 97 137 140 97 141 138 142 107 98 143 98 101 142 98 143 99 100 144 101 99 144 145 100 139 100 145 146 144 100 146 143 101 144 102 106 103 147 102 109 102 147 106 148 149 104 148 104 106 104 149 105 105 150 131 149 150 105 151 106 147 148 106 151 152 108 107 152 107 142 147 109 108 108 152 147 110 153 112 111 153 110 154 153 111 155 111 156 111 133 156 111 155 157 111 157 154 154 157 112 112 157 158 158 126 112 112 153 154 159 113 114 159 128 113 159 114 160 115 160 114 161 115 120 115 161 160 117 118 124 119 162 118 163 118 162 118 163 164 118 164 165 118 165 124 125 162 119 166 167 120 120 167 161 166 120 122 122 121 168 121 123 169 169 168 121 122 168 166 170 123 165 170 169 123 124 165 123 125 126 162 158 163 126 163 162 126 127 171 129 171 127 128 128 159 172 173 128 172 171 128 173 129 171 174 175 129 174 129 175 137 130 131 176 130 176 132 176 131 150 132 176 177 132 177 136 135 156 133 135 134 136 156 135 178 135 136 178 178 136 177 175 179 137 179 180 137 137 180 140 138 141 181 138 181 139 139 181 182 145 139 182 183 140 180 140 183 184 141 140 184 185 186 141 184 185 141 141 186 187 141 187 181 152 142 143 188 143 144 152 143 188 144 146 189 144 189 190 144 190 188 191 145 182 145 191 146 192 146 191 193 146 194 194 146 192 189 146 195 146 193 195 196 147 152 197 147 196 147 197 151 198 199 148 199 149 148 198 148 151 199 200 149 149 200 150 176 150 201 201 150 200 197 202 151 151 202 198 203 152 188 204 152 203 204 196 152 156 205 155 206 155 205 207 155 208 155 209 157 155 207 209 208 155 206 178 210 156 205 156 210 158 157 211 157 212 211 157 209 212 158 211 213 163 158 213 214 215 159 159 215 172 160 216 159 216 214 159 160 161 217 160 217 216 161 218 217 219 220 161 219 161 167 220 218 161 163 213 164 221 164 213 165 164 221 165 221 222 165 222 170 223 224 166 167 166 224 223 166 225 166 226 225 227 226 166 227 166 168 167 228 229 230 167 229 228 167 231 230 232 167 167 224 231 232 219 167 233 227 168 168 169 233 170 234 169 234 233 169 235 170 236 170 237 234 235 238 170 237 170 238 222 239 170 236 170 239 171 173 240 171 240 174 172 215 173 241 242 173 241 173 215 242 240 173 243 174 240 243 175 174 244 245 175 175 243 244 179 175 245 177 176 201 177 200 246 178 177 210 200 177 201 210 177 247 248 247 177 248 177 246 179 245 249 179 250 180 249 251 179 251 250 179 183 180 252 253 252 180 253 180 250 181 187 182 191 182 187 185 184 183 185 183 254 254 183 252 255 185 254 186 185 255 186 255 256 256 257 186 258 187 186 258 186 257 258 191 187 188 190 203 189 195 259 259 203 189 190 189 203 192 191 260 260 191 258 194 192 260 193 261 259 195 193 259 194 262 193 262 261 193 194 260 262 263 264 196 264 197 196 263 196 204 197 264 202 198 265 199 265 198 202 265 266 199 199 266 200 267 246 200 200 266 267 268 202 264 265 202 268 269 203 270 269 204 203 259 270 203 269 263 204 271 205 272 205 271 206 205 273 272 273 205 210 274 208 206 271 274 206 275 209 207 276 275 207 207 208 276 277 208 278 274 278 208 276 208 277 279 212 209 280 279 209 281 280 209 275 281 209 210 247 273 213 211 212 282 213 212 279 282 212 283 213 284 282 284 213 213 283 221 241 215 214 216 285 214 241 214 285 286 216 217 285 216 286 286 217 218 287 218 220 286 218 287 219 232 288 220 219 289 219 288 289 289 287 220 290 222 221 290 221 291 283 291 221 239 222 290 224 223 292 293 292 223 294 293 223 223 225 294 295 224 292 231 224 295 226 296 225 294 225 296 297 298 226 226 299 300 300 297 226 226 298 296 226 227 299 301 299 227 301 227 233 302 303 228 302 228 231 228 304 229 304 228 303 305 229 304 305 277 229 230 229 277 230 278 306 278 230 277 306 307 230 232 230 307 308 302 231 308 231 309 231 310 309 310 231 295 311 232 255 256 232 307 232 256 255 312 288 232 311 312 232 313 301 233 233 234 313 314 234 315 237 315 234 314 313 234 316 235 236 316 317 235 317 238 235 236 318 316 319 318 236 319 236 320 321 236 322 323 322 236 323 236 239 320 236 321 237 238 315 317 324 238 325 315 238 325 238 324 239 290 323 326 240 242 243 240 327 327 240 326 241 328 242 285 328 241 329 242 330 331 330 242 329 326 242 332 242 328 242 332 331 243 327 244 327 333 244 333 334 244 335 245 244 335 244 334 245 335 249 267 336 246 337 246 336 248 246 338 246 337 338 339 340 247 273 247 340 339 247 338 248 338 247 341 249 335 251 249 342 341 342 249 343 250 344 345 250 343 250 346 253 347 344 250 251 347 250 346 250 345 251 342 348 348 349 251 347 251 349 350 311 252 254 252 311 252 253 350 253 351 350 346 351 253 311 255 254 256 307 352 256 353 257 256 352 353 257 354 258 353 355 257 354 257 356 257 355 356 258 354 260 270 259 357 357 259 358 259 261 358 359 360 260 360 361 260 362 260 361 260 362 363 363 262 260 364 359 260 364 260 354 358 261 262 363 365 262 358 262 365 263 269 264 264 366 367 357 366 264 357 264 270 269 270 264 267 268 264 367 368 264 368 267 264 265 268 266 267 266 268 336 267 368 369 370 271 369 271 272 271 371 274 372 371 271 370 372 271 369 272 273 369 273 340 278 274 371 304 275 276 275 303 373 275 373 374 304 303 275 281 275 374 276 305 304 305 276 277 371 306 278 279 375 282 376 377 279 377 375 279 279 280 376 280 378 376 280 281 378 281 374 378 375 379 282 284 282 379 283 284 291 379 291 284 380 328 285 285 343 380 343 285 345 345 285 286 345 286 287 381 287 289 381 345 287 289 288 350 312 350 288 350 381 289 323 290 291 323 291 382 291 379 382 383 295 292 293 384 292 385 383 292 384 385 292 294 386 293 386 384 293 387 294 388 386 294 387 294 389 388 294 296 389 310 295 383 389 296 298 297 390 391 388 297 392 391 392 297 388 298 297 390 297 393 300 393 297 389 298 388 394 300 299 301 395 299 394 299 395 394 393 300 395 301 313 302 308 396 302 396 303 396 397 303 397 398 303 303 398 373 371 399 306 306 399 307 352 307 399 396 308 400 401 400 308 402 401 308 309 402 308 403 402 309 310 404 309 403 309 404 310 405 404 405 310 385 310 383 385 312 311 350 313 314 406 395 313 407 406 407 313 314 408 409 315 408 314 409 406 314 410 315 325 315 410 408 411 316 318 317 316 411 317 411 324 318 412 413 414 415 318 416 412 318 417 416 318 417 318 418 418 318 319 318 415 411 414 318 419 318 413 419 320 420 319 319 420 418 320 421 420 321 421 320 421 321 422 422 321 322 391 322 323 391 422 322 323 382 392 323 392 391 324 411 423 423 410 324 410 325 324 326 329 424 326 424 425 327 326 333 326 425 333 332 328 380 426 329 427 330 428 329 428 427 329 429 424 329 426 429 329 430 428 330 330 331 430 331 344 430 332 344 331 431 332 380 332 431 344 333 425 432 333 432 334 433 334 434 335 334 433 432 434 334 433 435 335 335 435 341 436 437 336 436 336 368 337 336 437 337 438 338 337 437 438 339 338 439 440 439 338 440 338 438 339 439 340 340 441 369 340 442 443 340 443 444 444 441 340 445 340 439 445 442 340 446 341 435 341 348 342 446 348 341 344 431 343 343 431 380 447 430 344 347 349 344 447 344 349 381 351 345 346 345 351 448 348 449 348 448 349 450 449 348 450 348 446 448 447 349 350 351 381 451 452 352 453 451 352 452 454 352 454 353 352 453 352 399 455 353 454 353 455 456 456 457 353 355 353 457 458 364 354 354 356 458 355 459 460 355 457 459 355 460 461 355 461 356 462 356 461 356 462 458 357 358 366 358 365 366 359 463 464 463 359 465 359 464 360 364 465 359 360 464 361 361 466 362 466 361 467 464 468 361 468 467 361 362 469 363 469 362 466 469 365 363 470 471 364 465 364 471 470 364 458 366 365 472 469 472 365 472 367 366 466 367 472 473 367 466 367 473 368 474 368 475 368 473 475 476 436 368 476 368 474 370 369 441 370 441 444 477 372 370 444 477 370 372 399 371 399 372 453 477 453 372 374 373 478 398 478 373 378 374 478 375 392 379 388 392 375 388 375 377 479 377 376 479 376 480 376 481 480 376 478 481 478 376 378 479 388 377 392 382 379 386 387 384 387 482 384 482 385 384 482 405 385 480 481 387 388 479 387 479 480 387 482 387 481 483 484 390 483 390 393 391 390 484 422 391 484 483 393 485 486 393 394 486 487 393 487 485 393 488 394 395 489 486 394 394 488 489 407 490 395 488 395 490 396 400 397 400 491 397 491 398 397 491 492 398 398 492 478 400 401 491 401 402 493 401 493 491 494 495 402 493 402 495 494 402 403 494 403 496 403 404 496 496 404 405 405 482 497 496 405 497 406 498 499 407 406 500 499 500 406 409 498 406 407 500 490 501 409 408 410 423 408 502 501 408 502 408 423 409 501 498 415 423 411 413 412 503 412 504 503 416 505 412 506 412 505 412 506 504 503 507 413 507 419 413 414 507 508 508 509 414 414 509 423 414 419 507 414 423 415 417 489 416 488 416 489 416 488 505 489 417 486 417 418 486 420 510 418 510 511 418 486 418 487 418 511 487 420 421 510 483 510 421 484 483 421 484 421 422 509 502 423 512 425 424 512 424 513 429 513 424 514 432 425 514 425 512 427 515 426 426 516 517 516 426 515 426 517 429 428 518 427 518 515 427 428 430 519 518 428 520 519 520 428 517 513 429 519 430 521 430 447 522 521 430 522 514 523 432 432 523 434 434 524 433 524 435 433 523 524 434 435 524 525 525 446 435 526 437 436 527 528 436 528 526 436 476 527 436 526 529 437 529 438 437 530 438 531 532 533 438 529 531 438 532 438 530 440 438 533 534 535 439 439 535 536 534 439 440 445 439 536 440 537 538 533 537 440 440 538 539 539 540 440 534 440 540 541 442 445 443 442 542 442 543 544 542 442 545 442 544 545 442 546 543 541 546 442 547 443 542 443 547 444 477 444 547 541 445 536 446 525 548 450 446 549 549 446 548 447 550 551 551 522 447 448 550 447 448 449 550 552 550 449 552 449 549 449 450 549 553 451 554 555 451 553 451 555 452 554 451 556 451 453 477 547 451 477 451 547 556 555 557 452 452 557 558 452 558 454 559 560 454 558 559 454 455 454 560 455 561 456 561 455 562 455 560 562 456 561 457 459 457 563 563 457 561 470 458 564 462 565 458 458 565 564 459 566 567 568 459 563 567 460 459 459 568 566 569 570 460 460 567 569 570 571 460 460 571 461 571 572 461 462 461 565 572 565 461 465 573 463 463 574 464 574 463 575 573 575 463 468 464 574 465 471 576 465 576 573 466 577 473 472 469 466 466 467 577 577 467 468 574 578 468 578 577 468 471 470 579 564 579 470 471 579 580 576 471 580 473 577 581 581 475 473 474 475 582 476 474 582 475 583 582 475 578 583 475 581 578 476 582 527 492 584 478 584 481 478 497 481 584 482 481 497 485 510 483 487 511 485 510 485 511 490 505 488 585 586 490 490 500 587 586 505 490 490 587 585 491 493 492 492 493 584 493 495 584 494 496 588 588 495 494 588 584 495 496 497 588 588 497 584 498 589 590 501 589 498 590 499 498 591 500 499 499 590 591 592 500 591 592 587 500 593 589 501 501 502 593 502 594 593 502 509 594 595 503 596 596 503 504 597 503 598 503 597 599 503 508 507 508 503 599 595 598 503 506 586 504 596 504 586 586 506 505 509 508 600 508 599 600 600 594 509 601 512 602 601 514 512 512 513 602 602 513 603 517 603 513 601 604 514 604 523 514 518 605 515 516 515 606 606 515 605 516 606 607 516 607 517 517 607 603 518 608 605 608 518 521 518 520 521 519 521 520 521 609 610 521 611 612 613 614 521 614 608 521 615 609 521 615 521 616 612 616 521 613 521 610 522 611 521 617 611 522 522 551 618 522 618 617 619 523 604 619 524 523 619 525 524 525 620 621 619 620 525 621 548 525 528 622 526 623 526 622 526 623 624 529 526 624 527 582 625 626 527 625 627 622 527 627 527 626 622 528 527 628 529 624 531 529 628 628 530 531 629 530 628 630 532 530 530 629 630 631 532 630 632 533 532 633 632 532 631 633 532 634 537 533 533 632 634 534 540 535 536 535 635 535 540 636 535 636 635 541 536 546 635 637 536 638 546 536 638 536 637 634 538 537 633 639 538 633 538 634 539 538 639 539 640 540 539 639 640 640 641 540 642 636 540 641 642 540 556 542 643 542 556 547 545 643 542 543 644 544 645 644 543 645 543 646 543 546 646 544 644 545 644 647 545 647 643 545 638 646 546 648 548 621 648 549 548 552 549 648 551 550 649 650 550 552 649 550 651 550 650 651 649 618 551 552 652 653 552 648 652 653 654 552 650 552 655 654 655 552 553 656 657 553 657 555 553 554 658 553 658 656 659 658 554 659 554 660 556 660 554 657 661 555 555 661 662 662 557 555 643 660 556 662 663 557 557 663 664 557 664 558 558 664 559 664 560 559 562 560 664 561 665 563 561 562 666 666 665 561 666 562 664 667 563 665 568 563 668 667 669 563 669 668 563 564 670 579 564 565 670 670 565 671 572 671 565 566 672 673 568 668 566 668 672 566 673 567 566 673 674 567 567 674 569 570 569 674 675 570 674 676 570 675 676 677 570 570 677 571 678 571 677 571 678 679 679 572 571 671 572 680 679 680 572 576 681 573 575 573 681 574 583 578 682 583 574 575 682 574 575 681 682 683 681 576 683 576 684 580 684 576 578 581 577 685 579 670 685 580 579 684 580 686 685 686 580 681 625 582 583 682 582 682 681 582 687 586 585 687 585 596 688 596 585 587 592 585 585 592 688 687 596 586 590 589 593 689 590 593 590 689 690 690 591 590 591 690 691 591 691 592 592 691 649 692 592 649 693 688 592 592 692 693 593 594 689 694 689 594 694 594 600 695 696 595 595 596 697 595 697 695 598 595 696 596 688 697 698 699 597 597 700 599 597 699 700 598 698 597 598 701 702 698 598 703 702 703 598 598 696 701 600 599 700 700 694 600 601 602 704 705 604 601 705 601 704 602 603 706 602 706 704 706 603 607 705 707 604 619 604 707 606 605 708 709 708 605 709 605 614 614 605 608 606 710 711 606 708 712 711 706 606 706 607 606 712 710 606 713 610 609 609 654 713 615 655 609 654 609 655 610 714 614 613 610 614 713 714 610 715 612 611 715 611 617 612 715 716 616 612 697 716 697 612 709 614 652 652 614 714 616 717 615 655 615 717 697 693 616 717 616 693 617 618 715 715 618 702 618 649 703 618 703 702 718 620 619 619 707 719 619 719 718 621 620 718 720 621 718 621 720 648 623 622 686 622 627 686 721 624 623 623 686 721 721 628 624 683 625 681 625 683 626 626 684 627 683 684 626 686 627 684 721 629 628 629 722 630 722 629 721 630 723 631 723 630 722 724 633 631 631 725 724 725 631 726 723 726 631 632 633 634 724 727 633 727 641 633 633 641 639 636 728 635 635 729 637 729 635 728 730 728 636 730 636 731 732 731 636 642 732 636 733 637 734 735 637 733 734 637 729 735 638 637 736 638 735 737 638 736 638 737 646 640 639 641 738 642 641 739 738 641 727 740 641 741 739 641 741 641 740 738 732 642 647 742 643 643 742 660 644 645 743 647 644 743 743 645 744 745 744 645 745 645 646 737 745 646 746 647 747 747 647 743 742 647 746 652 648 748 720 748 648 749 703 649 692 649 651 691 749 649 650 655 692 650 692 651 709 652 748 653 652 714 714 713 653 654 653 713 717 692 655 656 658 750 656 750 751 656 751 657 657 751 661 752 750 658 752 658 659 659 660 753 752 659 753 753 660 754 742 755 660 755 754 660 661 751 663 661 663 662 756 663 751 663 756 664 667 665 664 666 664 665 667 664 757 757 664 756 667 758 669 667 757 758 668 669 672 759 672 669 760 759 669 760 669 761 758 761 669 762 670 723 762 686 670 685 670 686 671 723 670 723 671 726 680 725 671 725 726 671 673 672 759 673 759 674 674 763 675 759 764 674 765 763 674 765 674 764 675 766 676 767 766 675 767 675 763 768 677 676 769 770 676 768 676 771 676 770 771 769 676 766 772 773 677 677 774 678 775 774 677 775 677 773 772 677 768 678 774 776 678 776 679 679 725 680 740 725 679 741 740 679 741 679 739 739 679 776 721 686 762 693 697 688 777 690 689 689 694 777 690 777 749 749 691 690 693 692 717 694 700 699 694 699 777 695 697 716 696 695 778 716 778 695 701 696 778 698 777 699 698 703 777 701 778 702 715 702 778 703 749 777 704 711 779 704 779 705 704 706 711 705 779 780 705 780 707 707 780 719 709 781 708 712 708 781 748 781 709 780 710 781 779 710 780 712 781 710 779 711 710 716 715 778 719 720 718 748 719 780 719 748 720 721 762 722 723 722 762 740 727 724 740 724 725 728 782 729 730 783 728 783 782 728 729 784 734 785 784 729 785 729 782 783 730 731 786 731 775 783 731 786 732 775 731 738 774 732 774 775 732 787 733 788 733 789 735 733 790 789 790 733 787 734 788 733 788 734 784 789 736 735 789 791 736 792 736 791 792 737 736 745 737 793 792 793 737 739 774 738 739 776 774 746 794 742 755 742 794 743 744 747 747 744 795 744 745 795 795 745 796 745 793 797 745 797 796 747 798 746 798 794 746 799 800 747 747 800 798 747 795 799 781 748 780 750 801 751 752 802 750 801 750 802 803 756 751 803 751 801 752 754 804 802 752 804 753 754 752 755 804 754 804 755 805 755 794 805 757 756 806 803 806 756 758 757 807 806 808 757 757 808 807 758 807 761 809 764 759 810 759 760 759 810 809 810 760 807 760 761 807 811 763 808 767 763 811 765 808 763 765 764 808 809 808 764 769 766 811 767 811 766 812 772 768 812 768 813 768 771 813 814 770 769 815 814 769 816 769 811 816 815 769 813 771 770 813 770 814 812 783 772 783 773 772 786 773 783 775 773 786 783 812 782 817 785 782 817 782 812 785 814 784 788 784 814 785 817 814 788 815 787 790 787 815 815 788 814 818 789 790 819 791 789 819 789 818 820 790 815 790 820 821 790 821 818 797 792 791 822 791 819 797 791 822 792 797 793 798 805 794 795 796 823 795 823 799 824 823 796 825 826 796 824 796 827 828 827 796 828 796 826 825 796 797 822 829 797 825 797 829 798 830 805 800 830 798 799 823 831 831 830 799 830 800 799 802 832 801 833 801 834 801 832 834 801 833 803 831 802 830 831 832 802 804 830 802 833 806 803 804 805 830 835 811 806 806 811 808 806 833 835 810 807 808 808 809 810 811 835 816 836 817 812 813 836 812 836 813 814 817 836 814 815 816 837 820 815 837 816 838 837 835 838 816 839 819 818 818 821 839 822 819 839 840 821 820 837 840 820 841 839 821 841 821 840 822 841 842 839 841 822 822 842 829 831 823 824 824 827 831 843 826 825 843 825 829 838 826 843 828 826 838 831 827 838 828 838 827 837 829 842 843 829 837 831 844 832 831 838 844 834 832 844 835 833 834 834 844 835 838 835 844 843 837 838 837 842 840 842 841 840</p>
        </triangles>
      </mesh>
    </geometry>
    <geometry id="mesh_1" name="mesh_1">
      <mesh>
        <source id="mesh_1-positions">
          <float_array id="mesh_1-positions-array" count="2535">-0.083857 -0.066524 -0.055771 -0.079255 -0.059550 -0.066478 -0.086422 -0.064424 -0.058714 -0.086541 -0.068149 -0.054981 -0.077618 -0.067872 -0.054663 -0.086786 -0.059209 -0.069834 -0.071432 -0.061278 -0.066255 -0.079428 -0.057034 -0.075754 -0.092010 -0.067735 -0.059522 -0.091112 -0.061836 -0.068123 -0.085367 -0.079810 -0.049272 -0.091218 -0.077195 -0.053346 -0.071108 -0.065682 -0.059863 -0.072601 -0.072007 -0.053693 -0.077500 -0.077562 -0.049620 -0.091230 -0.060990 -0.071444 -0.085289 -0.057731 -0.077014 -0.065166 -0.068234 -0.063146 -0.064075 -0.065346 -0.071148 -0.061044 -0.066931 -0.077157 -0.072372 -0.059658 -0.090665 -0.065078 -0.062746 -0.084337 -0.082312 -0.059596 -0.092364 -0.096046 -0.069775 -0.062984 -0.094541 -0.063498 -0.072427 -0.080563 -0.090603 -0.047483 -0.075468 -0.084201 -0.049274 -0.091293 -0.081149 -0.055192 -0.070824 -0.080291 -0.051767 -0.064506 -0.073178 -0.059865 -0.093444 -0.063462 -0.091994 -0.085533 -0.060259 -0.092134 -0.059426 -0.073759 -0.068886 -0.059978 -0.068905 -0.074454 -0.060341 -0.065688 -0.080798 -0.065697 -0.061867 -0.087215 -0.071678 -0.059032 -0.092355 -0.063963 -0.062486 -0.085913 -0.079529 -0.058818 -0.094443 -0.097196 -0.071758 -0.067044 -0.096968 -0.066533 -0.086687 -0.073441 -0.087682 -0.050444 -0.075859 -0.093343 -0.048120 -0.076011 -0.092083 -0.049093 -0.086086 -0.091455 -0.059977 -0.080668 -0.092046 -0.046436 -0.082797 -0.093272 -0.052212 -0.094012 -0.084008 -0.068146 -0.096091 -0.079690 -0.070916 -0.087438 -0.091126 -0.061925 -0.058280 -0.082243 -0.065019 -0.069227 -0.091938 -0.054227 -0.064103 -0.091231 -0.059334 -0.062583 -0.089860 -0.060742 -0.058799 -0.077676 -0.066712 -0.086368 -0.060396 -0.094788 -0.094181 -0.062369 -0.092860 -0.098058 -0.065616 -0.087648 -0.058519 -0.069018 -0.074754 -0.057256 -0.074248 -0.069588 -0.062975 -0.060892 -0.086444 -0.058026 -0.060167 -0.082116 -0.066632 -0.060692 -0.089313 -0.070926 -0.057508 -0.093155 -0.079212 -0.057346 -0.095996 -0.065561 -0.058683 -0.090103 -0.083167 -0.058386 -0.096198 -0.098040 -0.074706 -0.075381 -0.098592 -0.071529 -0.081325 -0.072990 -0.093137 -0.051076 -0.072652 -0.093837 -0.050584 -0.077083 -0.094105 -0.045217 -0.085124 -0.093514 -0.056795 -0.088618 -0.093515 -0.061495 -0.078917 -0.093784 -0.044350 -0.086139 -0.095096 -0.041065 -0.085674 -0.093554 -0.050668 -0.085283 -0.093239 -0.053868 -0.094752 -0.085280 -0.068983 -0.097245 -0.081998 -0.071955 -0.098171 -0.075964 -0.076768 -0.094130 -0.090454 -0.065943 -0.059073 -0.089405 -0.061608 -0.056428 -0.083054 -0.064911 -0.056640 -0.078538 -0.067136 -0.057553 -0.078216 -0.067211 -0.068594 -0.093466 -0.053191 -0.063400 -0.092031 -0.058951 -0.086910 -0.059496 -0.095905 -0.090559 -0.060742 -0.094572 -0.096626 -0.062661 -0.090152 -0.094588 -0.061603 -0.092395 -0.099414 -0.067833 -0.084612 -0.097577 -0.061868 -0.089331 -0.099129 -0.064437 -0.087016 -0.056525 -0.073573 -0.069154 -0.056474 -0.057886 -0.074664 -0.055891 -0.063168 -0.067255 -0.060269 -0.057636 -0.090762 -0.054419 -0.057225 -0.082109 -0.053226 -0.055892 -0.079315 -0.055820 -0.057771 -0.084915 -0.070378 -0.056140 -0.093808 -0.074663 -0.056502 -0.095077 -0.077553 -0.050827 -0.094681 -0.082048 -0.052235 -0.094743 -0.072024 -0.048251 -0.094003 -0.060223 -0.056026 -0.092024 -0.060678 -0.053886 -0.092879 -0.064979 -0.054460 -0.093236 -0.100753 -0.072046 -0.079279 -0.100437 -0.070067 -0.081655 -0.100457 -0.077934 -0.074473 -0.071296 -0.094822 -0.049055 -0.073584 -0.093969 -0.044374 -0.078251 -0.092559 -0.041446 -0.086349 -0.093341 -0.056222 -0.090088 -0.093114 -0.057220 -0.095804 -0.090794 -0.063109 -0.094934 -0.090890 -0.064814 -0.084161 -0.091223 -0.039516 -0.092922 -0.099543 -0.040584 -0.095198 -0.098468 -0.037292 -0.092912 -0.096867 -0.045715 -0.093906 -0.096131 -0.054401 -0.097051 -0.086468 -0.068807 -0.099538 -0.082013 -0.071769 -0.057106 -0.090510 -0.059286 -0.061035 -0.093638 -0.056552 -0.054617 -0.082508 -0.063136 -0.090979 -0.059705 -0.093946 -0.084627 -0.052818 -0.094469 -0.096652 -0.054568 -0.089656 -0.103240 -0.063360 -0.082235 -0.100227 -0.063200 -0.086352 -0.101940 -0.060923 -0.085098 -0.100352 -0.058264 -0.087765 -0.052948 -0.066319 -0.055801 -0.057490 -0.055222 -0.070414 -0.056523 -0.055023 -0.073805 -0.056386 -0.059135 -0.060613 -0.058983 -0.051991 -0.066367 -0.058281 -0.055175 -0.091936 -0.055941 -0.055486 -0.089085 -0.052228 -0.057424 -0.086191 -0.053400 -0.052786 -0.078010 -0.048002 -0.052919 -0.082155 -0.063099 -0.049754 -0.093316 -0.076036 -0.046766 -0.093976 -0.080129 -0.047125 -0.093683 -0.084484 -0.047656 -0.092092 -0.070343 -0.044844 -0.094007 -0.056210 -0.051107 -0.093174 -0.101752 -0.070966 -0.078918 -0.102686 -0.070078 -0.078197 -0.105946 -0.064723 -0.077780 -0.105005 -0.061704 -0.080673 -0.104307 -0.068706 -0.076764 -0.101299 -0.081048 -0.069596 -0.069804 -0.093503 -0.045140 -0.073715 -0.090230 -0.043990 -0.081487 -0.071050 -0.045573 -0.098012 -0.086690 -0.067598 -0.098714 -0.086374 -0.066573 -0.101539 -0.097147 -0.060723 -0.099962 -0.100307 -0.055364 -0.098385 -0.095259 -0.037620 -0.102998 -0.072282 -0.045886 -0.099939 -0.104724 -0.036166 -0.097740 -0.104784 -0.040812 -0.099547 -0.101777 -0.050255 -0.054632 -0.092554 -0.046919 -0.063040 -0.094068 -0.047164 -0.055278 -0.094654 -0.041264 -0.051794 -0.090562 -0.041178 -0.052529 -0.085064 -0.035945 -0.091315 -0.050435 -0.090112 -0.093069 -0.042350 -0.086599 -0.101640 -0.055146 -0.086260 -0.055544 -0.076136 -0.037631 -0.057799 -0.063692 -0.045233 -0.058408 -0.051646 -0.069758 -0.057049 -0.052072 -0.073235 -0.064315 -0.049003 -0.054069 -0.058605 -0.055499 -0.060927 -0.076355 -0.036610 -0.053917 -0.078262 -0.034286 -0.055010 -0.060879 -0.047074 -0.068857 -0.050820 -0.056631 -0.088681 -0.047987 -0.055047 -0.086778 -0.049542 -0.055865 -0.088219 -0.053590 -0.049034 -0.077576 -0.050099 -0.046113 -0.081174 -0.041941 -0.047780 -0.085223 -0.043136 -0.046536 -0.084811 -0.044445 -0.051861 -0.084898 -0.057011 -0.046086 -0.095275 -0.062016 -0.043479 -0.095130 -0.074201 -0.043504 -0.094094 -0.078120 -0.043401 -0.093986 -0.085061 -0.043231 -0.091868 -0.089574 -0.045046 -0.088555 -0.066633 -0.042422 -0.095196 -0.048664 -0.055050 -0.089727 -0.051913 -0.049207 -0.093867 -0.105791 -0.035610 -0.068793 -0.110066 -0.036781 -0.066005 -0.115308 -0.058436 -0.065971 -0.112926 -0.043619 -0.065029 -0.112015 -0.065336 -0.068483 -0.098887 -0.036424 -0.080404 -0.104382 -0.081197 -0.067628 -0.106996 -0.080518 -0.065419 -0.105288 -0.089929 -0.064218 -0.065595 -0.092573 -0.042838 -0.064296 -0.093571 -0.044516 -0.069455 -0.088052 -0.042174 -0.070640 -0.081721 -0.042840 -0.072508 -0.075393 -0.043575 -0.079718 -0.066561 -0.046951 -0.074805 -0.070039 -0.044936 -0.105227 -0.101457 -0.063858 -0.105803 -0.105247 -0.061877 -0.112559 -0.084289 -0.042196 -0.115441 -0.081284 -0.044390 -0.114338 -0.092193 -0.043314 -0.125746 -0.108506 -0.048626 -0.103418 -0.105626 -0.034597 -0.117747 -0.062283 -0.051423 -0.113757 -0.056141 -0.052370 -0.106713 -0.040040 -0.057963 -0.119080 -0.074909 -0.044881 -0.089854 -0.041276 -0.052081 -0.100762 -0.107001 -0.035235 -0.098726 -0.109811 -0.038307 -0.110632 -0.122214 -0.043920 -0.116357 -0.119272 -0.060855 -0.100450 -0.110947 -0.040765 -0.107842 -0.119321 -0.042279 -0.110496 -0.109949 -0.061692 -0.054188 -0.093680 -0.036363 -0.063200 -0.092804 -0.040395 -0.062975 -0.093968 -0.032442 -0.053000 -0.092107 -0.036738 -0.050375 -0.090520 -0.030446 -0.055498 -0.080954 -0.034275 -0.081815 -0.028911 -0.089777 -0.100482 -0.023583 -0.079795 -0.091148 -0.026247 -0.084786 -0.058057 -0.083178 -0.032285 -0.060851 -0.081835 -0.034744 -0.062164 -0.086041 -0.031727 -0.065288 -0.051789 -0.050541 -0.066375 -0.065563 -0.044862 -0.074092 -0.039749 -0.052489 -0.079848 -0.035319 -0.053886 -0.084357 -0.031160 -0.054981 -0.080409 -0.008987 -0.075774 -0.068216 -0.031782 -0.074841 -0.040371 -0.049934 -0.088356 -0.058850 -0.032464 -0.084835 -0.039650 -0.044727 -0.089435 -0.039923 -0.041217 -0.090405 -0.052545 -0.044554 -0.095913 -0.043064 -0.036499 -0.099873 -0.072109 -0.040990 -0.095651 -0.076362 -0.040584 -0.095896 -0.070967 -0.029374 -0.094361 -0.063798 -0.040004 -0.097130 -0.046832 -0.048715 -0.094279 -0.042271 -0.050313 -0.093271 -0.113702 -0.031274 -0.065921 -0.111459 -0.031328 -0.069150 -0.108639 -0.027231 -0.074469 -0.110908 -0.037103 -0.064974 -0.115833 -0.063564 -0.063908 -0.116548 -0.056902 -0.061927 -0.109435 -0.038607 -0.060742 -0.109045 -0.036766 -0.061071 -0.117955 -0.078786 -0.058885 -0.116895 -0.070166 -0.062883 -0.116192 -0.066817 -0.063870 -0.108676 -0.084672 -0.064094 -0.106958 -0.091490 -0.065144 -0.112780 -0.089904 -0.067135 -0.065333 -0.085766 -0.038772 -0.069166 -0.077032 -0.042088 -0.071393 -0.071553 -0.043631 -0.078112 -0.063724 -0.047681 -0.073173 -0.067471 -0.045454 -0.109657 -0.103342 -0.065069 -0.113668 -0.096392 -0.068028 -0.115905 -0.083244 -0.044689 -0.117257 -0.084919 -0.046207 -0.117466 -0.087211 -0.047048 -0.119356 -0.081632 -0.045359 -0.119259 -0.096326 -0.047970 -0.129677 -0.106793 -0.056987 -0.123579 -0.099751 -0.051789 -0.123130 -0.113409 -0.045592 -0.127939 -0.113787 -0.048437 -0.103826 -0.108196 -0.033189 -0.123820 -0.067248 -0.046425 -0.124710 -0.066723 -0.050643 -0.118829 -0.062433 -0.055928 -0.115805 -0.055417 -0.057758 -0.105783 -0.034294 -0.058183 -0.097690 -0.032833 -0.055181 -0.125582 -0.072609 -0.043521 -0.126837 -0.075810 -0.041264 -0.123804 -0.080739 -0.042950 -0.077288 -0.044297 -0.051947 -0.076682 -0.060960 -0.048544 -0.099907 -0.113890 -0.031150 -0.096533 -0.117033 -0.034014 -0.099068 -0.117065 -0.035722 -0.111775 -0.127402 -0.040676 -0.108634 -0.123743 -0.038757 -0.114433 -0.133127 -0.039024 -0.123543 -0.129808 -0.056971 -0.123082 -0.125907 -0.061639 -0.124414 -0.121261 -0.064084 -0.118700 -0.116581 -0.063732 -0.115044 -0.110286 -0.062653 -0.104214 -0.122843 -0.033636 -0.103315 -0.119441 -0.036582 -0.051504 -0.097152 -0.027878 -0.051485 -0.093079 -0.031280 -0.063547 -0.089970 -0.035931 -0.056576 -0.100695 -0.024371 -0.064647 -0.097592 -0.028652 -0.065777 -0.096801 -0.028902 -0.064036 -0.092136 -0.033449 -0.047961 -0.095362 -0.027980 -0.046631 -0.093715 -0.026949 -0.051307 -0.088418 -0.028449 -0.062106 -0.002889 -0.103429 -0.070214 0.001794 -0.098594 -0.091697 0.016095 -0.082672 -0.108259 -0.005403 -0.072694 -0.126526 -0.026299 -0.070097 -0.055050 -0.089252 -0.027081 -0.059246 -0.085879 -0.030331 -0.064923 -0.082992 -0.035795 -0.066494 -0.095447 -0.029260 -0.067098 -0.075259 -0.040555 -0.066144 -0.070983 -0.042372 -0.063641 -0.089088 -0.031273 -0.059249 -0.094199 -0.023350 -0.064511 -0.089288 -0.029983 -0.070559 -0.063271 -0.046556 -0.068684 -0.067005 -0.044644 -0.104000 -0.028716 -0.056625 -0.095306 -0.019859 -0.054754 -0.067571 -0.007226 -0.084938 -0.085421 0.009009 -0.076239 -0.070535 0.018182 -0.090950 -0.038767 -0.045426 -0.096183 -0.037835 -0.045229 -0.093468 -0.032746 -0.009682 -0.108392 -0.032823 -0.022945 -0.103692 -0.033573 -0.026504 -0.104891 -0.036095 -0.029948 -0.099766 -0.037457 -0.032978 -0.096877 -0.044502 -0.003608 -0.099672 -0.037623 -0.032997 -0.098030 -0.037935 -0.032209 -0.099778 -0.041555 -0.031660 -0.102451 -0.052017 -0.015428 -0.104145 -0.116600 -0.029008 -0.068211 -0.117873 -0.029507 -0.066963 -0.109713 -0.033517 -0.061331 -0.111675 -0.030878 -0.061911 -0.123639 -0.069357 -0.054593 -0.119519 -0.068203 -0.061273 -0.119416 -0.089894 -0.063958 -0.121253 -0.078119 -0.057001 -0.120343 -0.084482 -0.058631 -0.119859 -0.071182 -0.060915 -0.116630 -0.091499 -0.068302 -0.064304 -0.088813 -0.035857 -0.070234 -0.068430 -0.044333 -0.124435 -0.099388 -0.065859 -0.121609 -0.082339 -0.045049 -0.120458 -0.083991 -0.048152 -0.123119 -0.082429 -0.045408 -0.119927 -0.085946 -0.049306 -0.122173 -0.085407 -0.051902 -0.122013 -0.089539 -0.057403 -0.121391 -0.095631 -0.050958 -0.133632 -0.109207 -0.057173 -0.129815 -0.104068 -0.063916 -0.127067 -0.099169 -0.065685 -0.130390 -0.115829 -0.045454 -0.123405 -0.123195 -0.038885 -0.103198 -0.114208 -0.029357 -0.126827 -0.068258 -0.046123 -0.127318 -0.068073 -0.048150 -0.127091 -0.070450 -0.049829 -0.107309 -0.030756 -0.058140 -0.129221 -0.069832 -0.046125 -0.129754 -0.071317 -0.045726 -0.129463 -0.073330 -0.045580 -0.128324 -0.076729 -0.042466 -0.127391 -0.078549 -0.041889 -0.127266 -0.080315 -0.043204 -0.095762 -0.117372 -0.028882 -0.099895 -0.117971 -0.025523 -0.097333 -0.117904 -0.034046 -0.095017 -0.118331 -0.032819 -0.100738 -0.120877 -0.032977 -0.107348 -0.126109 -0.035709 -0.109551 -0.139994 -0.029422 -0.106408 -0.136819 -0.031058 -0.103222 -0.128140 -0.030438 -0.105766 -0.127792 -0.033022 -0.117160 -0.137476 -0.034497 -0.121756 -0.137234 -0.041191 -0.126120 -0.134757 -0.047653 -0.107200 -0.133492 -0.032691 -0.126925 -0.128759 -0.057189 -0.131564 -0.121558 -0.060006 -0.129215 -0.116344 -0.063715 -0.102337 -0.124737 -0.031088 -0.049258 -0.099158 -0.025413 -0.046541 -0.098129 -0.025538 -0.054170 -0.104810 -0.019862 -0.056200 -0.106074 -0.019284 -0.063152 -0.106549 -0.020164 -0.052115 -0.101802 -0.022831 -0.068180 -0.105714 -0.024328 -0.064612 -0.091385 -0.033422 -0.042876 -0.098025 -0.025327 -0.047217 -0.092943 -0.026048 -0.042286 -0.097668 -0.024813 -0.049541 -0.091806 -0.025157 -0.049422 0.011803 -0.114808 -0.059841 0.012789 -0.109291 -0.069276 0.014900 -0.102577 -0.124300 0.012537 -0.059492 -0.090496 0.040236 -0.083890 -0.122730 -0.028781 -0.068885 -0.145826 -0.026312 -0.058679 -0.144223 -0.031226 -0.056898 -0.127402 -0.030324 -0.067232 -0.131057 -0.005116 -0.060370 -0.049990 -0.095560 -0.013567 -0.070275 -0.103700 -0.025921 -0.068748 -0.103262 -0.020134 -0.058725 -0.099288 -0.012651 -0.052928 -0.096798 -0.013086 -0.120270 -0.029214 -0.056386 -0.113722 -0.023703 -0.053172 -0.109624 -0.029885 -0.058438 -0.108679 -0.016051 -0.055026 -0.101486 -0.006201 -0.052412 -0.096455 -0.010018 -0.056025 -0.096060 -0.000541 -0.061055 -0.056640 0.025735 -0.102518 -0.093067 0.016481 -0.070130 -0.093413 0.032187 -0.068782 -0.066481 0.039469 -0.095339 -0.061817 0.036157 -0.100784 -0.024279 -0.013605 -0.118242 -0.027737 -0.023380 -0.115606 -0.029588 0.008870 -0.119379 -0.034464 -0.026399 -0.105636 -0.032340 -0.025773 -0.110428 -0.029970 -0.024630 -0.114944 -0.036356 -0.029988 -0.100739 -0.049677 0.025916 -0.107221 -0.041150 0.031252 -0.117619 -0.036789 -0.029596 -0.101764 -0.036235 -0.023001 -0.111100 -0.040938 -0.006662 -0.115380 -0.035058 -0.019373 -0.118672 -0.039818 0.007182 -0.120722 -0.118572 -0.028686 -0.060763 -0.122787 -0.071808 -0.057134 -0.121836 -0.083572 -0.056440 -0.122576 -0.081416 -0.052991 -0.125360 -0.081259 -0.048611 -0.124839 -0.082127 -0.046598 -0.134314 -0.118600 -0.052491 -0.132739 -0.111794 -0.061496 -0.133257 -0.122981 -0.050386 -0.128785 -0.133021 -0.044202 -0.130370 -0.130278 -0.046343 -0.116962 -0.129774 -0.030130 -0.124652 -0.136515 -0.039343 -0.109463 -0.131930 -0.023293 -0.129368 -0.071403 -0.047310 -0.129117 -0.073551 -0.048664 -0.129602 -0.073736 -0.046973 -0.129500 -0.074990 -0.044679 -0.129229 -0.076140 -0.046115 -0.128518 -0.078451 -0.043210 -0.127920 -0.079849 -0.044942 -0.091620 -0.119434 -0.031277 -0.088525 -0.119177 -0.025750 -0.092267 -0.122489 -0.022229 -0.094787 -0.119184 -0.031764 -0.095328 -0.123064 -0.028574 -0.099063 -0.136504 -0.026866 -0.105253 -0.140325 -0.026790 -0.113390 -0.135792 -0.029755 -0.109880 -0.139302 -0.028077 -0.104866 -0.133786 -0.030455 -0.097850 -0.129257 -0.027012 -0.096757 -0.126543 -0.027443 -0.131374 -0.126839 -0.054003 -0.129036 -0.131398 -0.047962 -0.045984 -0.100426 -0.024751 -0.049437 -0.101151 -0.023344 -0.043361 -0.100398 -0.024384 -0.053793 -0.108895 -0.015677 -0.052000 -0.107385 -0.016632 -0.051531 -0.104264 -0.020264 -0.056275 -0.109983 -0.015154 -0.066443 -0.108602 -0.018937 -0.063126 -0.109838 -0.017282 -0.066302 -0.118202 -0.008173 -0.070091 -0.109458 -0.021885 -0.040840 -0.099448 -0.022876 -0.045547 -0.095493 -0.022998 -0.042360 -0.096159 -0.010100 -0.046322 0.033981 -0.130554 -0.038807 0.019152 -0.132028 -0.044082 0.029152 -0.131129 -0.050353 0.040606 -0.128882 -0.058237 0.053286 -0.117697 -0.053065 0.045487 -0.124674 -0.068544 0.058879 -0.108701 -0.079181 0.041322 -0.097128 -0.107755 0.040526 -0.069522 -0.123103 0.034500 -0.060379 -0.136527 0.017173 -0.053269 -0.088533 0.046469 -0.087163 -0.090329 0.049497 -0.084309 -0.095528 0.048801 -0.080549 -0.106621 0.048393 -0.072363 -0.140135 -0.004608 -0.054365 -0.151258 -0.029996 -0.051837 -0.156606 -0.012568 -0.051278 -0.154934 -0.023916 -0.053799 -0.155713 -0.026011 -0.050616 -0.148704 0.001873 -0.049137 -0.142795 -0.031321 -0.053585 -0.049751 -0.097906 -0.002932 -0.056265 -0.101048 -0.002147 -0.072208 -0.110916 -0.014131 -0.071166 -0.107582 -0.023705 -0.067590 -0.113077 -0.000256 -0.129016 -0.027234 -0.049248 -0.140234 -0.027629 -0.047620 -0.122256 -0.026916 -0.051321 -0.148245 -0.030418 -0.050433 -0.115571 -0.021639 -0.054920 -0.113093 -0.017939 -0.055625 -0.110830 -0.013211 -0.056412 -0.107502 -0.007763 -0.055364 -0.100348 -0.000801 -0.053662 -0.103833 -0.004165 -0.053934 -0.098268 0.008172 -0.055833 -0.050907 0.038099 -0.107804 -0.055574 0.047538 -0.104293 -0.099752 0.017484 -0.057667 -0.100132 0.024776 -0.064100 -0.098930 0.013752 -0.057131 -0.103981 0.035293 -0.059077 -0.105012 0.038415 -0.056099 -0.098658 0.052816 -0.063442 -0.063562 0.053838 -0.096190 -0.025019 -0.000012 -0.122568 -0.026263 -0.017141 -0.120266 -0.025157 -0.003195 -0.123893 -0.031710 0.017281 -0.126338 -0.034979 -0.024624 -0.111085 -0.034310 -0.023311 -0.116196 -0.047816 0.035135 -0.110673 -0.037488 0.031918 -0.122205 -0.035513 -0.022027 -0.115268 -0.031582 0.002135 -0.127748 -0.032123 -0.016552 -0.123051 -0.128136 -0.078683 -0.047158 -0.101393 -0.132645 -0.019907 -0.108497 -0.139687 -0.026099 -0.096516 -0.126606 -0.020364 -0.128969 -0.077819 -0.044954 -0.091050 -0.120211 -0.029960 -0.087703 -0.120112 -0.029563 -0.082022 -0.117155 -0.023174 -0.088035 -0.119910 -0.019039 -0.090626 -0.120498 -0.028611 -0.091850 -0.123742 -0.027093 -0.085083 -0.132823 -0.022770 -0.093008 -0.137528 -0.021696 -0.086773 -0.125231 -0.023324 -0.085215 -0.124576 -0.022790 -0.093751 -0.129707 -0.025416 -0.092870 -0.126991 -0.025785 -0.043517 -0.101576 -0.023681 -0.046251 -0.102109 -0.023054 -0.049645 -0.103182 -0.021269 -0.041492 -0.101558 -0.022788 -0.053503 -0.112574 -0.010912 -0.051824 -0.110798 -0.012128 -0.050124 -0.106187 -0.017680 -0.057084 -0.113338 -0.012088 -0.069635 -0.120083 -0.000732 -0.059101 -0.119096 -0.006005 -0.070361 -0.115206 -0.015541 -0.070860 -0.119307 -0.012576 -0.059833 -0.118530 -0.007493 -0.055281 -0.115251 -0.009289 -0.071164 -0.120629 -0.005001 -0.072526 -0.121546 -0.010410 -0.070604 -0.114076 -0.017110 -0.072347 -0.111966 -0.021857 -0.040322 -0.101050 -0.019966 -0.041096 -0.097552 -0.010360 -0.044311 -0.098141 -0.003189 -0.043483 0.032184 -0.131626 -0.044069 0.037709 -0.130367 -0.048364 0.040186 -0.129696 -0.035591 0.016733 -0.131774 -0.037370 0.025140 -0.128993 -0.039395 0.031173 -0.129503 -0.050833 0.046805 -0.124833 -0.055782 0.055935 -0.115953 -0.065628 0.061249 -0.107798 -0.072665 0.062972 -0.102011 -0.082333 0.057859 -0.095802 -0.087415 0.064031 -0.089111 -0.085828 0.051803 -0.090483 -0.139726 0.042112 -0.052427 -0.128368 0.050888 -0.058370 -0.148286 0.034355 -0.047288 -0.154556 0.018849 -0.047143 -0.095882 0.054076 -0.080857 -0.099915 0.052680 -0.077500 -0.101585 0.062770 -0.076843 -0.110965 0.059038 -0.070341 -0.154401 -0.027420 -0.048120 -0.158144 -0.018915 -0.051497 -0.158481 -0.009662 -0.049688 -0.158611 -0.000655 -0.048196 -0.158246 -0.022764 -0.047065 -0.043253 -0.101375 -0.000666 -0.074191 -0.112111 -0.022787 -0.072522 -0.114192 -0.009335 -0.073560 -0.113761 -0.014320 -0.050940 -0.112734 -0.000611 -0.061930 -0.119439 -0.000440 -0.070209 -0.119625 -0.000066 -0.072147 -0.118178 -0.004079 -0.130089 -0.024429 -0.050967 -0.126158 -0.024547 -0.051962 -0.135701 -0.024539 -0.050024 -0.140728 -0.024434 -0.049087 -0.148744 -0.027307 -0.047213 -0.123126 -0.024433 -0.053023 -0.119701 -0.023365 -0.054050 -0.117428 -0.018395 -0.056662 -0.112826 -0.010319 -0.057721 -0.101753 0.002076 -0.054295 -0.102152 -0.000950 -0.053770 -0.104263 0.003251 -0.055180 -0.099261 0.013960 -0.055281 -0.101538 0.010892 -0.054902 -0.046052 0.045928 -0.111256 -0.062227 0.057422 -0.099366 -0.100105 0.017891 -0.056038 -0.101080 0.022528 -0.058349 -0.105259 0.032618 -0.057614 -0.107366 0.033854 -0.056561 -0.109933 0.046293 -0.053370 -0.107877 0.053817 -0.055928 -0.099742 0.058076 -0.063349 -0.092930 0.060279 -0.071008 -0.073074 0.059120 -0.088229 -0.032078 0.011657 -0.129647 -0.027495 -0.001498 -0.125914 -0.035093 0.018437 -0.131458 -0.038138 0.031129 -0.128639 -0.043056 0.039934 -0.115715 -0.041590 0.039605 -0.127344 -0.101885 -0.138349 -0.022476 -0.089806 -0.128614 -0.016545 -0.087090 -0.120850 -0.026978 -0.080908 -0.117795 -0.025941 -0.077595 -0.114999 -0.022292 -0.074857 -0.114732 -0.014489 -0.079221 -0.121425 -0.012167 -0.087966 -0.124051 -0.025507 -0.079506 -0.128970 -0.020930 -0.079586 -0.124827 -0.020822 -0.081050 -0.132227 -0.017731 -0.083000 -0.121558 -0.023394 -0.085543 -0.122777 -0.024302 -0.089367 -0.126362 -0.024294 -0.078993 -0.122517 -0.020777 -0.076225 -0.118656 -0.020019 -0.077391 -0.116851 -0.023745 -0.044810 -0.103180 -0.021646 -0.042747 -0.102732 -0.021858 -0.048204 -0.103725 -0.020052 -0.041347 -0.102188 -0.018767 -0.050172 -0.110667 -0.010717 -0.049252 -0.111116 -0.005146 -0.046580 -0.106827 -0.014700 -0.046640 -0.104645 -0.018994 -0.048465 -0.109138 -0.011921 -0.062504 -0.119995 -0.000969 -0.059319 -0.118762 -0.001033 -0.071680 -0.116379 -0.016123 -0.073234 -0.124122 -0.017351 -0.074499 -0.119985 -0.009960 -0.040000 -0.099483 -0.009492 -0.039357 -0.102367 -0.010730 -0.041065 -0.100486 -0.001714 -0.045240 0.045805 -0.123424 -0.053201 0.056486 -0.113051 -0.057094 0.056539 -0.105211 -0.084912 0.065363 -0.090393 -0.081501 0.064607 -0.088532 -0.070234 0.062407 -0.099130 -0.091043 0.064093 -0.085719 -0.132863 0.046831 -0.053266 -0.139417 0.041732 -0.050051 -0.126117 0.051544 -0.057244 -0.121064 0.054859 -0.059795 -0.113512 0.058889 -0.067282 -0.156877 0.021273 -0.042132 -0.148818 0.033919 -0.044119 -0.157365 0.020078 -0.045602 -0.160072 0.012566 -0.044610 -0.160682 0.007116 -0.045096 -0.110699 0.059947 -0.068936 -0.103034 0.061170 -0.066785 -0.091984 0.063980 -0.079426 -0.096011 0.062824 -0.073824 -0.153308 -0.023074 -0.045219 -0.159659 -0.016695 -0.046709 -0.159162 -0.010130 -0.046562 -0.159363 -0.005568 -0.045556 -0.155014 -0.018566 -0.045807 -0.156719 -0.013333 -0.046357 -0.040397 -0.104956 -0.001353 -0.076592 -0.114339 -0.023724 -0.131396 -0.021553 -0.052662 -0.123816 -0.021677 -0.054701 -0.140872 -0.020698 -0.050665 -0.145106 -0.024277 -0.048948 -0.149011 -0.023101 -0.048900 -0.151297 -0.021262 -0.047895 -0.119592 -0.009738 -0.052075 -0.113740 0.002655 -0.053228 -0.106043 0.008649 -0.054585 -0.101826 0.019644 -0.054806 -0.104143 0.014451 -0.054733 -0.105609 0.011994 -0.054619 -0.045930 0.047524 -0.115915 -0.109363 0.030545 -0.054269 -0.106857 0.027731 -0.055897 -0.106376 0.030175 -0.055651 -0.111172 0.034281 -0.053761 -0.110282 0.034226 -0.053595 -0.114295 0.045461 -0.052390 -0.112021 0.035764 -0.053267 -0.112441 0.038747 -0.052227 -0.113424 0.042855 -0.052036 -0.114377 0.049532 -0.052790 -0.116145 0.051838 -0.054906 -0.109172 0.058895 -0.062567 -0.111962 0.057335 -0.060568 -0.100711 0.059523 -0.064144 -0.084166 -0.120689 -0.025631 -0.076910 -0.120802 -0.019840 -0.044901 -0.104669 -0.018366 -0.042662 -0.103459 -0.016260 -0.045395 -0.107554 -0.008542 -0.129746 0.045925 -0.051125 -0.123544 0.050395 -0.054261 -0.140153 0.038401 -0.046362 -0.135898 0.041630 -0.048405 -0.118949 0.053808 -0.057066 -0.150345 0.027135 -0.041612 -0.146190 0.034030 -0.043877 -0.159682 0.015444 -0.041504 -0.153505 0.020943 -0.039432 -0.162262 0.008273 -0.041894 -0.162343 0.007916 -0.042814 -0.161345 0.004124 -0.041416 -0.152887 -0.021218 -0.046344 -0.156583 -0.009005 -0.044458 -0.156448 -0.005362 -0.042595 -0.161600 0.001987 -0.037466 -0.154592 -0.015986 -0.046894 -0.154252 -0.010037 -0.046564 -0.154800 -0.013697 -0.048354 -0.132737 -0.011243 -0.050082 -0.141911 -0.010377 -0.047630 -0.125399 -0.010480 -0.050650 -0.149493 -0.017393 -0.050695 -0.152465 -0.018638 -0.047430 -0.118783 0.002141 -0.054064 -0.110797 0.009929 -0.054267 -0.115562 0.017766 -0.056453 -0.107650 0.022311 -0.056070 -0.104138 0.017312 -0.054620 -0.120437 0.017947 -0.050998 -0.119232 0.045118 -0.050517 -0.121807 0.040522 -0.047378 -0.128495 0.037428 -0.044088 -0.138453 0.028753 -0.039477 -0.131783 0.015611 -0.044311 -0.130580 0.041006 -0.046380 -0.154435 0.016827 -0.037447 -0.158244 0.011232 -0.037993 -0.149040 0.012214 -0.033154 -0.152542 0.012505 -0.034660 -0.158269 0.008488 -0.035516 -0.154038 -0.006098 -0.044700 -0.152938 -0.004485 -0.043957 -0.157416 0.002337 -0.035582 -0.153559 -0.000221 -0.039174 -0.152513 -0.002919 -0.041921 -0.152851 -0.001822 -0.040774 -0.156277 0.005297 -0.034496 -0.152881 -0.014061 -0.050351 -0.150095 -0.004165 -0.045258 -0.138317 -0.006976 -0.049112 -0.133967 -0.005914 -0.050904 -0.138401 -0.004566 -0.049382 -0.126864 0.004985 -0.045813 -0.127258 0.039432 -0.045005 -0.145838 0.008109 -0.037156 -0.149358 0.001467 -0.039222 -0.154681 0.013499 -0.035714 -0.151940 0.009835 -0.033904 -0.154778 0.010789 -0.034672 -0.155106 0.008164 -0.034093 -0.154149 0.002518 -0.036585 -0.142308 -0.003507 -0.048094</float_array>
          <technique_common>
            <accessor source="#mesh_1-positions-array" count="845" stride="3">
              <param name="X" type="float"/>
              <param name="Y" type="float"/>
              <param name="Z" type="float"/>
            </accessor>
          </technique_common>
        </source>
        <source id="mesh_1-normals">
          <float_array id="mesh_1-normals-array" count="2535">0.038055 -0.727406 -0.685151 -0.044306 -0.894777 -0.444311 0.282007 -0.793726 -0.538953 0.302126 -0.525118 -0.795595 -0.102909 -0.635980 -0.764813 0.264931 -0.925141 -0.271894 -0.412206 -0.867535 -0.278333 -0.060364 -0.995373 -0.074763 0.591386 -0.570701 -0.569704 0.554473 -0.760050 -0.338945 0.185125 -0.244765 -0.951745 0.702529 -0.099664 -0.704642 -0.424412 -0.671968 -0.606905 -0.461942 -0.451821 -0.763195 -0.185828 -0.293155 -0.937832 0.522065 -0.847497 -0.095900 0.296120 -0.954434 0.036998 -0.668333 -0.567510 -0.480899 -0.696428 -0.671863 -0.252166 -0.532544 -0.817274 -0.220137 -0.181754 -0.971138 -0.154457 -0.312267 -0.919420 -0.239073 0.095629 -0.994331 -0.046487 0.874392 -0.305341 -0.377101 0.772833 -0.625265 -0.108497 0.311239 -0.093119 -0.945759 -0.279519 -0.068978 -0.957659 0.859363 0.350492 -0.372358 -0.606785 -0.073080 -0.791500 -0.740129 -0.335434 -0.582833 0.298082 -0.918371 -0.260272 0.277819 -0.960385 0.021847 -0.619896 -0.567461 -0.541956 -0.495918 -0.757539 -0.424500 0.109687 -0.818968 -0.563258 -0.069660 -0.920395 -0.384735 0.139952 -0.791166 -0.595373 0.209696 -0.787509 -0.579532 0.184391 -0.894140 -0.408061 0.984297 -0.044914 -0.170708 0.623451 -0.696989 -0.354280 -0.512448 0.028959 -0.858230 -0.466272 -0.672714 -0.574497 -0.503386 -0.302519 -0.809373 0.865852 -0.024297 -0.499710 0.044164 -0.907326 -0.418101 0.612940 -0.762184 -0.208279 0.829238 0.157138 -0.536351 0.929213 0.107125 -0.353677 0.732797 -0.023538 -0.680040 -0.439742 -0.329359 -0.835553 -0.567919 -0.370020 -0.735224 -0.574294 -0.313000 -0.756450 -0.421645 -0.328933 -0.844996 -0.614246 -0.397599 -0.681628 0.151167 -0.840199 -0.520783 -0.428752 -0.394532 -0.812722 -0.494209 -0.523706 -0.693894 0.597191 -0.574523 -0.559720 0.012508 -0.548480 -0.836070 0.447679 -0.653916 -0.609900 0.691383 -0.673505 -0.261496 0.240870 -0.719204 -0.651711 0.292222 -0.533780 -0.793527 0.148341 -0.259905 -0.954172 0.244896 -0.583273 -0.774480 0.102101 -0.407793 -0.907348 0.974543 -0.095326 -0.202926 -0.021205 -0.723174 -0.690340 -0.566896 -0.372116 -0.734955 -0.373698 -0.771035 -0.515611 -0.229914 -0.969315 -0.086999 0.324747 -0.929593 -0.174345 0.131186 -0.924487 -0.357931 -0.020520 -0.990938 0.132746 0.430700 -0.893106 0.129843 0.270322 -0.961398 -0.051388 0.121227 -0.990220 -0.069053 0.601790 -0.210963 -0.770287 0.349856 -0.440349 -0.826858 0.692822 -0.387153 -0.608367 0.138079 -0.617446 -0.774399 0.069929 -0.622523 -0.779471 0.354739 -0.477717 -0.803708 0.326506 -0.418325 -0.847584 -0.297016 -0.444992 -0.844845 -0.302105 -0.800213 -0.518065 -0.243421 -0.718189 -0.651882 -0.192221 -0.064520 -0.979228 -0.335271 -0.162051 -0.928080 -0.725794 -0.133141 -0.674904 -0.619058 0.114433 -0.776963 -0.667244 -0.442806 -0.598922 -0.672348 -0.132193 -0.728336 -0.707475 -0.289431 -0.644755 0.863168 -0.165279 -0.477099 0.972575 -0.201239 0.116621 0.984085 0.135128 -0.115399 0.348150 -0.756055 -0.554232 0.462813 -0.882732 0.081163 0.699867 -0.594916 0.395298 0.352449 -0.894101 -0.276339 0.239174 -0.288901 -0.927002 0.265673 -0.248290 -0.931542 -0.022965 0.195927 -0.980350 -0.140915 0.275338 -0.950963 0.099037 0.057953 -0.993395 0.110942 -0.474492 -0.873241 0.051922 -0.307222 -0.950220 0.164287 -0.345838 -0.923800 -0.589369 -0.556274 -0.585835 -0.693430 -0.465241 -0.550187 -0.552571 -0.558369 -0.618781 -0.049191 -0.994887 -0.088202 0.204337 -0.739478 0.641420 0.246149 -0.513229 0.822196 -0.090651 -0.992830 0.077914 0.007174 -0.981026 -0.193744 -0.079561 -0.877744 -0.472477 -0.421099 -0.812849 -0.402432 0.217085 -0.156718 0.963490 0.684776 -0.708234 0.171717 0.402674 -0.292115 0.867481 0.538032 -0.812489 -0.224463 0.408851 -0.834467 -0.369468 -0.306725 -0.668825 -0.677194 -0.527868 -0.606051 -0.595027 0.591044 -0.646106 -0.482923 0.126280 -0.949296 -0.287908 0.902277 -0.228707 -0.365499 -0.433459 0.305520 -0.847804 -0.323287 0.348500 -0.879792 -0.515317 0.222790 -0.827534 -0.764138 -0.330246 -0.554104 -0.731511 -0.265372 -0.628068 -0.786357 -0.211110 -0.580581 -0.663179 0.024710 -0.748053 0.972005 0.234231 0.018513 0.966426 0.165669 0.196407 0.900646 -0.011642 0.434397 0.879110 0.461565 0.118845 0.869880 0.444698 0.213431 0.433290 -0.556500 -0.708920 0.244066 -0.791576 -0.560214 0.319606 -0.947406 0.016521 0.733938 -0.107572 0.670644 0.609238 -0.349603 0.711763 0.007447 -0.148853 -0.988831 -0.021944 0.042026 -0.998875 -0.204197 0.132110 -0.969975 -0.387741 0.250148 -0.887177 -0.029090 -0.171423 -0.984768 0.118117 -0.455024 -0.882610 -0.739377 -0.450590 -0.500290 -0.771938 -0.415673 -0.480964 -0.797417 -0.095825 -0.595771 -0.869258 -0.080019 -0.487840 -0.718056 -0.438848 -0.540192 -0.588602 -0.491465 -0.641880 -0.007017 -0.838715 0.544526 0.054477 -0.074597 0.995725 -0.007161 0.208870 0.977917 -0.634423 -0.661484 -0.399934 -0.396043 -0.621695 -0.675755 0.470059 -0.445004 -0.762244 0.693090 -0.610809 -0.382804 -0.041149 0.266507 0.962954 -0.065184 0.295722 0.953047 0.583425 -0.141218 0.799796 0.898820 -0.434120 0.060510 0.766530 -0.556579 -0.320393 0.743236 -0.636705 -0.205445 -0.082247 -0.995809 0.039987 0.135477 -0.990778 -0.002314 0.933246 -0.356764 -0.042085 0.975110 0.191647 0.111501 -0.356631 0.351224 -0.865711 -0.501139 0.200677 -0.841777 -0.740803 0.140078 -0.656954 0.344081 0.588066 0.731974 0.473741 0.568002 0.673010 0.925607 0.272782 0.262376 0.852465 0.110009 0.511079 0.721512 0.607152 0.332845 0.786925 0.588371 0.185928 0.595632 0.669919 0.443204 0.569336 0.577402 0.585204 0.803254 0.417729 0.424599 0.188256 -0.870420 -0.454894 0.538071 -0.834578 0.118151 0.523947 -0.849053 -0.067740 0.689355 0.224809 0.688659 0.508646 0.275362 0.815754 0.711141 -0.013851 0.702913 0.484707 0.295976 0.823078 0.631381 -0.594322 0.498136 -0.050768 -0.359666 -0.931699 -0.108971 -0.302627 -0.946859 -0.041840 -0.282881 -0.958242 -0.122214 -0.255135 -0.959151 -0.441239 0.039082 -0.896538 -0.459988 0.143605 -0.876235 -0.062331 -0.464424 -0.883417 0.320033 -0.785581 -0.529568 0.017160 -0.464398 -0.885460 -0.738002 -0.267730 -0.619414 -0.667236 -0.004746 -0.744831 -0.865419 -0.007681 -0.500990 -0.946412 0.265351 -0.184101 -0.727618 -0.220449 -0.649595 -0.777068 0.025308 -0.628908 -0.571656 -0.370089 -0.732287 -0.582739 -0.272557 -0.765590 0.037978 -0.161843 -0.986085 -0.401031 -0.650385 0.645115 -0.163172 -0.953746 0.252473 -0.417255 -0.228618 0.879563 -0.351313 0.007416 0.936229 -0.281448 0.092426 0.955115 -0.076987 0.283957 0.955741 -0.193400 0.253676 0.947758 0.595597 -0.223058 -0.771692 0.660466 -0.548285 -0.513000 -0.484956 0.076276 0.871206 -0.130042 0.197979 0.971542 -0.612278 0.086076 0.785943 -0.664116 0.306459 0.681933 -0.091343 0.353967 0.930786 -0.342227 0.683677 0.644566 -0.595200 0.459987 0.658899 -0.423898 0.247109 0.871348 0.224396 0.211522 0.951265 -0.047121 0.225937 0.973002 0.680600 0.251592 0.688103 0.989617 -0.076002 -0.121996 0.785836 -0.479644 -0.390389 0.653366 -0.464983 -0.597414 0.757329 -0.414370 -0.504727 0.673479 -0.556934 -0.486056 0.510286 -0.518293 -0.686280 0.631277 -0.755813 -0.173885 -0.668537 -0.709884 0.221637 -0.285513 -0.825780 -0.486385 0.923700 -0.347324 -0.161690 0.908497 0.185607 -0.374411 0.624402 0.587137 0.515163 -0.477730 0.060308 -0.876434 -0.502881 -0.037162 -0.863557 -0.448175 0.095092 -0.888874 -0.088917 0.645202 0.758821 -0.420370 0.503035 0.755145 -0.546926 0.639142 0.540712 0.172403 0.419155 0.891396 -0.176205 0.409126 0.895303 0.301882 0.453809 0.838406 0.107940 0.383604 0.917168 0.143745 0.358092 0.922555 0.598829 0.375078 0.707616 0.698267 0.425843 0.575397 0.793351 -0.591295 0.144793 0.534979 0.353111 0.767536 0.880157 0.084059 0.467181 0.798149 0.239350 0.552874 -0.006293 -0.423331 -0.905953 -0.036091 -0.373761 -0.926822 -0.042302 -0.575522 -0.816691 -0.202809 -0.269523 -0.941396 -0.308422 0.030969 -0.950745 -0.081041 -0.352125 -0.932438 -0.010690 -0.482860 -0.875633 0.265289 -0.675513 -0.687971 -0.655330 -0.724325 -0.214232 -0.459774 -0.721573 -0.517629 -0.440890 -0.583677 -0.681864 -0.995739 -0.082998 0.040195 -0.841717 0.169192 -0.512724 -0.970860 0.216733 -0.102262 -0.811774 0.359660 0.460074 -0.794897 0.123715 0.593997 -0.559824 -0.010601 -0.828544 -0.563097 -0.234204 -0.792509 -0.653335 -0.015749 -0.756905 -0.184890 0.309964 -0.932597 0.408442 0.044197 -0.911714 0.281515 0.211633 -0.935928 -0.845416 -0.256651 0.468404 -0.517442 0.022882 0.855412 -0.350920 0.196214 0.915617 -0.064713 0.304264 0.950387 -0.197312 0.328451 0.923682 0.293646 -0.397592 -0.869306 0.172257 -0.137744 -0.975374 -0.375623 -0.273347 0.885545 -0.618593 -0.280364 0.733988 -0.773621 -0.127235 0.620744 0.063789 -0.095952 0.993340 -0.772233 0.246128 0.585728 -0.684440 0.589866 0.428484 -0.796859 0.351442 0.491431 -0.536344 0.389149 0.748931 -0.340282 0.588496 0.733404 -0.008007 0.517272 0.855783 -0.047833 0.713728 0.698788 -0.661801 0.729798 -0.171506 -0.859430 0.511190 -0.008088 -0.891331 0.405073 0.203579 -0.549025 -0.054396 0.834034 -0.244644 0.066107 0.967357 -0.151712 0.420198 0.894660 -0.176997 0.214629 0.960524 0.151031 -0.509180 0.847305 -0.035210 0.206292 0.977857 -0.063871 0.253361 0.965261 0.562230 0.641129 0.522351 0.842168 0.211519 -0.495997 0.566778 -0.505432 -0.650616 0.780301 -0.431525 -0.452677 0.746941 -0.428590 -0.508321 0.589073 -0.549857 -0.592157 0.279754 -0.803864 -0.524919 0.012405 -0.627740 -0.778324 -0.002285 -0.357203 -0.934024 0.251827 -0.116580 -0.960725 0.131748 -0.288576 -0.948349 0.622462 -0.489726 -0.610499 0.524097 -0.664096 -0.533197 0.246789 -0.705375 -0.664486 0.736117 -0.412061 -0.536971 -0.854573 -0.439243 -0.277075 0.098393 -0.712206 -0.695040 0.059927 -0.632600 -0.772157 -0.312166 -0.510557 -0.801177 -0.558965 -0.512180 -0.652097 0.440976 -0.324709 -0.836722 0.737279 0.411057 -0.536144 0.539384 0.751226 0.380425 -0.458241 -0.198260 -0.866434 -0.597056 -0.125519 -0.792318 -0.577191 0.002875 -0.816604 -0.490715 0.152926 -0.857795 -0.353532 -0.258270 -0.899062 -0.017145 0.751468 0.659547 -0.232267 0.630908 0.740275 -0.952493 0.082677 0.293124 -0.810478 -0.089412 -0.578904 -0.477715 0.257624 0.839892 -0.276737 0.405547 0.871176 -0.909704 0.397414 -0.120422 -0.351495 0.725279 0.591965 -0.860603 0.507526 0.042181 -0.148923 0.342356 0.927693 -0.167645 0.398939 0.901523 -0.049775 -0.257171 0.965083 0.483250 0.121896 0.866955 0.553997 0.256200 0.792116 0.692317 0.121860 0.711230 0.629126 0.145018 0.763656 0.601136 -0.509609 -0.615577 0.989979 -0.109530 0.089135 0.721749 0.160658 0.673251 0.785100 -0.069294 0.615481 0.616194 -0.753558 0.229034 0.932794 -0.298568 0.201874 0.949691 -0.113578 0.291869 0.595278 0.248100 0.764258 0.906832 -0.385192 -0.171126 0.680063 -0.425449 -0.597082 0.119743 -0.658037 -0.743404 -0.492751 -0.331252 -0.804654 -0.197454 -0.787420 -0.583936 -0.137975 -0.976638 -0.164748 -0.738068 -0.266452 0.619886 -0.480813 -0.765672 0.427277 -0.815693 0.326537 -0.477512 -0.758836 0.135868 -0.636952 -0.641762 0.524807 -0.559214 -0.741481 -0.149406 -0.654129 -0.786119 0.172719 -0.593452 -0.634178 -0.149794 -0.758538 -0.164005 0.292846 -0.941989 -0.888063 -0.353504 -0.293903 -0.237314 0.358551 0.902842 -0.105138 -0.269227 -0.957321 0.019077 -0.482421 0.875731 -0.445948 -0.717927 0.534520 -0.198488 -0.863029 0.464524 -0.681240 -0.421949 0.598223 -0.859780 -0.482687 0.166707 -0.971245 0.232829 0.049745 -0.832240 0.252586 0.493536 -0.870250 0.462938 0.168386 -0.585979 0.280368 -0.760278 -0.660204 0.261599 -0.704057 -0.644352 0.363822 0.672640 -0.561493 0.353343 0.748247 -0.314035 0.545563 0.777009 -0.336300 0.797403 0.501050 -0.720108 0.638041 -0.272670 -0.774885 0.321624 -0.544161 -0.439008 -0.355947 0.824969 -0.746606 0.581351 0.323435 -0.925723 0.138709 0.351847 -0.862601 0.168149 0.477122 -0.758672 0.077511 0.646845 -0.452241 -0.342738 0.823413 -0.495033 -0.760689 0.419875 0.403283 0.895474 0.188387 0.042282 0.680711 0.731331 0.337184 -0.560801 -0.756181 0.580831 -0.065009 -0.811424 0.385145 -0.598464 -0.702498 0.711137 -0.357841 -0.605172 -0.072577 -0.956614 -0.282173 0.528862 -0.389123 -0.754247 0.585278 -0.245023 -0.772925 0.669494 -0.336861 -0.662044 -0.309982 -0.911417 0.270612 -0.011690 -0.962016 -0.272742 -0.387201 -0.850202 -0.356696 0.653808 -0.191039 -0.732147 -0.420827 -0.706579 -0.568903 -0.679561 -0.407955 -0.609729 -0.363988 -0.117005 -0.924025 0.497083 -0.413252 -0.762975 0.053390 -0.658238 -0.750915 0.137411 -0.481527 -0.865592 0.135898 -0.709301 -0.691682 0.177172 -0.693473 -0.698359 0.219274 -0.683000 -0.696728 0.048090 -0.720675 -0.691604 0.251152 -0.589121 -0.768023 -0.786847 -0.310287 -0.533473 0.452685 -0.232131 -0.860925 0.649295 0.738490 0.181793 0.794284 0.539679 -0.279033 0.377142 0.854940 0.356149 -0.591390 -0.350002 -0.726469 -0.569507 -0.283993 -0.771369 -0.700226 -0.111470 -0.705166 -0.520341 0.107120 -0.847213 -0.678080 -0.046858 -0.733493 0.021196 -0.704823 -0.709066 -0.504767 -0.087850 -0.858774 -0.371979 -0.768020 -0.521322 -0.043914 -0.925856 -0.375317 -0.498303 0.229739 -0.836011 -0.185385 0.927145 0.325630 -0.755485 -0.045537 -0.653581 -0.678408 0.610762 0.408328 -0.541047 0.762358 0.355077 -0.336440 0.882752 0.327958 0.118221 -0.909591 0.398331 0.012435 0.025765 0.999591 -0.195345 -0.865702 0.460869 -0.186890 0.079898 0.979126 -0.014023 0.101664 0.994720 0.776012 0.155948 0.611135 0.849117 0.133228 0.511126 0.538459 0.168019 0.825731 0.803923 0.147124 0.576248 0.654351 -0.104106 0.748990 0.702928 -0.049169 0.709559 0.624462 0.008484 0.781009 0.981780 -0.040625 0.185628 0.880284 -0.464361 0.097306 0.802257 0.314598 0.507357 0.139790 -0.917360 -0.372705 -0.066665 -0.974696 -0.213361 0.098166 -0.901546 -0.421401 0.694337 -0.654471 -0.299273 0.650769 0.179370 0.737785 0.759598 0.239291 0.604774 0.484891 -0.723616 -0.491183 -0.640729 -0.619281 -0.453825 -0.671997 -0.184009 -0.717329 -0.755668 -0.326150 -0.567971 -0.652821 -0.335449 -0.679190 -0.052763 -0.995598 0.077460 -0.811045 -0.039061 -0.583678 -0.943044 0.026900 -0.331578 -0.920985 -0.146689 -0.360928 -0.797572 -0.460480 -0.389664 -0.510020 -0.851229 0.123646 -0.996024 -0.089072 0.001632 -0.868823 -0.036109 -0.493804 -0.953640 -0.276240 0.119422 -0.818150 -0.490542 0.299999 -0.902451 -0.422299 0.085123 -0.673559 -0.036261 0.738244 -0.682938 -0.557018 0.472574 -0.520807 0.162033 0.838156 -0.887149 0.237030 -0.395958 -0.876933 0.016004 -0.480347 -0.982943 -0.109454 -0.147796 -0.973154 -0.031997 0.227919 -0.975104 -0.183701 -0.124203 -0.874359 -0.336914 0.349265 -0.777888 -0.625641 -0.058858 0.428919 0.125688 -0.894556 -0.023131 0.997171 0.071526 -0.310291 0.808487 0.500069 0.124028 -0.802246 -0.583968 0.335062 -0.531250 -0.778143 0.406674 -0.332863 -0.850775 0.059560 -0.992859 -0.103360 -0.705631 -0.465566 0.534166 -0.526758 -0.815509 0.239733 0.569480 -0.143588 -0.809367 0.419006 -0.193938 -0.887030 0.379369 -0.359378 -0.852600 -0.814506 -0.519465 -0.258334 -0.803266 -0.570429 -0.171392 0.005309 -0.554059 -0.832460 -0.050362 -0.711800 -0.700574 0.311282 -0.398048 -0.862937 0.249986 -0.726057 -0.640584 0.178421 -0.752326 -0.634170 0.069562 -0.740884 -0.668021 0.188960 -0.712476 -0.675776 0.294043 -0.715029 -0.634249 0.145131 -0.701905 -0.697328 0.328284 -0.792662 -0.513729 0.474461 -0.588285 -0.654834 0.889081 0.091781 -0.448453 0.660032 0.737021 0.145457 0.462241 0.879644 0.112071 -0.457993 -0.119460 -0.880892 -0.165190 -0.152046 -0.974471 -0.581657 -0.205421 -0.787069 -0.557672 0.088063 -0.825377 -0.455399 0.425532 -0.782007 -0.620490 0.269290 -0.736529 -0.594474 0.276099 -0.755228 -0.726981 -0.092868 -0.680349 -0.557509 -0.086667 -0.825635 -0.471688 -0.067694 -0.879163 -0.427839 0.061546 -0.901757 -0.793129 -0.025101 -0.608536 -0.716823 -0.040602 -0.696072 -0.593148 -0.054270 -0.803262 -0.561070 -0.094935 -0.822306 -0.466245 0.205107 -0.860550 -0.466497 -0.862318 -0.196946 -0.387037 0.178274 -0.904666 -0.606008 -0.207307 -0.767971 -0.746675 -0.560899 -0.357588 -0.278364 0.164416 -0.946299 0.014388 -0.996293 0.084818 -0.087650 0.847202 0.523991 -0.373720 0.759897 0.531874 -0.825098 0.518011 0.225561 -0.209538 -0.272477 -0.939069 -0.493998 0.395611 0.774246 0.222060 0.096650 0.970231 0.130211 -0.263977 0.955699 0.179908 0.270600 0.945732 -0.044098 -0.878631 0.475461 -0.168432 0.460728 0.871413 -0.250062 0.322658 0.912886 -0.342328 0.185314 0.921125 -0.449582 0.103278 0.887249 0.311694 0.145000 0.939054 -0.368119 0.142132 0.918851 0.592699 0.106601 0.798338 0.635123 0.032018 0.771747 0.635961 0.005914 0.771698 0.923534 0.281656 0.260298 0.822031 0.147072 0.550123 0.929911 0.213617 0.299389 0.721272 -0.208386 0.660561 0.585614 -0.135577 0.799171 0.686714 0.071270 0.723426 0.702874 0.103435 0.703754 0.969841 0.228062 -0.085994 0.481852 -0.481409 -0.732164 0.816391 -0.049999 -0.575331 0.939499 0.332972 -0.080441 -0.554283 -0.786754 -0.271639 -0.382516 -0.715870 -0.584134 0.735228 0.032207 0.677054 0.902798 0.288205 0.319207 -0.856130 -0.424875 -0.294148 -0.332006 -0.264867 -0.905327 -0.109619 -0.451196 -0.885667 -0.847344 -0.383309 -0.367537 -0.326080 -0.076839 0.942214 -0.398211 -0.715747 0.573702 -0.486452 0.584352 0.649536 -0.945009 -0.324878 -0.037592 -0.010822 -0.932114 -0.362004 0.228856 -0.324462 -0.917796 -0.348347 0.930333 -0.114606 -0.573822 0.735529 0.360175 0.148136 -0.824189 -0.546596 0.299547 -0.455011 -0.838592 0.447325 -0.427083 -0.785811 0.178991 -0.922875 0.340974 0.439651 -0.339346 -0.831595 0.380121 -0.222662 -0.897736 0.374708 -0.182791 -0.908945 0.357361 -0.379133 -0.853552 0.144893 -0.699282 -0.700008 -0.062006 -0.778823 -0.624172 0.054592 -0.778295 -0.625521 0.614496 -0.601596 -0.510370 0.427502 -0.747088 -0.509021 0.324946 -0.785714 -0.526368 0.189844 -0.772473 -0.606007 0.229330 -0.701264 -0.675008 -0.200282 -0.975168 0.094526 0.256924 -0.945545 -0.199837 0.631825 -0.554070 -0.542036 0.775087 -0.569596 -0.273498 0.149665 -0.795515 -0.587159 0.482338 -0.774866 -0.408575 -0.320927 -0.905906 0.276296 0.177049 -0.911808 0.370486 0.651889 -0.567232 -0.503278 0.602485 -0.472392 -0.643318 0.978826 0.153690 -0.135200 0.791487 0.599425 0.119322 0.399763 0.767202 0.501588 0.133916 0.151470 -0.979348 0.210916 0.400952 -0.891488 -0.030913 0.417245 -0.908268 0.165850 0.031504 -0.985648 0.129875 0.209921 -0.969054 0.564663 0.236765 -0.790632 -0.087637 0.614684 -0.783890 0.104009 0.785378 -0.610216 0.033596 0.920247 -0.389893 -0.050509 0.945396 -0.321987 -0.744602 -0.000090 -0.667509 -0.678602 0.207671 -0.704537 -0.791247 -0.032432 -0.610636 -0.697781 0.533691 -0.477782 -0.666402 0.643153 -0.377178 -0.729043 0.502473 -0.464777 -0.397755 0.101948 -0.911810 -0.615535 -0.088341 -0.783142 -0.607470 -0.055770 -0.792382 -0.550585 0.658292 -0.513329 -0.619680 0.440461 -0.649608 -0.430470 -0.747815 0.505438 -0.829142 -0.106025 -0.548892 -0.875565 0.074512 -0.477320 -0.603867 0.101201 -0.790635 -0.709481 -0.337483 0.618662 0.077713 0.296174 0.951967 -0.514864 0.631019 -0.580284 -0.797212 0.522075 0.303137 -0.769002 0.608992 0.194332 0.432580 -0.577404 0.692444 0.164524 -0.441935 0.881831 -0.352547 -0.538675 0.765206 -0.919256 -0.060955 0.388914 0.182804 0.563125 0.805899 0.230314 0.573989 0.785806 0.156382 0.480651 0.862855 0.099752 0.419293 0.902354 0.189760 -0.006148 0.981811 0.141627 0.536766 0.831759 0.019863 0.534324 0.845046 0.159378 0.209155 0.964807 -0.148102 0.072598 0.986304 -0.211887 0.200311 0.956545 -0.292160 0.152620 0.944113 0.038135 -0.029066 0.998850 0.772164 0.187100 0.607253 0.158710 -0.006403 0.987305 0.804688 0.216348 0.552874 0.655756 0.507640 0.558826 0.753010 0.258060 0.605294 0.886412 0.328236 0.326397 0.717484 0.118521 0.686418 0.500661 0.152202 0.852158 0.414044 0.014352 0.910144 0.292205 0.457157 0.840014 0.446267 0.484617 0.752324 0.497071 0.634545 0.591838 0.621939 0.502254 0.600777 0.651574 0.049307 -0.756981 0.418981 -0.192511 -0.887352 0.305776 0.203306 -0.930144 0.667601 0.337755 -0.663499 0.888231 0.210748 0.408204 0.815949 0.459646 -0.350646 -0.138286 -0.648242 0.748772 -0.253912 -0.165441 0.952973 0.334543 -0.657612 -0.675002 0.183358 0.261768 -0.947553 -0.533365 0.792665 -0.295303 -0.665794 0.624937 0.407642 -0.390445 0.008300 0.920589 0.438472 -0.558793 -0.703912 0.543713 -0.298026 -0.784574 0.348195 -0.021552 -0.937174 0.481037 -0.811911 0.330764 0.458460 -0.554681 -0.694365 0.537646 -0.609448 -0.582675 0.478753 -0.472791 -0.739773 0.425467 -0.116175 -0.897486 0.620184 -0.399589 -0.675056 0.499075 -0.390358 -0.773657 0.031467 -0.856194 -0.515695 0.398169 -0.852616 -0.338390 0.061987 -0.822233 -0.565766 0.601969 -0.785374 -0.144294 0.518547 -0.808992 -0.276843 0.596642 -0.787617 -0.153875 0.475262 -0.821167 -0.315928 0.118835 -0.853586 -0.507217 0.520523 -0.799741 -0.299116 0.165503 -0.916549 0.364069 0.505245 -0.806584 0.306838 0.735150 -0.368456 -0.569030 0.806659 -0.353139 -0.473914 -0.734471 -0.254364 0.629168 0.867877 0.483128 0.115655 0.926883 -0.372015 -0.049932 0.716920 0.461200 0.522800 0.489456 0.706543 -0.511107 0.564522 0.821988 -0.075171 0.590365 0.758891 0.274869 -0.257111 0.926367 -0.275206 0.338403 0.900103 0.274404 0.405941 0.901133 0.152219 -0.436016 0.819021 -0.372955 -0.378078 0.819286 0.431077 -0.413435 0.799747 0.435288 -0.334790 0.839739 0.427498 -0.315359 0.877973 0.360156 -0.428094 0.903435 -0.023240 -0.710698 0.512399 0.482033 -0.459911 0.687437 0.562061 -0.816312 0.340547 -0.466543 -0.824171 0.253225 -0.506576 -0.806045 -0.019559 -0.591531 -0.362665 0.930738 -0.046907 0.007120 0.949876 0.312545 0.055372 0.978570 0.198330 0.109296 0.947436 0.300699 0.222041 -0.016132 0.974904 -0.920246 -0.057235 0.387133 -0.814329 -0.121758 0.567489 -0.967971 -0.224234 0.112920 0.212128 0.182465 0.960056 0.203939 -0.076328 0.976004 0.759173 -0.579552 0.296270 0.084673 0.257606 -0.962533 0.222837 0.159876 0.961656 0.243214 0.146623 0.958827 0.109472 0.195781 0.974518 0.080412 0.386866 0.918623 0.311466 0.335941 0.888894 0.642941 0.266644 0.718003 0.348379 -0.138559 0.927056 0.096221 0.013290 0.995271 0.108639 -0.001754 0.994080 0.318037 0.161507 0.934220 0.080696 -0.015230 0.996622 0.067971 0.003626 0.997681 0.832345 0.538927 0.129454 0.546369 -0.018609 0.837338 0.227016 -0.021313 0.973658 0.520757 -0.060232 0.851578 0.333827 0.261068 0.905761 0.332577 0.410727 0.848938 0.299585 0.226509 0.926792 0.499209 -0.118434 0.858350 0.494242 -0.061346 0.867157 0.351380 0.140003 0.925706 0.110299 0.430303 0.895920 -0.062708 0.693628 0.717598 -0.073841 0.870517 0.486568 -0.146416 0.848205 0.509030 0.220619 0.767728 0.601599 0.512090 -0.584716 -0.629183 0.532912 -0.108061 -0.839243 0.328778 -0.887390 -0.323176 0.575335 -0.802398 -0.158579 0.605631 -0.776224 -0.175177 -0.149821 0.705010 0.693192 -0.156245 0.714036 0.682451 -0.159925 0.665101 0.729427 -0.222596 0.652619 0.724251 -0.142324 0.778667 0.611082 -0.375238 0.479220 0.793438 -0.196400 0.498346 0.844440 -0.844176 0.394838 0.362587 -0.390836 0.452010 0.801832 -0.922304 0.295945 0.248541 -0.959129 -0.040826 -0.280008 -0.931636 -0.238797 -0.273915 0.603140 0.256569 0.755245 -0.030184 -0.402280 0.915019 0.088899 -0.663686 0.742710 -0.820957 -0.278293 0.498580 0.614718 0.349906 0.706886 0.520336 -0.420395 0.743316 0.721778 0.008298 0.692074 0.227743 -0.014053 0.973620 0.098129 -0.185483 0.977736 0.151692 -0.018712 0.988251 0.311492 0.135719 0.940507 0.636454 0.312610 0.705125 0.299005 0.000717 0.954251 0.007192 0.074995 0.997158 0.147799 -0.025863 0.988679 -0.129637 0.087527 0.987691 -0.041084 0.096652 0.994470 0.497432 -0.063946 0.865143 0.129429 0.506480 0.852482 0.386655 0.226204 0.894052 0.126107 0.305281 0.943875 0.191111 0.207960 0.959286 0.488253 -0.120779 0.864304 -0.115948 0.599827 0.791684 -0.478155 0.436810 0.761948 -0.703793 0.386842 0.595843 -0.001742 0.088414 0.996082 -0.265700 0.356840 0.895583 -0.593414 0.270747 0.757995 0.439396 -0.484260 0.756587 0.384546 -0.690207 0.612975 0.033604 -0.543647 0.838641 0.257222 -0.629996 0.732763 0.351990 -0.709757 0.610204 0.270600 -0.637191 0.721639 -0.065982 -0.225273 0.972059 0.482366 -0.045278 0.874799 0.341877 -0.473272 0.811871 0.304241 0.108270 0.946422 0.247620 -0.107788 0.962843 0.268313 -0.113235 0.956653 0.387715 -0.349882 0.852795 0.138806 0.462686 0.875588 0.419561 -0.383558 0.822710 0.354699 -0.571649 0.739869 -0.461457 0.420843 0.780992 -0.050908 -0.112653 0.992329 -0.290255 0.281862 0.914498 -0.090631 -0.068604 0.993519 0.300226 -0.510344 0.805862 0.308339 -0.372990 0.875103</float_array>
          <technique_common>
            <accessor source="#mesh_1-normals-array" count="845" stride="3">
              <param name="X" type="float"/>
              <param name="Y" type="float"/>
              <param name="Z" type="float"/>
            </accessor>
          </technique_common>
        </source>
        <vertices id="mesh_1-vertices">
           <input semantic="POSITION" source="#mesh_1-positions"/>
        </vertices>
        <triangles count="1690">
            <input semantic="VERTEX" source="#mesh_1-vertices" offset="0" />
            <input semantic="NORMAL" source="#mesh_1-normals" offset="0" />
          <p>2 1 0 2 0 3 0 1 4 4 3 0 2 5 1 1 7 6 7 1 5 1 6 4 8 2 3 9 2 8 5 2 9 11 3 10 11 8 3 3 4 10 12 4 6 4 12 13 4 13 14 10 4 14 15 5 9 15 16 5 7 5 16 6 17 12 6 19 18 17 6 18 7 20 6 6 21 19 21 6 20 20 7 22 7 16 22 11 23 8 23 9 8 24 9 23 15 9 24 10 26 25 10 14 26 10 25 11 23 11 27 27 11 25 17 13 12 28 14 13 29 13 17 29 28 13 26 14 28 24 30 15 15 30 16 16 31 22 30 31 16 32 29 17 17 18 32 32 18 33 19 33 18 21 34 19 34 33 19 20 35 21 22 36 20 20 36 35 21 35 37 34 21 37 31 38 22 22 38 36 39 23 27 39 24 23 40 30 24 40 24 39 25 26 41 43 42 25 44 27 25 25 41 43 46 25 45 25 46 44 42 45 25 26 28 41 48 27 47 27 44 49 27 48 39 47 27 49 50 28 29 28 51 41 28 52 51 28 53 52 28 50 53 29 32 54 29 54 50 30 55 31 56 55 30 30 57 56 57 30 40 38 31 55 33 58 32 32 58 59 59 54 32 33 34 58 37 60 34 34 60 61 34 61 58 36 62 35 37 35 62 36 64 63 64 36 38 65 62 36 63 65 36 62 65 37 37 65 60 38 66 64 55 66 38 48 67 39 40 39 67 40 67 68 40 68 57 69 43 41 41 51 69 42 69 70 69 42 43 70 71 42 42 71 45 72 44 46 73 44 72 44 73 49 75 45 74 76 45 75 46 45 76 71 74 45 46 77 72 77 46 76 49 78 47 47 79 48 47 78 79 67 48 80 80 48 79 49 73 81 78 49 81 82 53 50 50 84 83 50 85 84 85 50 54 50 83 82 51 87 86 87 51 52 70 51 86 70 69 51 52 53 87 87 53 82 59 85 54 88 66 55 55 56 89 55 89 88 57 90 56 56 90 91 91 89 56 57 68 92 57 93 90 92 94 57 93 57 94 59 58 95 96 58 61 97 95 58 58 96 97 85 59 84 95 84 59 65 98 60 61 60 98 100 61 99 61 98 101 99 61 101 96 61 100 102 65 63 63 64 103 63 103 102 64 105 104 105 64 66 64 104 106 103 64 106 108 107 65 102 109 65 65 107 98 109 108 65 88 105 66 68 67 80 111 68 110 68 80 112 110 68 112 92 68 111 86 113 70 70 113 71 113 114 71 115 71 114 71 115 74 72 77 116 73 72 116 118 73 117 73 116 117 73 118 119 73 119 81 120 74 115 75 74 120 75 122 121 123 76 75 123 75 121 120 122 75 77 76 123 77 117 116 77 124 117 124 77 123 79 78 81 81 125 79 79 112 80 79 125 126 112 79 126 119 125 81 83 127 82 128 82 127 82 128 87 129 83 84 127 83 129 95 129 84 87 128 86 113 86 128 130 88 89 131 105 88 88 130 131 91 130 89 90 93 91 132 130 91 93 132 91 111 133 92 92 134 94 92 135 134 92 133 135 134 136 93 93 94 134 93 136 132 129 95 137 95 97 137 138 97 96 139 138 96 100 139 96 97 141 140 140 137 97 138 141 97 98 107 142 101 98 143 143 98 142 144 100 99 144 99 101 139 100 145 146 145 100 146 100 144 144 101 143 103 106 102 109 102 147 106 147 102 104 149 148 106 104 148 105 149 104 131 150 105 105 150 149 147 106 151 151 106 148 107 108 152 142 107 152 108 109 147 147 152 108 112 153 110 110 153 111 111 153 154 156 111 155 156 133 111 157 155 111 154 157 111 112 157 154 158 157 112 112 126 158 154 153 112 114 113 159 113 128 159 160 114 159 114 160 115 120 115 161 160 161 115 124 118 117 118 162 119 162 118 163 164 163 118 165 164 118 124 165 118 119 162 125 120 167 166 161 167 120 122 120 166 168 121 122 169 123 121 121 168 169 166 168 122 165 123 170 123 169 170 123 165 124 162 126 125 126 163 158 126 162 163 129 171 127 128 127 171 172 159 128 172 128 173 173 128 171 174 171 129 174 129 175 137 175 129 176 131 130 132 176 130 150 131 176 177 176 132 136 177 132 133 156 135 136 134 135 178 135 156 178 136 135 177 136 178 137 179 175 137 180 179 140 180 137 181 141 138 139 181 138 182 181 139 182 139 145 180 140 183 184 183 140 184 140 141 141 186 185 141 185 184 187 186 141 181 187 141 143 142 152 144 143 188 188 143 152 189 146 144 190 189 144 188 190 144 182 145 191 146 191 145 191 146 192 194 146 193 192 146 194 195 146 189 195 193 146 152 147 196 196 147 197 151 197 147 148 199 198 148 149 199 151 148 198 149 200 199 150 200 149 201 150 176 200 150 201 151 202 197 198 202 151 188 152 203 203 152 204 152 196 204 155 205 156 205 155 206 208 155 207 157 209 155 209 207 155 206 155 208 156 210 178 210 156 205 211 157 158 211 212 157 212 209 157 213 211 158 213 158 163 159 215 214 172 215 159 159 216 160 159 214 216 217 161 160 216 217 160 217 218 161 161 220 219 167 161 219 161 218 220 164 213 163 213 164 221 221 164 165 222 221 165 170 222 165 166 224 223 224 166 167 225 166 223 225 226 166 166 226 227 168 166 227 229 228 167 229 167 230 231 167 228 167 232 230 231 224 167 167 219 232 168 227 233 233 169 168 169 234 170 169 233 234 236 170 235 234 237 170 170 238 235 238 170 237 170 239 222 239 170 236 240 173 171 174 240 171 173 215 172 173 242 241 215 173 241 173 240 242 240 174 243 174 175 243 175 245 244 244 243 175 245 175 179 201 176 177 246 200 177 210 177 178 201 177 200 247 177 210 177 247 248 246 177 248 249 245 179 180 250 179 179 251 249 179 250 251 252 180 183 180 252 253 250 180 253 182 187 181 187 182 191 183 184 185 254 183 185 252 183 254 254 185 255 255 185 186 256 255 186 186 257 256 186 187 258 257 186 258 187 191 258 203 190 188 259 195 189 189 203 259 203 189 190 260 191 192 258 191 260 260 192 194 259 261 193 259 193 195 193 262 194 193 261 262 262 260 194 196 264 263 196 197 264 204 196 263 202 264 197 199 265 198 202 198 265 199 266 265 200 266 199 200 246 267 267 266 200 264 202 268 268 202 265 270 203 269 203 204 269 203 270 259 204 263 269 272 205 271 206 271 205 272 273 205 210 205 273 206 208 274 206 274 271 207 209 275 207 275 276 276 208 207 278 208 277 208 278 274 277 208 276 209 212 279 209 279 280 209 280 281 209 281 275 273 247 210 212 211 213 212 213 282 212 282 279 284 213 283 213 284 282 221 283 213 214 215 241 214 285 216 285 214 241 217 216 286 286 216 285 218 217 286 220 218 287 287 218 286 288 232 219 289 219 220 289 288 219 220 287 289 221 222 290 291 221 290 221 291 283 290 222 239 292 223 224 223 292 293 223 293 294 294 225 223 292 224 295 295 224 231 225 296 226 296 225 294 226 298 297 300 299 226 226 297 300 296 298 226 299 227 226 227 299 301 233 227 301 228 303 302 231 228 302 229 304 228 303 228 304 304 229 305 229 277 305 277 229 230 306 278 230 277 230 278 230 307 306 307 230 232 231 302 308 309 231 308 309 310 231 295 231 310 255 232 311 307 232 256 255 256 232 232 288 312 232 312 311 233 301 313 313 234 233 315 234 314 234 315 237 234 313 314 236 235 316 235 317 316 235 238 317 316 318 236 236 318 319 320 236 319 322 236 321 236 322 323 239 236 323 321 236 320 315 238 237 238 324 317 238 315 325 324 238 325 323 290 239 242 240 326 327 240 243 326 240 327 242 328 241 241 328 285 330 242 329 242 330 331 242 326 329 328 242 332 331 332 242 244 327 243 244 333 327 244 334 333 244 245 335 334 244 335 249 335 245 246 336 267 336 246 337 338 246 248 338 337 246 247 340 339 340 247 273 338 247 339 247 338 248 335 249 341 342 249 251 249 342 341 344 250 343 343 250 345 253 346 250 250 344 347 250 347 251 345 250 346 348 342 251 251 349 348 349 251 347 252 311 350 311 252 254 350 253 252 350 351 253 253 351 346 254 255 311 352 307 256 257 353 256 353 352 256 258 354 257 257 355 353 356 257 354 356 355 257 260 354 258 357 259 270 358 259 357 358 261 259 260 360 359 260 361 360 361 260 362 363 362 260 260 262 363 260 359 364 354 260 364 262 261 358 262 365 363 365 262 358 264 269 263 367 366 264 264 366 357 270 264 357 264 270 269 264 268 267 264 368 367 264 267 368 266 268 265 268 266 267 368 267 336 271 370 369 272 271 369 274 371 271 271 371 372 271 372 370 273 272 369 340 273 369 371 274 278 276 275 304 373 303 275 374 373 275 275 303 304 374 275 281 304 305 276 277 276 305 278 306 371 282 375 279 279 377 376 279 375 377 376 280 279 376 378 280 378 281 280 378 374 281 282 379 375 379 282 284 291 284 283 284 291 379 285 328 380 380 343 285 345 285 343 286 285 345 287 286 345 289 287 381 287 345 381 350 288 289 288 350 312 289 381 350 291 290 323 382 291 323 382 379 291 292 295 383 292 384 293 292 383 385 292 385 384 293 386 294 293 384 386 388 294 387 387 294 386 388 389 294 389 296 294 383 295 310 298 296 389 391 390 297 392 297 388 297 392 391 297 298 388 393 297 390 297 393 300 388 298 389 299 300 394 299 395 301 395 299 394 300 393 394 313 301 395 396 308 302 303 396 302 303 397 396 303 398 397 373 398 303 306 399 371 307 399 306 399 307 352 400 308 396 308 400 401 308 401 402 308 402 309 309 402 403 309 404 310 404 309 403 404 405 310 385 310 405 385 383 310 350 311 312 406 314 313 407 313 395 313 407 406 409 408 314 314 408 315 314 406 409 325 315 410 408 410 315 318 316 411 411 316 317 324 411 317 413 412 318 318 415 414 318 412 416 318 416 417 418 318 417 319 318 418 411 415 318 419 318 414 419 413 318 319 420 320 418 420 319 420 421 320 320 421 321 422 321 421 322 321 422 323 322 391 322 422 391 392 382 323 391 392 323 423 411 324 324 410 423 324 325 410 424 329 326 425 424 326 333 326 327 333 425 326 380 328 332 427 329 426 329 428 330 329 427 428 329 424 429 329 429 426 330 428 430 430 331 330 430 344 331 331 344 332 380 332 431 344 431 332 432 425 333 334 432 333 434 334 433 433 334 335 334 434 432 335 435 433 341 435 335 336 437 436 368 336 436 437 336 337 338 438 337 438 437 337 439 338 339 338 439 440 438 338 440 340 439 339 369 441 340 443 442 340 444 443 340 340 441 444 439 340 445 340 442 445 435 341 446 342 348 341 341 348 446 343 431 344 380 431 343 344 430 447 344 349 347 349 344 447 345 351 381 351 345 346 449 348 448 349 448 348 348 449 450 446 348 450 349 447 448 381 351 350 352 452 451 352 451 453 352 454 452 352 353 454 399 352 453 454 353 455 456 455 353 353 457 456 457 353 355 354 364 458 458 356 354 460 459 355 459 457 355 461 460 355 356 461 355 461 356 462 458 462 356 366 358 357 366 365 358 464 463 359 465 359 463 360 464 359 359 465 364 361 464 360 362 466 361 467 361 466 361 468 464 361 467 468 363 469 362 466 362 469 363 365 469 364 471 470 471 364 465 458 364 470 472 365 366 365 472 469 366 367 472 472 367 466 466 367 473 368 473 367 475 368 474 475 473 368 368 436 476 474 368 476 441 369 370 444 441 370 370 372 477 370 477 444 371 399 372 453 372 399 372 453 477 478 373 374 373 478 398 478 374 378 379 392 375 375 392 388 377 375 388 376 377 479 480 376 479 480 481 376 481 478 376 378 376 478 377 388 479 379 382 392 384 387 386 384 482 387 384 385 482 385 405 482 387 481 480 387 479 388 387 480 479 481 387 482 390 484 483 393 390 483 484 390 391 484 391 422 485 393 483 394 393 486 393 487 486 393 485 487 395 394 488 394 486 489 489 488 394 395 490 407 490 395 488 397 400 396 397 491 400 397 398 491 398 492 491 478 492 398 491 401 400 493 402 401 491 493 401 402 495 494 495 402 493 403 402 494 496 403 494 496 404 403 405 404 496 497 482 405 497 405 496 499 498 406 500 406 407 406 500 499 406 498 409 490 500 407 408 409 501 408 423 410 408 501 502 423 408 502 498 501 409 411 423 415 503 412 413 503 504 412 412 505 416 505 412 506 504 506 412 413 507 503 413 419 507 508 507 414 414 509 508 423 509 414 507 419 414 415 423 414 416 489 417 489 416 488 505 488 416 486 417 489 486 418 417 418 510 420 418 511 510 487 418 486 487 511 418 510 421 420 421 510 483 421 483 484 422 421 484 423 502 509 424 425 512 513 424 512 424 513 429 425 432 514 512 425 514 426 515 427 517 516 426 515 426 516 429 517 426 427 518 428 427 515 518 519 430 428 520 428 518 428 520 519 429 513 517 521 430 519 522 447 430 522 430 521 432 523 514 434 523 432 433 524 434 433 435 524 434 524 523 525 524 435 435 446 525 436 437 526 436 528 527 436 526 528 436 527 476 437 529 526 437 438 529 531 438 530 438 533 532 438 531 529 530 438 532 533 438 440 439 535 534 536 535 439 440 439 534 536 439 445 538 537 440 440 537 533 539 538 440 440 540 539 540 440 534 445 442 541 542 442 443 544 543 442 545 442 542 545 544 442 543 546 442 442 546 541 542 443 547 444 547 443 547 444 477 536 445 541 548 525 446 549 446 450 548 446 549 551 550 447 447 522 551 447 550 448 550 449 448 449 550 552 549 449 552 549 450 449 554 451 553 553 451 555 452 555 451 556 451 554 477 453 451 477 451 547 556 547 451 452 557 555 558 557 452 454 558 452 454 560 559 454 559 558 560 454 455 456 561 455 562 455 561 562 560 455 457 561 456 563 457 459 561 457 563 564 458 470 458 565 462 564 565 458 567 566 459 563 459 568 459 460 567 566 568 459 460 570 569 569 567 460 460 571 570 461 571 460 461 572 571 565 461 462 461 565 572 463 573 465 464 574 463 575 463 574 463 575 573 574 464 468 576 471 465 573 576 465 473 577 466 466 469 472 577 467 466 468 467 577 468 578 574 468 577 578 579 470 471 470 579 564 580 579 471 580 471 576 581 577 473 473 475 581 582 475 474 582 474 476 582 583 475 583 578 475 578 581 475 527 582 476 478 584 492 478 481 584 584 481 497 497 481 482 483 510 485 485 511 487 511 485 510 488 505 490 490 586 585 587 500 490 490 505 586 585 587 490 492 493 491 584 493 492 584 495 493 588 496 494 494 495 588 495 584 588 588 497 496 584 497 588 590 589 498 498 589 501 498 499 590 499 500 591 591 590 499 591 500 592 500 587 592 501 589 593 593 502 501 593 594 502 594 509 502 596 503 595 504 503 596 598 503 597 599 597 503 507 508 503 599 503 508 503 598 595 504 586 506 586 504 596 505 506 586 600 508 509 600 599 508 509 594 600 602 512 601 512 514 601 602 513 512 603 513 602 513 603 517 514 604 601 514 523 604 515 605 518 606 515 516 605 515 606 607 606 516 517 607 516 603 607 517 605 608 518 521 518 608 521 520 518 520 521 519 610 609 521 612 611 521 521 614 613 521 608 614 521 609 615 616 521 615 521 616 612 610 521 613 521 611 522 522 611 617 618 551 522 617 618 522 604 523 619 523 524 619 524 525 619 621 620 525 525 620 619 525 548 621 526 622 528 622 526 623 624 623 526 624 526 529 625 582 527 625 527 626 527 622 627 626 527 627 527 528 622 624 529 628 628 529 531 531 530 628 628 530 629 530 532 630 630 629 530 630 532 631 532 533 632 532 632 633 532 633 631 533 537 634 634 632 533 535 540 534 635 535 536 636 540 535 635 636 535 546 536 541 536 637 635 536 546 638 637 536 638 537 538 634 538 639 633 634 538 633 639 538 539 540 640 539 640 639 539 540 641 640 540 636 642 540 642 641 643 542 556 547 556 542 542 643 545 544 644 543 543 644 645 646 543 645 646 546 543 545 644 544 545 647 644 545 643 647 546 646 638 621 548 648 548 549 648 648 549 552 649 550 551 552 550 650 651 550 649 651 650 550 551 618 649 653 652 552 652 648 552 552 654 653 655 552 650 552 655 654 657 656 553 555 657 553 658 554 553 656 658 553 554 658 659 660 554 659 554 660 556 555 661 657 662 661 555 555 557 662 556 660 643 557 663 662 664 663 557 558 664 557 559 664 558 559 560 664 664 560 562 563 665 561 666 562 561 561 665 666 664 562 666 665 563 667 668 563 568 563 669 667 563 668 669 579 670 564 670 565 564 671 565 670 565 671 572 673 672 566 566 668 568 566 672 668 566 567 673 567 674 673 569 674 567 674 569 570 674 570 675 675 570 676 570 677 676 571 677 570 677 571 678 679 678 571 571 572 679 680 572 671 572 680 679 573 681 576 681 573 575 578 583 574 574 583 682 574 682 575 682 681 575 576 681 683 684 576 683 576 684 580 577 581 578 670 579 685 579 580 685 686 580 684 580 686 685 582 625 681 582 682 583 582 681 682 585 586 687 596 585 687 585 596 688 585 592 587 688 592 585 586 596 687 593 589 590 593 590 689 690 689 590 590 591 690 691 690 591 592 691 591 649 691 592 649 592 692 592 688 693 693 692 592 689 594 593 594 689 694 600 594 694 595 696 695 697 596 595 695 697 595 696 595 598 697 688 596 597 699 698 599 700 597 700 699 597 597 698 598 702 701 598 703 598 698 598 703 702 701 696 598 700 599 600 600 694 700 704 602 601 601 604 705 704 601 705 706 603 602 704 706 602 607 603 706 604 707 705 707 604 619 708 605 606 605 708 709 614 605 709 608 605 614 711 710 606 712 708 606 606 706 711 606 607 706 606 710 712 609 610 713 713 654 609 609 655 615 655 609 654 614 714 610 614 610 613 610 714 713 611 612 715 617 611 715 716 715 612 697 612 616 612 697 716 652 614 709 714 614 652 615 717 616 717 615 655 616 693 697 693 616 717 715 618 617 702 618 715 703 649 618 702 703 618 619 620 718 719 707 619 718 719 619 718 620 621 718 621 720 648 720 621 686 622 623 686 627 622 623 624 721 721 686 623 624 628 721 681 625 683 626 683 625 627 684 626 626 684 683 684 627 686 628 629 721 630 722 629 721 629 722 631 723 630 722 630 723 631 633 724 724 725 631 726 631 725 631 726 723 634 633 632 633 727 724 633 641 727 639 641 633 635 728 636 637 729 635 728 635 729 636 728 730 731 636 730 636 731 732 636 732 642 734 637 733 733 637 735 729 637 734 637 638 735 735 638 736 736 638 737 646 737 638 641 639 640 641 642 738 641 738 739 641 740 727 641 739 741 740 641 741 642 732 738 643 742 647 660 742 643 743 645 644 743 644 647 744 645 743 645 744 745 646 645 745 646 745 737 747 647 746 743 647 747 746 647 742 748 648 652 648 748 720 649 703 749 651 649 692 649 749 691 692 655 650 651 692 650 748 652 709 714 652 653 653 713 714 713 653 654 655 692 717 750 658 656 751 750 656 657 751 656 661 751 657 658 750 752 659 658 752 753 660 659 753 659 752 754 660 753 660 755 742 660 754 755 663 751 661 662 663 661 751 663 756 664 756 663 664 665 667 665 664 666 757 664 667 756 664 757 669 758 667 758 757 667 672 669 668 669 672 759 669 759 760 761 669 760 669 761 758 723 670 762 670 686 762 686 670 685 670 723 671 726 671 723 671 725 680 671 726 725 759 672 673 674 759 673 675 763 674 674 764 759 674 763 765 764 674 765 676 766 675 675 766 767 763 675 767 676 677 768 676 770 769 771 676 768 771 770 676 766 676 769 677 773 772 678 774 677 677 774 775 773 677 775 768 677 772 776 774 678 679 776 678 680 725 679 679 725 740 679 740 741 739 679 741 776 679 739 762 686 721 688 697 693 689 690 777 777 694 689 749 777 690 690 691 749 717 692 693 699 700 694 777 699 694 716 697 695 778 695 696 695 778 716 778 696 701 699 777 698 777 703 698 702 778 701 778 702 715 777 749 703 779 711 704 705 779 704 711 706 704 780 779 705 707 780 705 719 780 707 708 781 709 781 708 712 709 781 748 781 710 780 780 710 779 710 781 712 710 711 779 778 715 716 718 720 719 780 719 748 720 748 719 722 762 721 762 722 723 724 727 740 725 724 740 729 782 728 728 783 730 728 782 783 734 784 729 729 784 785 782 729 785 731 730 783 775 731 786 786 731 783 731 775 732 732 774 738 732 775 774 788 733 787 735 789 733 789 790 733 787 733 790 733 788 734 784 734 788 735 736 789 736 791 789 791 736 792 736 737 792 793 737 745 737 793 792 738 774 739 774 776 739 742 794 746 794 742 755 747 744 743 795 744 747 795 745 744 796 745 795 797 793 745 796 797 745 746 798 747 746 794 798 747 800 799 798 800 747 799 795 747 780 748 781 751 801 750 750 802 752 802 750 801 751 756 803 801 751 803 804 754 752 804 752 802 752 754 753 754 804 755 805 755 804 805 794 755 806 756 757 756 806 803 807 757 758 757 808 806 807 808 757 761 807 758 759 764 809 760 759 810 809 810 759 807 760 810 807 761 760 808 763 811 811 763 767 763 808 765 808 764 765 764 808 809 811 766 769 766 811 767 768 772 812 813 768 812 813 771 768 769 770 814 769 814 815 811 769 816 769 815 816 770 771 813 814 770 813 772 783 812 772 773 783 783 773 786 786 773 775 782 812 783 782 785 817 812 782 817 784 814 785 814 784 788 814 817 785 787 815 788 815 787 790 814 788 815 790 789 818 789 791 819 818 789 819 815 790 820 821 820 790 818 821 790 791 792 797 819 791 822 822 791 797 793 797 792 794 805 798 823 796 795 799 823 795 796 823 824 796 826 825 827 796 824 796 827 828 826 796 828 797 796 825 797 829 822 829 797 825 805 830 798 798 830 800 831 823 799 799 830 831 799 800 830 801 832 802 834 801 833 834 832 801 803 833 801 830 802 831 802 832 831 802 830 804 803 806 833 830 805 804 806 811 835 808 811 806 835 833 806 808 807 810 810 809 808 816 835 811 812 817 836 812 836 813 814 813 836 814 836 817 837 816 815 837 815 820 837 838 816 816 838 835 818 819 839 839 821 818 839 819 822 820 821 840 820 840 837 821 839 841 840 821 841 842 841 822 822 841 839 829 842 822 824 823 831 831 827 824 825 826 843 829 825 843 843 826 838 838 826 828 838 827 831 827 838 828 842 829 837 837 829 843 832 844 831 844 838 831 844 832 834 834 833 835 835 844 834 844 835 838 838 837 843 840 842 837 840 841 842</p>
        </triangles>
      </mesh>
    </geometry>
    <geometry id="mesh_2" name="mesh_2">
      <mesh>
        <source id="mesh_2-positions">
          <float_array id="mesh_2-positions-array" count="576">-0.105266 0.073567 0.000000 -0.101060 0.071406 -0.000038 -0.103110 0.062801 -0.000055 -0.099288 0.059866 -0.000094 -0.094881 0.061953 -0.000118 -0.090675 0.055615 -0.000171 -0.078261 0.041328 -0.000314 -0.073511 0.038329 -0.000359 -0.075244 0.034855 -0.000359 -0.089330 0.033272 -0.000262 -0.105368 0.029386 -0.000160 -0.115167 0.024836 -0.000105 -0.127076 0.023767 -0.000022 -0.139719 0.014799 0.000038 -0.150280 0.008083 0.000090 -0.160832 -0.007603 0.000110 -0.159688 -0.013014 0.000082 -0.162464 -0.021788 0.000070 -0.161226 -0.028937 0.000035 -0.159814 -0.034455 0.000004 -0.163070 -0.042263 0.000000 -0.087502 0.065933 0.014170 -0.088506 0.059611 0.015582 -0.089636 0.050559 0.017809 -0.091154 0.045295 0.018536 -0.093050 0.039799 0.019093 -0.091732 0.032772 0.022260 -0.092168 0.027460 0.023715 -0.095793 0.023202 0.022731 -0.104983 0.021112 0.017380 -0.112892 0.014795 0.014255 -0.121302 0.008912 0.010659 -0.129428 0.004384 0.006807 -0.138165 -0.001368 0.002954 -0.145949 -0.004952 -0.000985 -0.152393 -0.016035 -0.001584 -0.149741 -0.019734 0.001370 -0.151942 -0.025186 0.001712 -0.154476 -0.028569 0.001156 -0.156278 -0.033486 0.001584 -0.092880 0.068104 0.041630 -0.093749 0.064434 0.044285 -0.100269 0.049439 0.046938 -0.106924 0.036507 0.046380 -0.111593 0.030506 0.041770 -0.115160 0.028235 0.035065 -0.119482 0.020083 0.034366 -0.123470 0.014427 0.031153 -0.127042 0.011539 0.025286 -0.130006 0.004076 0.027381 -0.135742 -0.003659 0.022212 -0.140590 -0.011445 0.019558 -0.144099 -0.014511 0.014110 -0.147112 -0.015770 0.007543 -0.150066 -0.021999 0.007962 -0.148296 -0.023022 0.014250 -0.149536 -0.025306 0.013970 -0.152250 -0.026375 0.007962 -0.155560 -0.031379 0.005727 -0.117438 0.078016 0.041845 -0.119873 0.074978 0.044514 -0.127957 0.060614 0.047182 -0.134283 0.047551 0.046620 -0.136231 0.040450 0.041986 -0.135845 0.036584 0.035246 -0.139753 0.028267 0.034543 -0.141848 0.021844 0.031314 -0.141958 0.017558 0.025417 -0.146158 0.010595 0.027522 -0.148845 0.001629 0.022327 -0.152128 -0.006787 0.019659 -0.152422 -0.011153 0.014182 -0.151561 -0.013974 0.007583 -0.154765 -0.020103 0.008004 -0.156701 -0.019629 0.014323 -0.157777 -0.021979 0.014042 -0.156948 -0.024478 0.008004 -0.158939 -0.030015 0.005757 -0.124120 0.079940 0.014964 -0.128867 0.075593 0.016714 -0.133878 0.065168 0.016582 -0.143240 0.056733 0.020083 -0.144275 0.049109 0.018202 -0.147549 0.042545 0.018202 -0.153668 0.037129 0.020521 -0.155529 0.031464 0.019864 -0.153917 0.026560 0.017108 -0.160375 0.019813 0.019207 -0.161506 0.012383 0.017458 -0.161877 0.005574 0.015401 -0.162516 0.000034 0.013957 -0.164225 -0.005846 0.013126 -0.164220 -0.012033 0.011026 -0.167359 -0.015870 0.011857 -0.169295 -0.022202 0.011026 -0.164135 -0.026062 0.006213 -0.165309 -0.032933 0.004682 -0.111968 0.074262 0.000051 -0.118300 0.068313 0.000075 -0.118386 0.061080 0.000050 -0.133247 0.058266 0.000148 -0.135318 0.050905 0.000137 -0.146728 0.043450 0.000192 -0.156903 0.041682 0.000261 -0.160282 0.037480 0.000270 -0.159215 0.032873 0.000246 -0.167790 0.026284 0.000284 -0.169767 0.021362 0.000281 -0.167767 0.016378 0.000248 -0.171523 0.010783 0.000254 -0.179688 0.003407 0.000287 -0.174941 -0.003455 0.000227 -0.175586 -0.013090 0.000198 -0.178071 -0.023529 0.000178 -0.169716 -0.028294 0.000100 -0.170651 -0.036265 0.000077 -0.124333 0.080026 -0.014642 -0.129105 0.075689 -0.016353 -0.134112 0.065263 -0.016225 -0.143525 0.056847 -0.019649 -0.144531 0.049215 -0.017809 -0.147808 0.042650 -0.017809 -0.153958 0.037247 -0.020078 -0.155810 0.031577 -0.019436 -0.154159 0.026658 -0.016738 -0.160648 0.019924 -0.018794 -0.161754 0.012483 -0.017081 -0.162094 0.005663 -0.015069 -0.162713 0.000114 -0.013656 -0.164412 -0.005771 -0.012842 -0.164376 -0.011971 -0.010788 -0.167527 -0.015802 -0.011602 -0.169452 -0.022139 -0.010788 -0.164223 -0.026026 -0.006079 -0.165374 -0.032906 -0.004580 -0.118037 0.078258 -0.041630 -0.120510 0.075235 -0.044285 -0.128634 0.060888 -0.046938 -0.134952 0.047820 -0.046380 -0.136834 0.040695 -0.041770 -0.136349 0.036788 -0.035065 -0.140249 0.028466 -0.034366 -0.142296 0.022024 -0.031153 -0.142322 0.017705 -0.025286 -0.146552 0.010754 -0.027381 -0.149165 0.001758 -0.022211 -0.152409 -0.006674 -0.019558 -0.152626 -0.011070 -0.014110 -0.151669 -0.013930 -0.007543 -0.154878 -0.020056 -0.007962 -0.156907 -0.019547 -0.014250 -0.157978 -0.021900 -0.013970 -0.157062 -0.024433 -0.007962 -0.159020 -0.029982 -0.005727 -0.093479 0.068346 -0.041845 -0.094386 0.064690 -0.044514 -0.100944 0.049711 -0.047182 -0.107592 0.036777 -0.046620 -0.112193 0.030748 -0.041986 -0.115664 0.028440 -0.035246 -0.119977 0.020284 -0.034542 -0.123920 0.014607 -0.031314 -0.127404 0.011686 -0.025417 -0.130400 0.004235 -0.027522 -0.136062 -0.003530 -0.022327 -0.140872 -0.011331 -0.019659 -0.144301 -0.014431 -0.014182 -0.147220 -0.015726 -0.007583 -0.150182 -0.021953 -0.008004 -0.148502 -0.022940 -0.014323 -0.149738 -0.025225 -0.014042 -0.152364 -0.026328 -0.008004 -0.155641 -0.031345 -0.005757 -0.087708 0.066016 -0.014482 -0.088732 0.059704 -0.015926 -0.089895 0.050662 -0.018202 -0.091423 0.045403 -0.018945 -0.093327 0.039911 -0.019514 -0.092055 0.032903 -0.022751 -0.092513 0.027599 -0.024239 -0.096122 0.023334 -0.023234 -0.105235 0.021214 -0.017765 -0.113098 0.014879 -0.014570 -0.121456 0.008974 -0.010894 -0.129528 0.004424 -0.006957 -0.138208 -0.001350 -0.003019 -0.145935 -0.004957 0.001006 -0.152370 -0.016045 0.001619 -0.149760 -0.019726 -0.001400 -0.151966 -0.025175 -0.001750 -0.154493 -0.028561 -0.001182 -0.156301 -0.033476 -0.001619</float_array>
          <technique_common>
            <accessor source="#mesh_2-positions-array" count="192" stride="3">
              <param name="X" type="float"/>
              <param name="Y" type="float"/>
              <param name="Z" type="float"/>
            </accessor>
          </technique_common>
        </source>
        <source id="mesh_2-normals">
          <float_array id="mesh_2-normals-array" count="576">0.332352 0.943155 0.000361 0.909930 0.359873 0.206200 0.977723 0.167898 -0.125968 0.641837 0.748038 -0.168775 0.811980 0.577573 -0.084249 0.897515 0.413260 -0.153894 0.780680 0.624570 -0.021226 0.998342 0.010672 0.056572 0.554682 -0.825619 0.103345 0.298039 -0.954520 0.008034 0.471664 -0.877972 0.081841 0.488063 -0.869487 0.076066 0.595328 -0.800692 0.066909 0.852060 -0.521855 0.040753 0.614904 0.740082 0.272343 -0.764964 -0.328277 -0.554134 -0.146392 -0.883525 0.444919 0.993432 -0.113579 -0.013912 0.994898 0.071162 -0.071518 0.875363 -0.216670 -0.432196 0.322400 -0.946588 -0.005358 0.868916 0.347910 -0.352057 0.979145 -0.007118 -0.203039 0.989695 -0.103087 0.099380 0.970114 -0.194179 0.145513 0.888964 0.012195 0.457814 0.672159 0.184214 0.717125 0.649766 -0.288031 0.703450 0.435152 -0.883484 0.173491 0.431480 -0.896161 -0.103539 0.669869 -0.741406 -0.039899 0.577449 -0.717890 -0.388826 0.615866 -0.541175 -0.572571 0.560368 -0.386003 -0.732796 0.488682 -0.222870 -0.843516 0.420298 -0.230023 -0.877746 0.383043 0.121782 -0.915667 0.624830 -0.297395 -0.721903 0.487457 -0.451917 -0.747099 0.797571 -0.473430 -0.373824 0.761777 0.565276 0.316480 0.703975 0.150728 0.694046 0.567942 -0.152415 0.808834 0.446857 -0.411192 0.794506 0.183832 -0.674666 0.714865 0.095189 -0.583799 0.806299 0.186676 -0.361231 0.913599 0.098278 -0.792952 0.601306 0.220895 -0.642421 0.733826 0.424385 -0.331488 0.842623 0.366808 -0.704302 0.607791 0.434211 -0.751386 0.496870 0.312400 -0.942292 0.120380 0.519952 -0.844800 0.126345 0.426868 0.644174 0.634683 0.709670 0.616066 0.341806 0.155785 -0.741891 0.652173 0.044418 -0.879126 0.474515 0.285061 -0.561530 0.776804 0.114645 0.887533 0.446253 -0.360224 0.585088 0.726575 -0.534534 0.299422 0.790329 -0.594537 0.036196 0.803253 -0.714925 -0.480253 0.508173 -0.572741 -0.149251 0.806035 -0.402719 -0.007673 0.915291 -0.521000 -0.457284 0.720729 -0.386148 -0.197345 0.901080 -0.249152 -0.007589 0.968435 -0.321125 -0.255429 0.911940 -0.450413 -0.456198 0.767471 -0.502803 -0.697561 0.510487 -0.086626 -0.369729 0.925093 0.429042 0.520424 0.738297 0.140836 0.385174 0.912034 -0.258241 -0.566567 0.782504 -0.151288 -0.646696 0.747593 -0.091563 -0.337793 0.936756 -0.362269 0.923194 -0.128353 -0.791032 0.571974 -0.217058 -0.858935 0.465512 -0.213375 -0.857868 0.513852 -0.004324 -0.984853 0.172505 -0.017507 -0.719818 0.625975 0.300029 -0.673214 0.523307 0.522429 -0.886630 -0.085858 0.454441 -0.771198 0.102674 0.628260 -0.631344 0.289805 0.719318 -0.727575 -0.028121 0.685451 -0.801942 -0.240556 0.546828 -0.622224 -0.110941 0.774938 -0.242989 -0.057651 0.968314 -0.314608 0.104997 0.943397 -0.464023 0.169114 0.869531 -0.463271 -0.480129 0.744886 -0.309642 -0.540040 0.782610 -0.394698 -0.235255 0.888183 -0.391244 0.906259 -0.160074 -0.897034 0.441708 -0.014961 -0.769074 0.635875 0.064718 -0.747659 0.661445 0.059129 -0.851028 0.522181 0.055486 -0.525195 0.847029 0.081922 -0.622552 0.780808 0.052611 -0.992369 0.123307 0.000223 -0.957917 0.274297 0.084590 -0.831378 0.555504 0.015003 -0.999688 -0.022574 -0.010719 -0.999812 0.017462 0.008478 -0.888239 0.452867 0.077093 -0.997393 -0.058591 -0.042113 -0.988238 -0.151349 -0.021895 -0.963481 0.267545 -0.011126 -0.888476 -0.458727 -0.013413 -0.821862 -0.558374 0.112968 -0.933340 -0.281879 -0.222307 -0.327831 0.884240 0.332637 -0.823650 0.517972 0.230880 -0.724147 0.676795 0.132514 -0.900968 0.431522 0.045221 -0.927450 0.367075 -0.071361 -0.760736 0.570098 -0.310272 -0.714755 0.489659 -0.499358 -0.884505 -0.148162 -0.442379 -0.806085 0.098524 -0.583542 -0.621001 0.342430 -0.705052 -0.778744 -0.173470 -0.602881 -0.721201 -0.011788 -0.692626 -0.612430 -0.045922 -0.789190 -0.485335 -0.364521 -0.794717 -0.279609 0.012953 -0.960026 -0.406074 0.407468 -0.817969 -0.410227 -0.459704 -0.787646 -0.366419 -0.544257 -0.754666 -0.252211 -0.320009 -0.913227 -0.091927 0.950319 -0.297395 -0.392705 0.602906 -0.694469 -0.455345 0.403367 -0.793698 -0.608415 -0.016417 -0.793449 -0.658889 -0.395012 -0.640180 -0.559142 -0.301219 -0.772416 -0.403139 -0.052381 -0.913638 -0.505720 -0.492780 -0.708107 -0.376252 -0.201813 -0.904271 -0.255868 0.010793 -0.966652 -0.354814 -0.297224 -0.886434 -0.402051 -0.366675 -0.838990 -0.393593 -0.697041 -0.599349 -0.140092 -0.595079 -0.791363 0.269151 0.415648 -0.868789 0.123112 0.653460 -0.746882 -0.147544 -0.549118 -0.822618 -0.181404 -0.665769 -0.723771 -0.079892 -0.368587 -0.926154 0.537195 0.706525 -0.460700 0.674611 0.063519 -0.735436 0.562057 -0.154933 -0.812458 0.416039 -0.491237 -0.765244 0.227491 -0.813209 -0.535667 0.200880 -0.375815 -0.904660 0.148905 -0.292438 -0.944620 0.065281 -0.733122 -0.676957 0.196736 -0.477699 -0.856212 0.257123 -0.418690 -0.870969 0.333927 -0.632340 -0.699027 0.313063 -0.832139 -0.457751 0.256441 -0.960491 -0.108138 0.590237 -0.729695 -0.345203 0.745495 0.608104 -0.272850 0.376351 0.380919 -0.844548 0.401840 -0.869256 -0.287956 0.378332 -0.808220 -0.451270 0.607870 -0.588049 -0.533566 0.927311 0.360916 0.099170 0.942288 -0.230516 0.242809 0.995695 -0.092435 0.006815 0.936287 -0.269248 -0.225548 0.905451 -0.035314 -0.422978 0.625881 0.238156 -0.742667 0.617417 -0.170134 -0.768017 0.533899 -0.803177 -0.264308 0.472878 -0.879654 -0.050952 0.587686 -0.801371 0.111494 0.622385 -0.716491 0.315084 0.572806 -0.594348 0.564486 0.574101 -0.433524 0.694597 0.502528 -0.265920 0.822649 -0.095974 -0.116026 0.988598 0.622577 -0.280609 0.730518 0.582470 -0.403943 0.705379 0.674471 -0.332122 0.659381 0.697784 -0.309599 0.645945</float_array>
          <technique_common>
            <accessor source="#mesh_2-normals-array" count="192" stride="3">
              <param name="X" type="float"/>
              <param name="Y" type="float"/>
              <param name="Z" type="float"/>
            </accessor>
          </technique_common>
        </source>
        <vertices id="mesh_2-vertices">
           <input semantic="POSITION" source="#mesh_2-positions"/>
        </vertices>
        <triangles count="380">
            <input semantic="VERTEX" source="#mesh_2-vertices" offset="0" />
            <input semantic="NORMAL" source="#mesh_2-normals" offset="0" />
          <p>21 1 0 21 22 2 21 2 1 22 23 3 22 3 2 23 24 4 23 4 3 24 25 5 24 5 4 25 26 6 25 6 5 26 27 7 26 7 6 27 28 8 27 8 7 28 29 9 28 9 8 29 30 10 29 10 9 30 31 11 30 11 10 31 32 12 31 12 11 32 33 13 32 13 12 33 34 14 33 14 13 34 35 15 34 15 14 35 36 16 35 16 15 36 37 17 36 17 16 37 38 18 37 18 17 38 39 19 38 19 18 39 20 19 40 21 0 40 41 22 40 22 21 41 42 23 41 23 22 42 43 24 42 24 23 43 44 25 43 25 24 44 45 26 44 26 25 45 46 27 45 27 26 46 47 28 46 28 27 47 48 29 47 29 28 48 49 30 48 30 29 49 50 31 49 31 30 50 51 32 50 32 31 51 52 33 51 33 32 52 53 34 52 34 33 53 54 35 53 35 34 54 55 36 54 36 35 55 56 37 55 37 36 56 57 38 56 38 37 57 58 39 57 39 38 58 20 39 59 40 0 59 60 41 59 41 40 60 61 42 60 42 41 61 62 43 61 43 42 62 63 44 62 44 43 63 64 45 63 45 44 64 65 46 64 46 45 65 66 47 65 47 46 66 67 48 66 48 47 67 68 49 67 49 48 68 69 50 68 50 49 69 70 51 69 51 50 70 71 52 70 52 51 71 72 53 71 53 52 72 73 54 72 54 53 73 74 55 73 55 54 74 75 56 74 56 55 75 76 57 75 57 56 76 77 58 76 58 57 77 20 58 78 59 0 78 79 60 78 60 59 79 80 61 79 61 60 80 81 62 80 62 61 81 82 63 81 63 62 82 83 64 82 64 63 83 84 65 83 65 64 84 85 66 84 66 65 85 86 67 85 67 66 86 87 68 86 68 67 87 88 69 87 69 68 88 89 70 88 70 69 89 90 71 89 71 70 90 91 72 90 72 71 91 92 73 91 73 72 92 93 74 92 74 73 93 94 75 93 75 74 94 95 76 94 76 75 95 96 77 95 77 76 96 20 77 97 78 0 97 98 79 97 79 78 98 99 80 98 80 79 99 100 81 99 81 80 100 101 82 100 82 81 101 102 83 101 83 82 102 103 84 102 84 83 103 104 85 103 85 84 104 105 86 104 86 85 105 106 87 105 87 86 106 107 88 106 88 87 107 108 89 107 89 88 108 109 90 108 90 89 109 110 91 109 91 90 110 111 92 110 92 91 111 112 93 111 93 92 112 113 94 112 94 93 113 114 95 113 95 94 114 115 96 114 96 95 115 20 96 116 97 0 116 117 98 116 98 97 117 118 99 117 99 98 118 119 100 118 100 99 119 120 101 119 101 100 120 121 102 120 102 101 121 122 103 121 103 102 122 123 104 122 104 103 123 124 105 123 105 104 124 125 106 124 106 105 125 126 107 125 107 106 126 127 108 126 108 107 127 128 109 127 109 108 128 129 110 128 110 109 129 130 111 129 111 110 130 131 112 130 112 111 131 132 113 131 113 112 132 133 114 132 114 113 133 134 115 133 115 114 134 20 115 135 116 0 135 136 117 135 117 116 136 137 118 136 118 117 137 138 119 137 119 118 138 139 120 138 120 119 139 140 121 139 121 120 140 141 122 140 122 121 141 142 123 141 123 122 142 143 124 142 124 123 143 144 125 143 125 124 144 145 126 144 126 125 145 146 127 145 127 126 146 147 128 146 128 127 147 148 129 147 129 128 148 149 130 148 130 129 149 150 131 149 131 130 150 151 132 150 132 131 151 152 133 151 133 132 152 153 134 152 134 133 153 20 134 154 135 0 154 155 136 154 136 135 155 156 137 155 137 136 156 157 138 156 138 137 157 158 139 157 139 138 158 159 140 158 140 139 159 160 141 159 141 140 160 161 142 160 142 141 161 162 143 161 143 142 162 163 144 162 144 143 163 164 145 163 145 144 164 165 146 164 146 145 165 166 147 165 147 146 166 167 148 166 148 147 167 168 149 167 149 148 168 169 150 168 150 149 169 170 151 169 151 150 170 171 152 170 152 151 171 172 153 171 153 152 172 20 153 173 154 0 173 174 155 173 155 154 174 175 156 174 156 155 175 176 157 175 157 156 176 177 158 176 158 157 177 178 159 177 159 158 178 179 160 178 160 159 179 180 161 179 161 160 180 181 162 180 162 161 181 182 163 181 163 162 182 183 164 182 164 163 183 184 165 183 165 164 184 185 166 184 166 165 185 186 167 185 167 166 186 187 168 186 168 167 187 188 169 187 169 168 188 189 170 188 170 169 189 190 171 189 171 170 190 191 172 190 172 171 191 20 172 1 173 0 1 2 174 1 174 173 2 3 175 2 175 174 3 4 176 3 176 175 4 5 177 4 177 176 5 6 178 5 178 177 6 7 179 6 179 178 7 8 180 7 180 179 8 9 181 8 181 180 9 10 182 9 182 181 10 11 183 10 183 182 11 12 184 11 184 183 12 13 185 12 185 184 13 14 186 13 186 185 14 15 187 14 187 186 15 16 188 15 188 187 16 17 189 16 189 188 17 18 190 17 190 189 18 19 191 18 191 190 19 20 191</p>
        </triangles>
      </mesh>
    </geometry>
    <geometry id="mesh_3" name="mesh_3">
      <mesh>
        <source id="mesh_3-positions">
          <float_array id="mesh_3-positions-array" count="636">0.010403 0.005803 0.000000 0.024133 0.003806 -0.009271 0.023094 0.000720 0.000000 0.019226 0.005192 -0.018973 0.015007 0.005053 -0.023697 -0.003309 0.012044 0.000000 -0.003286 0.011643 -0.005568 -0.003586 0.012097 -0.016493 0.002178 0.012102 -0.023835 0.024133 0.003806 0.009271 0.019226 0.005192 0.018973 0.015007 0.005053 0.023697 -0.003286 0.011643 0.005568 -0.003586 0.012097 0.016493 0.002178 0.012102 0.023835 0.025086 0.004806 -0.011135 0.025125 0.005552 0.000000 0.025086 0.004806 0.011135 0.018299 0.008560 -0.018324 0.015013 0.011333 -0.022277 -0.002783 0.015628 -0.005208 -0.002779 0.015469 0.000000 -0.002783 0.015628 0.005208 -0.002396 0.017520 -0.016841 0.003238 0.012924 -0.022444 -0.003481 0.017482 -0.009944 0.018299 0.008560 0.018324 0.015013 0.011333 0.022277 0.003238 0.012924 0.022444 -0.002396 0.017520 0.016841 -0.003481 0.017482 0.009944 0.026472 0.011890 -0.010839 0.024180 0.011207 0.000000 0.026472 0.011890 0.010839 0.022407 0.012868 -0.017864 0.016008 0.016303 -0.020258 -0.001266 0.022655 -0.006689 -0.000721 0.022594 0.000000 -0.001266 0.022655 0.006689 -0.000289 0.020861 -0.020082 0.005926 0.020012 -0.021237 -0.003167 0.023670 -0.010260 0.022407 0.012868 0.017864 0.016008 0.016303 0.020258 0.005926 0.020012 0.021237 -0.000289 0.020861 0.020082 -0.003167 0.023670 0.010260 0.026454 0.020092 -0.010455 0.028245 0.021101 0.000000 0.026454 0.020092 0.010455 0.023804 0.021767 -0.018550 0.018454 0.022884 -0.020348 -0.001804 0.030128 -0.006911 -0.003865 0.031019 -0.010728 -0.000988 0.030103 0.000000 -0.001804 0.030128 0.006911 -0.003865 0.031019 0.010728 0.002481 0.027402 -0.021807 0.007462 0.025323 -0.021386 -0.003297 0.024253 -0.022188 -0.007070 0.021567 -0.018091 -0.004695 0.028504 -0.026540 -0.011612 0.027977 -0.003911 0.023804 0.021767 0.018550 0.018454 0.022884 0.020348 0.007462 0.025323 0.021386 0.002481 0.027402 0.021807 -0.007070 0.021567 0.018091 -0.003297 0.024253 0.022188 -0.004695 0.028504 0.026540 -0.011612 0.027977 0.003911 0.032627 0.025106 -0.011570 0.033388 0.025440 0.000000 0.032627 0.025106 0.011570 0.026829 0.025690 -0.019637 0.019984 0.026311 -0.022504 -0.000670 0.038502 -0.008823 -0.001905 0.036689 -0.011520 0.000922 0.037118 0.000000 -0.000670 0.038502 0.008823 -0.001905 0.036689 0.011520 0.002415 0.032592 -0.021070 0.010895 0.029779 -0.023599 -0.004188 0.035266 -0.021124 -0.013253 0.027757 -0.018198 -0.013928 0.032995 -0.024502 -0.010350 0.024563 -0.026213 -0.010013 0.021635 -0.011135 -0.010829 0.027288 -0.030672 -0.008545 0.030301 -0.033740 -0.014419 0.018072 -0.005388 -0.012278 0.026431 0.000000 -0.020555 0.033571 0.000000 -0.012230 0.035328 -0.008145 0.026829 0.025690 0.019637 0.019984 0.026311 0.022504 0.010895 0.029779 0.023599 0.002415 0.032592 0.021070 -0.004188 0.035266 0.021124 -0.013928 0.032995 0.024502 -0.013253 0.027757 0.018198 -0.010350 0.024563 0.026213 -0.010013 0.021635 0.011135 -0.008545 0.030301 0.033740 -0.010829 0.027288 0.030672 -0.014419 0.018072 0.005388 -0.012230 0.035328 0.008145 0.031829 0.030668 -0.011782 0.032790 0.030773 0.000000 0.031829 0.030668 0.011782 0.027773 0.031211 -0.019907 0.020198 0.032834 -0.023593 0.010237 0.034163 -0.023745 -0.003445 0.037274 -0.014915 -0.008293 0.045312 -0.016931 -0.008835 0.042223 -0.010630 0.017597 0.033824 0.000000 0.001298 0.037567 -0.018112 -0.008293 0.045312 0.016931 -0.003445 0.037274 0.014915 -0.008835 0.042223 0.010630 0.001298 0.037567 0.018112 -0.009414 0.037038 -0.030109 -0.007459 0.040271 -0.019473 -0.018214 0.023287 -0.016388 -0.023369 0.022672 -0.013384 -0.019138 0.036050 -0.022347 -0.020015 0.034760 -0.015006 -0.018074 0.032625 -0.013416 -0.016483 0.045552 -0.020620 -0.012087 0.039547 -0.022534 -0.012691 0.015000 -0.012693 -0.024479 0.020448 -0.018062 -0.014942 0.029631 -0.034038 -0.012573 0.031668 -0.037326 -0.013994 0.037810 -0.034516 -0.016133 0.014103 -0.007075 -0.017430 0.019983 0.000000 -0.022730 0.029921 -0.005224 -0.032407 0.028151 0.000000 -0.018879 0.027758 -0.008771 -0.017486 0.030574 -0.011001 -0.022730 0.029921 0.005224 -0.018879 0.027758 0.008771 -0.017486 0.030574 0.011001 -0.013239 0.036189 -0.012003 0.027773 0.031211 0.019907 0.020198 0.032834 0.023593 0.010237 0.034163 0.023745 -0.009414 0.037038 0.030109 -0.007459 0.040271 0.019473 -0.016483 0.045552 0.020620 -0.019138 0.036050 0.022347 -0.012087 0.039547 0.022534 -0.023369 0.022672 0.013384 -0.018214 0.023287 0.016388 -0.020015 0.034760 0.015006 -0.018074 0.032625 0.013416 -0.012691 0.015000 0.012693 -0.024479 0.020448 0.018062 -0.012573 0.031668 0.037326 -0.014942 0.029631 0.034038 -0.013994 0.037810 0.034516 -0.016133 0.014103 0.007075 -0.013239 0.036189 0.012003 -0.023378 0.043496 -0.017281 -0.016920 0.039227 -0.014735 -0.023378 0.043496 0.017281 -0.016920 0.039227 0.014735 -0.028441 0.018527 -0.010277 -0.026879 0.022450 -0.010861 -0.026399 0.014468 -0.017807 -0.022614 0.024911 -0.009358 -0.021851 0.041388 -0.022856 -0.024438 0.039307 -0.017753 -0.019870 0.006125 -0.014104 -0.019622 0.012291 -0.005620 -0.021740 0.014945 0.000000 -0.019622 0.012291 0.005620 -0.028060 0.026258 -0.004411 -0.032454 0.022910 -0.004293 -0.038871 0.027085 0.000000 -0.028060 0.026258 0.004411 -0.032454 0.022910 0.004293 -0.022614 0.024911 0.009358 -0.021851 0.041388 0.022856 -0.024438 0.039307 0.017753 -0.026879 0.022450 0.010861 -0.028441 0.018527 0.010277 -0.026399 0.014468 0.017807 -0.019870 0.006125 0.014104 -0.033252 0.022455 -0.004482 -0.025102 0.013634 -0.008077 -0.030876 0.020296 -0.005259 -0.031698 0.017480 0.000000 -0.025102 0.013634 0.008077 -0.030876 0.020296 0.005259 -0.041071 0.024710 0.000000 -0.033252 0.022455 0.004482 -0.036180 0.021192 -0.004884 -0.034478 0.019484 -0.004902 -0.036042 0.017514 -0.003805 -0.037359 0.017382 0.000000 -0.036042 0.017514 0.003805 -0.034478 0.019484 0.004902 -0.040686 0.021779 -0.004946 -0.041531 0.021082 0.000000 -0.040686 0.021779 0.004946 -0.036180 0.021192 0.004884 -0.040171 0.019549 -0.005763 -0.039858 0.018370 0.000000 -0.040171 0.019549 0.005763</float_array>
          <technique_common>
            <accessor source="#mesh_3-positions-array" count="212" stride="3">
              <param name="X" type="float"/>
              <param name="Y" type="float"/>
              <param name="Z" type="float"/>
            </accessor>
          </technique_common>
        </source>
        <source id="mesh_3-normals">
          <float_array id="mesh_3-normals-array" count="636">-0.297092 -0.954849 -0.000000 0.068851 -0.966697 -0.246490 0.429402 -0.903113 0.000000 0.517608 -0.708401 -0.479844 0.416461 -0.435462 -0.798081 -0.967162 -0.254160 -0.000000 -0.868843 -0.494789 0.017177 -0.955845 -0.139932 -0.258418 -0.363067 0.044311 -0.930709 0.068851 -0.966697 0.246490 0.517608 -0.708401 0.479844 0.416461 -0.435462 0.798081 -0.868843 -0.494789 -0.017177 -0.955845 -0.139932 0.258418 -0.363067 0.044311 0.930709 0.895931 -0.343367 -0.281791 0.993263 -0.115879 0.000000 0.895931 -0.343367 0.281791 0.747103 -0.062814 -0.661734 0.398805 0.257776 -0.880060 -0.989792 0.127942 0.062784 -0.976719 0.214523 0.000000 -0.989792 0.127942 -0.062784 -0.821475 0.061058 -0.566966 -0.232821 0.507183 -0.829795 -0.989545 0.095596 0.107995 0.747103 -0.062814 0.661734 0.398805 0.257776 0.880060 -0.232821 0.507183 0.829795 -0.821475 0.061058 0.566966 -0.989545 0.095596 -0.107995 0.935205 -0.225411 -0.273097 0.990076 -0.140533 0.000000 0.935205 -0.225411 0.273097 0.684595 -0.186827 -0.704575 0.226737 0.077337 -0.970881 -0.959158 0.093740 0.266886 -0.998296 0.058352 0.000000 -0.959158 0.093740 -0.266886 -0.259468 -0.547710 -0.795418 -0.111508 -0.040926 -0.992920 -0.810631 -0.365776 0.457258 0.684595 -0.186827 0.704575 0.226737 0.077337 0.970881 -0.111508 -0.040926 0.992920 -0.259468 -0.547711 0.795418 -0.810631 -0.365776 -0.457258 0.853601 -0.451633 -0.259600 0.913984 -0.405749 -0.000000 0.853601 -0.451633 0.259600 0.539660 -0.408758 -0.735992 0.155301 -0.301553 -0.940716 -0.957754 0.093360 0.272013 -0.392236 0.066616 0.917449 -0.991579 0.129503 0.000000 -0.957754 0.093360 -0.272013 -0.392236 0.066616 -0.917449 0.131343 -0.048248 -0.990162 -0.048958 -0.273017 -0.960763 -0.292069 -0.709893 -0.640896 -0.236850 -0.947599 -0.214379 0.431644 -0.536874 -0.724879 0.746953 -0.013048 0.664749 0.539660 -0.408758 0.735992 0.155302 -0.301553 0.940716 -0.048958 -0.273017 0.960763 0.131343 -0.048248 0.990162 -0.236850 -0.947599 0.214379 -0.292069 -0.709893 0.640896 0.431644 -0.536874 0.724879 0.746953 -0.013048 -0.664749 0.886628 -0.348660 -0.303855 0.845424 -0.534095 0.000000 0.886628 -0.348660 0.303855 0.554283 -0.306985 -0.773647 0.113601 -0.325145 -0.938816 -0.253798 0.879242 0.403139 -0.199122 0.017784 0.979813 -0.520712 0.853732 0.000000 -0.253798 0.879242 -0.403138 -0.199122 0.017785 -0.979813 -0.133291 0.241935 -0.961094 -0.118379 -0.158466 -0.980242 0.553566 0.566988 -0.609991 -0.623828 -0.523421 -0.580404 -0.711339 -0.177471 -0.680074 -0.573751 -0.683454 -0.451331 0.708235 -0.618860 -0.339729 -0.363465 -0.924853 -0.111984 0.777274 -0.138123 -0.613813 0.804047 -0.434976 0.405344 0.998972 -0.045336 -0.000000 -0.177727 0.984080 0.000000 -0.251909 0.571934 0.780662 0.554283 -0.306985 0.773647 0.113601 -0.325145 0.938816 -0.118379 -0.158466 0.980242 -0.133291 0.241935 0.961094 0.553566 0.566988 0.609991 -0.711339 -0.177471 0.680074 -0.623828 -0.523421 0.580404 -0.573751 -0.683454 0.451331 0.708235 -0.618860 0.339729 0.777274 -0.138123 0.613813 -0.363465 -0.924853 0.111984 0.804047 -0.434976 -0.405344 -0.251909 0.571934 -0.780662 0.795727 0.525052 -0.301890 0.870512 0.492148 -0.000000 0.795727 0.525052 0.301890 0.615410 0.604140 -0.506245 0.329229 0.445149 -0.832737 -0.029117 0.475449 -0.879262 0.481086 0.786764 -0.386728 0.232840 0.950284 0.206749 -0.419564 0.696045 0.582655 0.215955 0.976403 0.000000 0.007850 0.909953 -0.414637 0.232840 0.950284 -0.206749 0.481086 0.786764 0.386728 -0.419564 0.696045 -0.582655 0.007850 0.909953 0.414637 -0.058448 0.784844 -0.616931 0.567623 0.633524 -0.525787 -0.031270 0.010210 -0.999459 -0.680518 0.515483 -0.520741 -0.552961 -0.451467 -0.700294 -0.742659 -0.274736 0.610719 -0.824026 0.440173 0.356693 0.051292 0.597831 -0.799979 -0.122734 0.658685 -0.742341 0.863878 -0.460783 -0.203456 0.072962 0.127653 -0.989132 -0.894269 -0.407257 -0.185539 0.238082 -0.229964 -0.943628 -0.885282 0.410873 0.217851 0.654849 -0.588562 0.474097 0.754588 -0.656199 -0.000000 -0.348295 0.690740 -0.633694 -0.481777 0.876294 0.000000 -0.597694 0.766901 -0.233720 -0.718721 0.661354 0.214595 -0.348295 0.690740 0.633694 -0.597694 0.766901 0.233720 -0.718721 0.661354 -0.214595 -0.608722 0.499354 0.616525 0.615410 0.604140 0.506245 0.329229 0.445149 0.832737 -0.029117 0.475449 0.879261 -0.058448 0.784844 0.616931 0.567623 0.633524 0.525787 0.051292 0.597831 0.799979 -0.552961 -0.451467 0.700294 -0.122734 0.658685 0.742341 -0.680518 0.515483 0.520741 -0.031270 0.010210 0.999459 -0.742659 -0.274736 -0.610719 -0.824026 0.440172 -0.356693 0.863878 -0.460783 0.203456 0.072962 0.127653 0.989132 0.238082 -0.229964 0.943628 -0.894269 -0.407257 0.185539 -0.885282 0.410873 -0.217851 0.654849 -0.588562 -0.474097 -0.608722 0.499354 -0.616525 -0.558060 0.623969 0.547020 -0.245535 0.346126 0.905488 -0.558060 0.623969 -0.547020 -0.245535 0.346126 -0.905488 -0.873065 -0.217133 -0.436589 -0.522145 0.621011 -0.584560 -0.916682 -0.143958 -0.372788 -0.570155 0.762778 -0.305111 -0.592554 0.244659 -0.767477 -0.951148 -0.298283 -0.079655 0.241139 -0.959430 -0.146103 0.026274 -0.878185 0.477599 0.275847 -0.961201 -0.000000 0.026274 -0.878185 -0.477599 -0.448501 0.566032 -0.691704 -0.329986 0.700250 -0.633055 -0.374567 0.927200 0.000000 -0.448501 0.566032 0.691704 -0.329986 0.700250 0.633055 -0.570155 0.762778 0.305111 -0.592554 0.244659 0.767477 -0.951148 -0.298283 0.079655 -0.522145 0.621011 0.584559 -0.873065 -0.217133 0.436589 -0.916682 -0.143958 0.372788 0.241139 -0.959430 0.146103 -0.396881 0.345221 -0.850475 -0.702559 -0.669604 0.240918 -0.438828 -0.769971 -0.463222 -0.112497 -0.993652 0.000000 -0.702559 -0.669604 -0.240918 -0.438828 -0.769971 0.463222 -0.581282 0.813702 -0.000000 -0.396881 0.345221 0.850475 0.016693 0.284096 -0.958651 -0.082045 -0.128242 -0.988343 0.006621 -0.756553 -0.653899 -0.246256 -0.969205 0.000000 0.006621 -0.756553 0.653899 -0.082045 -0.128242 0.988343 -0.810136 0.185731 -0.556043 -0.977786 -0.209608 0.000000 -0.810136 0.185731 0.556043 0.016693 0.284096 0.958651 -0.417378 -0.608751 -0.674698 -0.794487 -0.607281 0.000000 -0.417378 -0.608751 0.674698</float_array>
          <technique_common>
            <accessor source="#mesh_3-normals-array" count="212" stride="3">
              <param name="X" type="float"/>
              <param name="Y" type="float"/>
              <param name="Z" type="float"/>
            </accessor>
          </technique_common>
        </source>
        <vertices id="mesh_3-vertices">
           <input semantic="POSITION" source="#mesh_3-positions"/>
        </vertices>
        <triangles count="424">
            <input semantic="VERTEX" source="#mesh_3-vertices" offset="0" />
            <input semantic="NORMAL" source="#mesh_3-normals" offset="0" />
          <p>0 1 2 0 3 1 0 4 3 0 5 6 6 7 0 0 7 8 8 4 0 2 9 0 9 10 0 10 11 0 12 5 0 0 13 12 14 13 0 0 11 14 2 1 15 15 1 3 16 2 15 17 9 2 17 2 16 18 15 3 18 3 4 19 18 4 19 4 8 20 6 5 21 20 5 5 12 22 5 22 21 6 20 7 7 23 24 8 7 24 25 23 7 20 25 7 24 19 8 10 9 17 10 17 26 11 10 26 11 26 27 14 11 27 13 22 12 28 29 13 28 13 14 13 29 30 13 30 22 14 27 28 15 31 32 16 15 32 31 15 18 32 17 16 32 33 17 26 17 33 34 31 18 34 18 19 35 34 19 35 19 24 20 21 36 25 20 36 37 36 21 21 38 37 38 21 22 38 22 30 23 39 40 24 23 40 41 23 25 41 39 23 40 35 24 41 25 36 26 33 42 27 26 42 27 42 43 28 27 43 28 43 44 44 29 28 44 45 29 30 29 46 29 45 46 38 30 46 31 47 48 32 31 48 47 31 34 48 33 32 48 49 33 42 33 49 50 47 34 50 34 35 51 50 35 51 35 40 52 36 37 52 53 36 53 41 36 54 52 37 37 38 55 37 55 54 38 56 55 38 46 56 39 57 58 40 39 58 59 39 60 39 59 61 57 39 61 41 60 39 58 51 40 41 62 60 62 41 53 42 49 63 43 42 63 43 63 64 44 43 64 44 64 65 65 45 44 65 66 45 67 45 68 69 68 45 69 45 66 45 67 46 67 70 46 56 46 70 47 71 72 48 47 72 71 47 50 72 49 48 72 73 49 63 49 73 74 71 50 74 50 51 75 74 51 75 51 58 76 52 54 77 53 52 76 77 52 53 77 62 78 76 54 54 55 79 54 79 78 55 56 80 55 80 79 70 80 56 57 81 82 58 57 82 57 61 83 81 57 83 82 75 58 61 59 60 60 84 85 86 60 85 86 61 60 87 84 60 62 87 60 88 89 61 86 88 61 61 89 83 90 62 91 92 91 62 93 92 62 62 90 87 77 93 62 63 73 94 64 63 94 64 94 95 65 64 95 65 95 96 96 66 65 96 97 66 98 69 66 98 66 97 99 100 67 99 67 101 67 68 69 67 69 101 67 100 102 67 102 70 69 103 104 69 104 101 98 103 69 91 70 105 70 91 92 70 92 106 102 105 70 70 106 80 71 107 108 72 71 108 107 71 74 108 73 72 108 109 73 94 73 109 110 107 74 74 75 111 110 74 111 75 82 112 111 75 112 76 113 114 114 115 76 115 93 76 77 76 93 116 76 78 116 117 76 76 117 113 78 79 116 118 119 79 79 120 118 79 106 120 106 79 80 79 121 116 119 121 79 82 81 112 81 83 117 81 117 112 83 113 117 89 122 83 123 83 122 113 83 123 84 124 125 85 84 126 84 127 126 87 124 84 125 128 84 128 127 84 85 126 129 122 86 85 122 85 130 130 85 129 122 88 86 131 87 90 87 131 132 124 87 132 88 133 134 89 88 134 88 135 133 122 135 88 89 134 122 136 90 137 137 90 91 136 131 90 91 105 137 92 138 139 140 138 92 141 140 92 92 93 141 139 142 92 92 142 143 92 143 144 144 106 92 93 145 141 115 145 93 94 109 146 147 95 94 147 94 146 148 96 95 148 95 147 148 97 96 121 98 97 148 121 97 121 119 98 98 149 103 149 98 150 150 98 119 151 152 99 152 100 99 99 101 149 153 99 149 151 99 153 154 155 100 152 156 100 100 155 102 100 157 154 100 156 157 101 104 149 105 102 158 159 158 102 159 102 155 149 160 103 160 104 103 160 161 104 161 162 104 104 162 149 137 105 163 105 158 163 144 164 106 106 164 120 116 107 110 116 108 107 109 108 116 146 109 116 116 110 111 116 111 112 116 112 117 123 114 113 114 123 129 114 129 165 166 114 165 166 145 114 115 114 145 147 146 116 148 147 116 121 148 116 119 118 150 151 150 118 167 151 118 167 118 168 118 164 168 164 118 120 134 135 122 130 123 122 123 130 129 125 124 132 169 170 125 171 169 125 132 171 125 172 125 170 125 172 128 126 173 129 174 173 126 174 126 127 165 174 127 166 165 127 127 128 145 166 127 145 145 128 141 140 128 172 141 128 140 165 129 173 131 175 132 136 175 131 175 171 132 133 135 134 176 136 137 176 175 136 177 176 137 137 163 178 137 178 177 139 138 179 138 140 179 180 181 139 179 180 139 182 142 139 139 181 183 139 183 182 140 172 179 182 143 142 182 184 143 184 157 143 143 157 144 144 157 164 149 162 160 149 150 153 151 153 150 151 185 152 185 151 167 152 185 186 156 152 186 159 155 154 154 187 188 154 188 189 154 189 159 187 154 184 157 184 154 156 186 167 156 167 168 164 157 156 164 156 168 159 190 158 158 190 163 159 189 190 160 162 161 163 190 178 174 165 173 185 167 186 170 169 191 169 192 193 191 169 193 169 171 192 172 170 180 180 170 191 171 175 192 179 172 180 192 175 176 193 192 176 194 193 176 194 176 177 177 178 194 178 190 195 178 195 196 178 196 194 180 191 181 191 197 181 181 197 198 181 198 183 183 184 182 183 187 184 198 187 183 198 188 187 196 195 188 196 188 198 195 189 188 195 190 189 191 199 197 191 193 200 199 191 200 193 194 201 200 193 201 202 201 194 194 203 202 203 194 196 204 196 198 203 196 204 199 205 197 197 205 206 197 207 208 197 208 198 206 207 197 204 198 208 199 200 201 209 199 201 199 209 205 209 201 202 210 209 202 202 203 211 202 211 210 203 204 208 203 208 211 205 209 210 206 205 210 210 207 206 210 211 207 207 211 208</p>
        </triangles>
      </mesh>
    </geometry>
    <geometry id="mesh_4" name="mesh_4">
      <mesh>
        <source id="mesh_4-positions">
          <float_array id="mesh_4-positions-array" count="636">0.005778 0.007432 0.000000 0.021715 0.008915 -0.009271 0.019169 0.005108 0.000000 0.016647 0.009246 -0.018973 0.007752 0.008847 -0.023697 -0.012219 0.009779 0.000000 -0.012120 0.009390 -0.005568 -0.012501 0.009773 -0.016493 -0.006859 0.010987 -0.023835 0.021715 0.008915 0.009271 0.016647 0.009246 0.018973 0.007752 0.008847 0.023697 -0.012120 0.009390 0.005568 -0.012501 0.009773 0.016493 -0.006859 0.010987 0.023835 0.022457 0.010096 -0.011135 0.022354 0.010835 0.000000 0.022457 0.010096 0.011135 0.015100 0.012354 -0.018324 0.006564 0.015008 -0.022277 -0.011674 0.015489 -0.005208 -0.011640 0.015334 0.000000 -0.011674 0.015489 0.005208 -0.011655 0.017426 -0.016841 -0.005266 0.014100 -0.022444 -0.012710 0.017162 -0.009944 0.015100 0.012354 0.018324 0.006564 0.015008 0.022277 -0.005266 0.014100 0.022444 -0.011655 0.017426 0.016841 -0.012710 0.017162 0.009944 0.019440 0.016801 -0.010839 0.020897 0.016328 0.000000 0.019440 0.016801 0.010839 0.013510 0.018064 -0.017864 0.006592 0.020091 -0.020258 -0.011526 0.022700 -0.006689 -0.010980 0.022754 0.000000 -0.011526 0.022700 0.006689 -0.010229 0.021144 -0.020082 -0.003983 0.021615 -0.021237 -0.013580 0.023296 -0.010260 0.013510 0.018064 0.017864 0.006592 0.020091 0.020258 -0.003983 0.021615 0.021237 -0.010229 0.021144 0.020082 -0.013580 0.023296 0.010260 0.019667 0.026676 -0.010455 0.021228 0.028041 0.000000 0.019667 0.026676 0.010455 0.013184 0.027085 -0.018550 0.007734 0.027058 -0.020348 -0.013475 0.029916 -0.006911 -0.015661 0.030358 -0.010728 -0.012671 0.030063 0.000000 -0.013475 0.029916 0.006911 -0.015661 0.030358 0.010728 -0.008762 0.028141 -0.021807 -0.003490 0.027147 -0.021386 -0.013818 0.023841 -0.022188 -0.017001 0.020415 -0.018091 -0.015995 0.027717 -0.026540 -0.022666 0.025751 -0.003911 0.013184 0.027085 0.018550 0.007734 0.027058 0.020348 -0.003490 0.027147 0.021386 -0.008762 0.028141 0.021807 -0.017001 0.020415 0.018091 -0.013818 0.023841 0.022188 -0.015995 0.027717 0.026540 -0.022666 0.025751 0.003911 0.021185 0.032210 -0.011570 0.021867 0.032697 0.000000 0.021185 0.032210 0.011570 0.015399 0.031567 -0.019637 0.008580 0.030741 -0.022504 -0.013957 0.038367 -0.008823 -0.014821 0.036330 -0.011520 -0.012136 0.037343 0.000000 -0.013957 0.038367 0.008823 -0.014821 0.036330 0.011520 -0.009813 0.033217 -0.021070 -0.000977 0.032237 -0.023599 -0.016786 0.034456 -0.021124 -0.024230 0.025190 -0.018198 -0.025888 0.030186 -0.024502 -0.020782 0.022666 -0.026213 -0.019241 0.017201 -0.011135 -0.021769 0.025238 -0.030672 -0.020106 0.028672 -0.033740 -0.022867 0.012743 -0.005388 -0.023024 0.024094 0.000000 -0.032022 0.027475 0.000000 -0.024669 0.032830 -0.008145 0.015399 0.031567 0.019637 0.008580 0.030741 0.022504 -0.000977 0.032237 0.023599 -0.009813 0.033217 0.021070 -0.016786 0.034456 0.021124 -0.025888 0.030186 0.024502 -0.024230 0.025190 0.018198 -0.020782 0.022666 0.026213 -0.019241 0.017201 0.011135 -0.020106 0.028672 0.033740 -0.021769 0.025238 0.030672 -0.022867 0.012743 0.005388 -0.024669 0.032830 0.008145 0.019346 0.037497 -0.011782 0.020267 0.037802 0.000000 0.019346 0.037497 0.011782 0.015273 0.037180 -0.019907 0.007549 0.037184 -0.023593 -0.002455 0.036398 -0.023745 -0.016440 0.036581 -0.014915 -0.022715 0.043448 -0.016931 -0.022658 0.040305 -0.010630 0.004814 0.037609 0.000000 -0.011853 0.037863 -0.018112 -0.022715 0.043448 0.016931 -0.016440 0.036581 0.014915 -0.022658 0.040305 0.010630 -0.011853 0.037863 0.018112 -0.022238 0.035098 -0.030109 -0.020940 0.038679 -0.019473 -0.027751 0.017788 -0.016388 -0.032679 0.016100 -0.013384 -0.031569 0.032091 -0.022347 -0.032182 0.030641 -0.015006 -0.029876 0.028954 -0.013416 -0.030778 0.041967 -0.020620 -0.025333 0.036998 -0.022534 -0.020581 0.010056 -0.012693 -0.032789 0.011429 -0.018062 -0.026240 0.026674 -0.034038 -0.024309 0.029169 -0.037326 -0.026869 0.034895 -0.034516 -0.023381 0.006829 -0.007075 -0.026183 0.014011 0.000000 -0.033449 0.023408 -0.005224 -0.042582 0.019631 0.000000 -0.029262 0.022073 -0.008771 -0.028911 0.027066 -0.011001 -0.033449 0.023408 0.005224 -0.029262 0.022073 0.008771 -0.028911 0.027066 0.011001 -0.025821 0.033464 -0.012003 0.015273 0.037180 0.019907 0.007549 0.037184 0.023593 -0.002455 0.036398 0.023745 -0.022238 0.035098 0.030109 -0.020940 0.038679 0.019473 -0.030778 0.041967 0.020620 -0.031569 0.032091 0.022347 -0.025333 0.036998 0.022534 -0.032679 0.016100 0.013384 -0.027751 0.017788 0.016388 -0.032182 0.030641 0.015006 -0.029876 0.028954 0.013416 -0.020581 0.010056 0.012693 -0.032789 0.011429 0.018062 -0.024309 0.029169 0.037326 -0.026240 0.026674 0.034038 -0.026869 0.034895 0.034516 -0.023381 0.006829 0.007075 -0.025821 0.033464 0.012003 -0.037137 0.038505 -0.017281 -0.030002 0.035671 -0.014735 -0.037137 0.038505 0.017281 -0.030002 0.035671 0.014735 -0.036067 0.007757 -0.010277 -0.035529 0.012929 -0.010861 -0.033210 0.003856 -0.017807 -0.032371 0.018474 -0.009358 -0.035241 0.036757 -0.022856 -0.037377 0.034174 -0.017753 -0.025486 -0.001924 -0.014104 -0.026444 0.004291 -0.005620 -0.029430 0.008109 0.000000 -0.026444 0.004291 0.005620 -0.037963 0.018667 -0.004411 -0.041620 0.014435 -0.004293 -0.052780 0.016575 0.000000 -0.037963 0.018667 0.004411 -0.041620 0.014435 0.004293 -0.032371 0.018474 0.009358 -0.035241 0.036757 0.022856 -0.037377 0.034174 0.017753 -0.035529 0.012929 0.010861 -0.036067 0.007757 0.010277 -0.033210 0.003856 0.017807 -0.025486 -0.001924 0.014104 -0.042146 0.009524 -0.004482 -0.032072 0.004489 -0.008077 -0.037571 0.006157 -0.005259 -0.037770 0.000514 0.000000 -0.032072 0.004489 0.008077 -0.037571 0.006157 0.005259 -0.055319 0.011335 0.000000 -0.042146 0.009524 0.004482 -0.046261 0.006175 -0.004884 -0.042921 0.003455 -0.004902 -0.044617 -0.000808 -0.003805 -0.046636 -0.001481 0.000000 -0.044617 -0.000808 0.003805 -0.042921 0.003455 0.004902 -0.053575 0.005857 -0.004946 -0.054633 0.004256 0.000000 -0.053575 0.005857 0.004946 -0.046261 0.006175 0.004884 -0.051900 0.001762 -0.005763 -0.050950 -0.000391 0.000000 -0.051900 0.001762 0.005763</float_array>
          <technique_common>
            <accessor source="#mesh_4-positions-array" count="212" stride="3">
              <param name="X" type="float"/>
              <param name="Y" type="float"/>
              <param name="Z" type="float"/>
            </accessor>
          </technique_common>
        </source>
        <source id="mesh_4-normals">
          <float_array id="mesh_4-normals-array" count="636">-0.056340 -0.998412 -0.000000 0.369031 -0.905655 -0.208819 0.648600 -0.761130 0.000000 0.552351 -0.612694 -0.565256 0.281063 -0.352160 -0.892741 -0.933955 -0.357391 -0.000000 -0.770236 -0.637526 0.017243 -0.915573 -0.287838 -0.280846 -0.290046 -0.276223 -0.916283 0.369031 -0.905655 0.208819 0.552351 -0.612694 0.565256 0.281063 -0.352160 0.892741 -0.770236 -0.637526 -0.017243 -0.915573 -0.287838 0.280846 -0.290046 -0.276223 0.916283 0.963674 -0.051394 -0.262091 0.992325 -0.123659 -0.000000 0.963674 -0.051394 0.262091 0.598245 0.328322 -0.730964 0.229992 0.315318 -0.920695 -0.997049 0.029283 0.070961 -0.997444 0.071447 0.000000 -0.997049 0.029283 -0.070961 -0.817180 -0.067517 -0.572415 -0.338894 0.320189 -0.884664 -0.991642 -0.049704 0.119064 0.598245 0.328322 0.730964 0.229991 0.315318 0.920695 -0.338894 0.320189 0.884664 -0.817180 -0.067517 0.572415 -0.991642 -0.049704 -0.119064 0.902406 0.172744 -0.394745 0.975881 0.218303 0.000000 0.902406 0.172744 0.394745 0.603289 0.125528 -0.787582 0.206284 0.119050 -0.971223 -0.959410 -0.091022 0.266924 -0.991078 -0.133281 -0.000000 -0.959410 -0.091022 -0.266924 -0.139993 -0.587461 -0.797052 -0.100500 -0.061681 -0.993023 -0.721952 -0.515973 0.461040 0.603289 0.125528 0.787582 0.206284 0.119050 0.971223 -0.100500 -0.061681 0.993023 -0.139993 -0.587461 0.797052 -0.721952 -0.515973 -0.461039 0.913557 -0.133007 -0.384347 0.998161 -0.060622 0.000000 0.913557 -0.133007 0.384347 0.559440 -0.231043 -0.796019 0.215182 -0.265181 -0.939881 -0.958107 -0.091187 0.271508 -0.398323 -0.009826 0.917193 -0.998072 -0.062061 0.000000 -0.958106 -0.091187 -0.271508 -0.398323 -0.009826 -0.917193 0.139016 -0.021480 -0.990057 0.009232 -0.276628 -0.960933 -0.138345 -0.753177 -0.643106 -0.027821 -0.965175 -0.260122 0.532947 -0.440094 -0.722692 0.710532 0.176609 0.681142 0.559440 -0.231043 0.796019 0.215182 -0.265180 0.939881 0.009232 -0.276628 0.960933 0.139016 -0.021480 0.990057 -0.027821 -0.965175 0.260122 -0.138345 -0.753177 0.643106 0.532947 -0.440094 0.722692 0.710532 0.176609 -0.681142 0.938628 -0.037453 -0.342892 0.999290 -0.037681 0.000000 0.938628 -0.037453 0.342892 0.606104 -0.193834 -0.771405 0.179257 -0.296295 -0.938124 -0.428071 0.810520 0.399765 -0.198189 -0.019081 0.979978 -0.681291 0.732013 0.000000 -0.428071 0.810520 -0.399765 -0.198189 -0.019081 -0.979978 -0.181029 0.211377 -0.960494 -0.082893 -0.177769 -0.980575 0.428276 0.663957 -0.612978 -0.489954 -0.612581 -0.620234 -0.662414 -0.312348 -0.680916 -0.428011 -0.782452 -0.452300 0.840965 -0.334878 -0.425011 -0.166900 -0.979765 -0.110481 0.790293 0.016639 -0.612503 0.897244 -0.169933 0.407524 0.963762 0.266765 -0.000000 -0.437737 0.899103 -0.000000 -0.378525 0.487659 0.786707 0.606104 -0.193834 0.771405 0.179257 -0.296295 0.938124 -0.082893 -0.177769 0.980575 -0.181029 0.211377 0.960494 0.428276 0.663957 0.612978 -0.662414 -0.312348 0.680916 -0.489954 -0.612581 0.620234 -0.428011 -0.782452 0.452300 0.840965 -0.334878 0.425011 0.790293 0.016639 0.612503 -0.166900 -0.979765 0.110481 0.897244 -0.169933 -0.407524 -0.378525 0.487659 -0.786707 0.675627 0.671628 -0.304047 0.757369 0.652987 -0.000000 0.675627 0.671628 0.304047 0.479199 0.715129 -0.508880 0.229885 0.501015 -0.834348 -0.127806 0.460712 -0.878300 0.312508 0.866261 -0.389782 0.033371 0.978228 0.204832 -0.551452 0.599246 0.580349 0.007167 0.999974 0.000000 -0.181860 0.891931 -0.413988 0.033371 0.978228 -0.204832 0.312508 0.866261 0.389782 -0.551452 0.599246 -0.580349 -0.181860 0.891931 0.413988 -0.215435 0.756878 -0.617028 0.427685 0.732876 -0.529129 -0.040098 0.016002 -0.999068 -0.823305 0.239086 -0.514788 -0.450761 -0.551674 -0.701762 -0.674601 -0.415563 0.610099 -0.920562 0.159453 0.356567 -0.073619 0.594449 -0.800756 -0.256159 0.620559 -0.741140 0.949912 -0.204309 -0.236484 0.037767 0.113910 -0.992773 -0.797606 -0.573332 -0.187392 0.282721 -0.176318 -0.942858 -0.948117 0.234821 0.214321 0.809778 -0.358729 0.464299 0.919669 -0.392694 -0.000000 -0.484145 0.603877 -0.633195 -0.640478 0.767976 -0.000000 -0.814451 0.536053 -0.222074 -0.891989 0.396273 0.217539 -0.484145 0.603877 0.633195 -0.814451 0.536053 0.222074 -0.891989 0.396273 -0.217539 -0.697043 0.370697 0.613772 0.479199 0.715129 0.508880 0.229885 0.501015 0.834348 -0.127806 0.460712 0.878300 -0.215435 0.756878 0.617028 0.427685 0.732876 0.529129 -0.073619 0.594449 0.800756 -0.450761 -0.551674 0.701762 -0.256159 0.620559 0.741140 -0.823305 0.239086 0.514787 -0.040098 0.016002 0.999068 -0.674601 -0.415563 -0.610099 -0.920562 0.159453 -0.356567 0.949912 -0.204309 0.236484 0.037767 0.113910 0.992773 0.282721 -0.176318 0.942858 -0.797606 -0.573332 0.187392 -0.948117 0.234821 -0.214321 0.809778 -0.358729 -0.464299 -0.697043 0.370697 -0.613772 -0.672829 0.500253 0.545021 -0.312813 0.291581 0.903952 -0.672829 0.500253 -0.545021 -0.312813 0.291581 -0.903952 -0.764055 -0.404384 -0.502685 -0.726204 0.233474 -0.646620 -0.849686 -0.397931 -0.345955 -0.794481 0.525850 -0.303779 -0.630293 0.123548 -0.766463 -0.874381 -0.478386 -0.081263 0.486529 -0.860462 -0.151308 0.367604 -0.803890 0.467578 0.787037 -0.616906 -0.000000 0.367604 -0.803890 -0.467578 -0.556116 0.462749 -0.690361 -0.513568 0.387311 -0.765662 -0.708507 0.705704 0.000000 -0.556116 0.462749 0.690361 -0.513568 0.387311 0.765662 -0.794481 0.525850 0.303778 -0.630293 0.123547 0.766464 -0.874381 -0.478386 0.081263 -0.726204 0.233474 0.646620 -0.764055 -0.404384 0.502685 -0.849686 -0.397931 0.345955 0.486529 -0.860462 0.151308 -0.409805 0.022123 -0.911905 -0.466448 -0.872405 0.146066 -0.157784 -0.707585 -0.688787 0.353542 -0.935419 0.000000 -0.466448 -0.872405 -0.146066 -0.157784 -0.707585 0.688787 -0.806804 0.590819 0.000000 -0.409805 0.022123 0.911905 -0.026876 0.185517 -0.982274 -0.036450 -0.080933 -0.996053 0.118180 -0.615460 -0.779257 -0.092054 -0.995754 0.000000 0.118180 -0.615460 0.779257 -0.036450 -0.080933 0.996053 -0.754170 -0.055568 -0.654323 -0.929306 -0.369310 0.000000 -0.754170 -0.055568 0.654323 -0.026876 0.185517 0.982274 -0.335078 -0.604963 -0.722317 -0.708465 -0.705746 0.000000 -0.335078 -0.604964 0.722317</float_array>
          <technique_common>
            <accessor source="#mesh_4-normals-array" count="212" stride="3">
              <param name="X" type="float"/>
              <param name="Y" type="float"/>
              <param name="Z" type="float"/>
            </accessor>
          </technique_common>
        </source>
        <vertices id="mesh_4-vertices">
           <input semantic="POSITION" source="#mesh_4-positions"/>
        </vertices>
        <triangles count="424">
            <input semantic="VERTEX" source="#mesh_4-vertices" offset="0" />
            <input semantic="NORMAL" source="#mesh_4-normals" offset="0" />
          <p>0 1 2 0 3 1 0 4 3 0 5 6 6 7 0 0 7 8 8 4 0 2 9 0 9 10 0 10 11 0 12 5 0 0 13 12 14 13 0 0 11 14 2 1 15 15 1 3 16 2 15 17 9 2 17 2 16 18 15 3 18 3 4 19 18 4 19 4 8 20 6 5 21 20 5 5 12 22 5 22 21 6 20 7 7 23 24 8 7 24 25 23 7 20 25 7 24 19 8 10 9 17 10 17 26 11 10 26 11 26 27 14 11 27 13 22 12 28 29 13 28 13 14 13 29 30 13 30 22 14 27 28 15 31 32 16 15 32 31 15 18 32 17 16 32 33 17 26 17 33 34 31 18 34 18 19 35 34 19 35 19 24 20 21 36 25 20 36 37 36 21 21 38 37 38 21 22 38 22 30 23 39 40 24 23 40 41 23 25 41 39 23 40 35 24 41 25 36 26 33 42 27 26 42 27 42 43 28 27 43 28 43 44 44 29 28 44 45 29 30 29 46 29 45 46 38 30 46 31 47 48 32 31 48 47 31 34 48 33 32 48 49 33 42 33 49 50 47 34 50 34 35 51 50 35 51 35 40 52 36 37 52 53 36 53 41 36 54 52 37 37 38 55 37 55 54 38 56 55 38 46 56 39 57 58 40 39 58 59 39 60 39 59 61 57 39 61 41 60 39 58 51 40 41 62 60 62 41 53 42 49 63 43 42 63 43 63 64 44 43 64 44 64 65 65 45 44 65 66 45 67 45 68 69 68 45 69 45 66 45 67 46 67 70 46 56 46 70 47 71 72 48 47 72 71 47 50 72 49 48 72 73 49 63 49 73 74 71 50 74 50 51 75 74 51 75 51 58 76 52 54 77 53 52 76 77 52 53 77 62 78 76 54 54 55 79 54 79 78 55 56 80 55 80 79 70 80 56 57 81 82 58 57 82 57 61 83 81 57 83 82 75 58 61 59 60 60 84 85 86 60 85 86 61 60 87 84 60 62 87 60 88 89 61 86 88 61 61 89 83 90 62 91 92 91 62 93 92 62 62 90 87 77 93 62 63 73 94 64 63 94 64 94 95 65 64 95 65 95 96 96 66 65 96 97 66 98 69 66 98 66 97 99 100 67 99 67 101 67 68 69 67 69 101 67 100 102 67 102 70 69 103 104 69 104 101 98 103 69 91 70 105 70 91 92 70 92 106 102 105 70 70 106 80 71 107 108 72 71 108 107 71 74 108 73 72 108 109 73 94 73 109 110 107 74 74 75 111 110 74 111 75 82 112 111 75 112 76 113 114 114 115 76 115 93 76 77 76 93 116 76 78 116 117 76 76 117 113 78 79 116 118 119 79 79 120 118 79 106 120 106 79 80 79 121 116 119 121 79 82 81 112 81 83 117 81 117 112 83 113 117 89 122 83 123 83 122 113 83 123 84 124 125 85 84 126 84 127 126 87 124 84 125 128 84 128 127 84 85 126 129 122 86 85 122 85 130 130 85 129 122 88 86 131 87 90 87 131 132 124 87 132 88 133 134 89 88 134 88 135 133 122 135 88 89 134 122 136 90 137 137 90 91 136 131 90 91 105 137 92 138 139 140 138 92 141 140 92 92 93 141 139 142 92 92 142 143 92 143 144 144 106 92 93 145 141 115 145 93 94 109 146 147 95 94 147 94 146 148 96 95 148 95 147 148 97 96 121 98 97 148 121 97 121 119 98 98 149 103 149 98 150 150 98 119 151 152 99 152 100 99 99 101 149 153 99 149 151 99 153 154 155 100 152 156 100 100 155 102 100 157 154 100 156 157 101 104 149 105 102 158 159 158 102 159 102 155 149 160 103 160 104 103 160 161 104 161 162 104 104 162 149 137 105 163 105 158 163 144 164 106 106 164 120 116 107 110 116 108 107 109 108 116 146 109 116 116 110 111 116 111 112 116 112 117 123 114 113 114 123 129 114 129 165 166 114 165 166 145 114 115 114 145 147 146 116 148 147 116 121 148 116 119 118 150 151 150 118 167 151 118 167 118 168 118 164 168 164 118 120 134 135 122 130 123 122 123 130 129 125 124 132 169 170 125 171 169 125 132 171 125 172 125 170 125 172 128 126 173 129 174 173 126 174 126 127 165 174 127 166 165 127 127 128 145 166 127 145 145 128 141 140 128 172 141 128 140 165 129 173 131 175 132 136 175 131 175 171 132 133 135 134 176 136 137 176 175 136 177 176 137 137 163 178 137 178 177 139 138 179 138 140 179 180 181 139 179 180 139 182 142 139 139 181 183 139 183 182 140 172 179 182 143 142 182 184 143 184 157 143 143 157 144 144 157 164 149 162 160 149 150 153 151 153 150 151 185 152 185 151 167 152 185 186 156 152 186 159 155 154 154 187 188 154 188 189 154 189 159 187 154 184 157 184 154 156 186 167 156 167 168 164 157 156 164 156 168 159 190 158 158 190 163 159 189 190 160 162 161 163 190 178 174 165 173 185 167 186 170 169 191 169 192 193 191 169 193 169 171 192 172 170 180 180 170 191 171 175 192 179 172 180 192 175 176 193 192 176 194 193 176 194 176 177 177 178 194 178 190 195 178 195 196 178 196 194 180 191 181 191 197 181 181 197 198 181 198 183 183 184 182 183 187 184 198 187 183 198 188 187 196 195 188 196 188 198 195 189 188 195 190 189 191 199 197 191 193 200 199 191 200 193 194 201 200 193 201 202 201 194 194 203 202 203 194 196 204 196 198 203 196 204 199 205 197 197 205 206 197 207 208 197 208 198 206 207 197 204 198 208 199 200 201 209 199 201 199 209 205 209 201 202 210 209 202 202 203 211 202 211 210 203 204 208 203 208 211 205 209 210 206 205 210 210 207 206 210 211 207 207 211 208</p>
        </triangles>
      </mesh>
    </geometry>
    <geometry id="mesh_5" name="mesh_5">
      <mesh>
        <source id="mesh_5-positions">
          <float_array id="mesh_5-positions-array" count="636">0.001708 0.009111 0.000000 0.016093 0.014009 -0.009262 0.014420 0.009710 0.000000 0.011124 0.013168 -0.018954 0.003323 0.010945 -0.023673 -0.016179 0.007270 0.000000 -0.016003 0.006914 -0.005562 -0.016450 0.007200 -0.016477 -0.011247 0.009679 -0.023811 0.016093 0.014009 0.009262 0.011124 0.013168 0.018954 0.003323 0.010945 0.023673 -0.016003 0.006914 0.005562 -0.016450 0.007200 0.016477 -0.011247 0.009679 0.023811 0.016565 0.015332 -0.011124 0.016312 0.016029 0.000000 0.016565 0.015332 0.011124 0.009699 0.016054 -0.018305 0.000896 0.016684 -0.022255 -0.016837 0.012967 -0.005203 -0.016772 0.012824 0.000000 -0.016837 0.012967 0.005203 -0.017220 0.014862 -0.016825 -0.010353 0.013083 -0.022422 -0.018186 0.014361 -0.009934 0.009699 0.016054 0.018305 0.000896 0.016684 0.022255 -0.010353 0.013083 0.022422 -0.017220 0.014862 0.016825 -0.018186 0.014361 0.009934 0.012973 0.021389 -0.010828 0.014479 0.021262 0.000000 0.012973 0.021389 0.010828 0.006977 0.021260 -0.017846 -0.000132 0.021651 -0.020238 -0.018190 0.020038 -0.006682 -0.017674 0.020215 0.000000 -0.018190 0.020038 0.006682 -0.016613 0.018818 -0.020062 -0.010673 0.020711 -0.021215 -0.020300 0.020148 -0.010250 0.006977 0.021260 0.017846 -0.000132 0.021651 0.020238 -0.010673 0.020711 0.021215 -0.016613 0.018818 0.020062 -0.020300 0.020148 0.010250 0.011143 0.031077 -0.010444 0.012369 0.032768 0.000000 0.011143 0.031077 0.010444 0.004790 0.029989 -0.018532 -0.000473 0.028712 -0.020328 -0.021571 0.026632 -0.006904 -0.023777 0.026561 -0.010717 -0.020825 0.026960 0.000000 -0.021571 0.026632 0.006904 -0.023777 0.026561 0.010717 -0.016646 0.025981 -0.021785 -0.011343 0.026221 -0.021365 -0.020643 0.020624 -0.022166 -0.023009 0.016551 -0.018073 -0.023552 0.023907 -0.026513 -0.029594 0.020457 -0.003907 0.004790 0.029989 0.018532 -0.000473 0.028712 0.020328 -0.011343 0.026221 0.021365 -0.016646 0.025981 0.021785 -0.023009 0.016551 0.018073 -0.020643 0.020624 0.022166 -0.023552 0.023907 0.026513 -0.029594 0.020457 0.003907 0.011463 0.036826 -0.011558 0.012021 0.037458 0.000000 0.011463 0.036826 0.011558 0.006002 0.034871 -0.019617 -0.000419 0.032499 -0.022482 -0.023792 0.034768 -0.008814 -0.024204 0.032581 -0.011508 -0.021818 0.034186 0.000000 -0.023792 0.034768 0.008814 -0.024204 0.032581 0.011508 -0.018716 0.030693 -0.021049 -0.009970 0.031765 -0.023575 -0.025715 0.030302 -0.021103 -0.030990 0.019551 -0.018180 -0.033629 0.024046 -0.024478 -0.027132 0.017880 -0.026187 -0.024508 0.012901 -0.011124 -0.028620 0.020163 -0.030642 -0.027725 0.023896 -0.033706 -0.027088 0.007718 -0.005383 -0.029596 0.018759 0.000000 -0.038997 0.019992 0.000000 -0.032999 0.026906 -0.008137 0.006002 0.034871 0.019617 -0.000419 0.032499 0.022482 -0.009970 0.031765 0.023575 -0.018716 0.030693 0.021049 -0.025715 0.030302 0.021103 -0.033629 0.024046 0.024478 -0.030990 0.019551 0.018180 -0.027132 0.017880 0.026187 -0.024508 0.012901 0.011124 -0.027725 0.023896 0.033706 -0.028620 0.020163 0.030642 -0.027088 0.007718 0.005383 -0.032999 0.026906 0.008137 0.010020 0.041978 -0.011770 0.010847 0.042487 0.000000 0.010020 0.041978 0.011770 0.004715 0.040319 -0.019887 -0.002753 0.038550 -0.023569 -0.012263 0.035486 -0.023722 -0.025822 0.032455 -0.014901 -0.033313 0.037715 -0.016914 -0.032606 0.034661 -0.010620 -0.005485 0.038337 0.000000 -0.021653 0.034759 -0.018094 -0.033313 0.037715 0.016914 -0.025822 0.032455 0.014901 -0.032606 0.034661 0.010620 -0.021653 0.034759 0.018094 -0.031120 0.029677 -0.030079 -0.030608 0.033469 -0.019454 -0.032857 0.011520 -0.016372 -0.037272 0.008742 -0.013371 -0.039517 0.024600 -0.022325 -0.039809 0.023045 -0.014991 -0.037229 0.021928 -0.013403 -0.040801 0.034419 -0.020599 -0.034505 0.030821 -0.022512 -0.024321 0.005621 -0.012680 -0.036409 0.004159 -0.018044 -0.033241 0.020538 -0.034004 -0.031891 0.023416 -0.037289 -0.035554 0.028416 -0.034481 -0.026359 0.001830 -0.007068 -0.030558 0.008194 0.000000 -0.039532 0.015696 -0.005219 -0.047579 0.009914 0.000000 -0.035208 0.015355 -0.008762 -0.035904 0.020307 -0.010989 -0.039532 0.015696 0.005219 -0.035208 0.015355 0.008762 -0.035904 0.020307 0.010989 -0.034244 0.027259 -0.011991 0.004715 0.040319 0.019887 -0.002753 0.038550 0.023569 -0.012263 0.035486 0.023722 -0.031120 0.029677 0.030079 -0.030608 0.033469 0.019454 -0.040801 0.034419 0.020599 -0.039517 0.024600 0.022325 -0.034505 0.030821 0.022512 -0.037272 0.008742 0.013371 -0.032857 0.011520 0.016372 -0.039809 0.023045 0.014991 -0.037229 0.021928 0.013403 -0.024321 0.005621 0.012680 -0.036409 0.004159 0.018044 -0.031891 0.023416 0.037289 -0.033241 0.020538 0.034004 -0.035554 0.028416 0.034481 -0.026359 0.001830 0.007068 -0.034244 0.027259 0.011991 -0.046231 0.029581 -0.017263 -0.038745 0.028454 -0.014720 -0.046231 0.029581 0.017263 -0.038745 0.028454 0.014720 -0.038816 -0.000177 -0.010267 -0.039370 0.004993 -0.010850 -0.035245 -0.003328 -0.017789 -0.037467 0.011129 -0.009348 -0.044035 0.028310 -0.022833 -0.045564 0.025299 -0.017736 -0.026578 -0.007195 -0.014090 -0.028794 -0.001351 -0.005614 -0.032473 0.001690 0.000000 -0.028794 -0.001351 0.005614 -0.042913 0.010034 -0.004406 -0.045571 0.005065 -0.004289 -0.056805 0.004591 0.000000 -0.042913 0.010034 0.004406 -0.045571 0.005065 0.004289 -0.037467 0.011129 0.009348 -0.044035 0.028310 0.022833 -0.045564 0.025299 0.017736 -0.039370 0.004993 0.010850 -0.038816 -0.000177 0.010267 -0.035245 -0.003328 0.017789 -0.026578 -0.007195 0.014090 -0.045060 0.000152 -0.004478 -0.034276 -0.002449 -0.008068 -0.039938 -0.002084 -0.005253 -0.038960 -0.007636 0.000000 -0.034276 -0.002449 0.008068 -0.039938 -0.002084 0.005253 -0.058172 -0.001105 0.000000 -0.045060 0.000152 0.004478 -0.048343 -0.004061 -0.004880 -0.044551 -0.005949 -0.004897 -0.045305 -0.010498 -0.003802 -0.047119 -0.011618 0.000000 -0.045305 -0.010498 0.003802 -0.044550 -0.005949 0.004897 -0.055349 -0.006050 -0.004941 -0.056040 -0.007856 0.000000 -0.055349 -0.006050 0.004941 -0.048343 -0.004061 0.004880 -0.052880 -0.009661 -0.005757 -0.051514 -0.011544 0.000000 -0.052880 -0.009661 0.005757</float_array>
          <technique_common>
            <accessor source="#mesh_5-positions-array" count="212" stride="3">
              <param name="X" type="float"/>
              <param name="Y" type="float"/>
              <param name="Z" type="float"/>
            </accessor>
          </technique_common>
        </source>
        <source id="mesh_5-normals">
          <float_array id="mesh_5-normals-array" count="636">0.174011 -0.984744 0.000000 0.562254 -0.800305 -0.208282 0.797947 -0.602727 0.000000 0.680037 -0.502324 -0.534060 0.373183 -0.301552 -0.877383 -0.836396 -0.548126 0.000000 -0.611661 -0.790929 0.017372 -0.833676 -0.475448 -0.280952 -0.218556 -0.332888 -0.917289 0.562254 -0.800305 0.208282 0.680037 -0.502324 0.534060 0.373183 -0.301553 0.877383 -0.611661 -0.790929 -0.017372 -0.833676 -0.475448 0.280952 -0.218556 -0.332888 0.917289 0.963414 0.083800 -0.254580 0.999732 0.023127 -0.000000 0.963414 0.083800 0.254580 0.549246 0.399453 -0.734007 0.153742 0.355802 -0.921829 -0.981296 -0.179080 0.070627 -0.990427 -0.138037 0.000000 -0.981296 -0.179080 -0.070627 -0.785540 -0.236771 -0.571722 -0.404602 0.240111 -0.882408 -0.959615 -0.255044 0.118710 0.549246 0.399453 0.734007 0.153742 0.355802 0.921829 -0.404602 0.240111 0.882408 -0.785540 -0.236771 0.571722 -0.959615 -0.255044 -0.118710 0.859324 0.330381 -0.390397 0.938406 0.345534 -0.000000 0.859324 0.330381 0.390397 0.563942 0.248686 -0.787480 0.175427 0.159355 -0.971510 -0.919527 -0.288879 0.266492 -0.941546 -0.336885 0.000000 -0.919527 -0.288879 -0.266492 -0.001529 -0.602371 -0.798214 -0.084074 -0.081363 -0.993132 -0.593536 -0.656966 0.464877 0.563942 0.248686 0.787480 0.175427 0.159355 0.971510 -0.084074 -0.081363 0.993132 -0.001529 -0.602371 0.798214 -0.593536 -0.656966 -0.464877 0.922141 0.061260 -0.381974 0.988883 0.148696 0.000000 0.922140 0.061260 0.381974 0.599972 -0.107216 -0.792804 0.272280 -0.212818 -0.938388 -0.918371 -0.288893 0.270437 -0.388324 -0.093051 0.916813 -0.963284 -0.268485 0.000000 -0.918371 -0.288893 -0.270437 -0.388324 -0.093051 -0.916813 0.141355 0.008893 -0.989919 0.073038 -0.267581 -0.960763 0.038374 -0.764012 -0.644061 0.192147 -0.946229 -0.260251 0.620549 -0.313244 -0.718886 0.656839 0.321959 0.681840 0.599972 -0.107216 0.792804 0.272280 -0.212818 0.938388 0.073038 -0.267581 0.960763 0.141355 0.008893 0.989919 0.192147 -0.946229 0.260251 0.038374 -0.764011 0.644061 0.620549 -0.313244 0.718886 0.656839 0.321959 -0.681840 0.944692 0.027642 -0.326793 0.996828 0.079589 0.000000 0.944692 0.027642 0.326793 0.628148 -0.094668 -0.772313 0.244222 -0.250668 -0.936761 -0.600011 0.695827 0.394730 -0.189935 -0.057632 0.980104 -0.825659 0.564170 0.000000 -0.600011 0.695827 -0.394730 -0.189935 -0.057632 -0.980104 -0.226330 0.167821 -0.959485 -0.040445 -0.190707 -0.980814 0.271190 0.740010 -0.615501 -0.342401 -0.704748 -0.621363 -0.579932 -0.446332 -0.681518 -0.248910 -0.856550 -0.452068 0.893553 -0.150412 -0.423012 0.057298 -0.992633 -0.106756 0.770145 0.186252 -0.610071 0.914417 0.021974 0.404177 0.884924 0.465735 0.000000 -0.628185 0.778064 -0.000000 -0.477725 0.395135 0.784632 0.628148 -0.094668 0.772313 0.244222 -0.250668 0.936761 -0.040445 -0.190707 0.980814 -0.226330 0.167821 0.959485 0.271190 0.740010 0.615501 -0.579932 -0.446332 0.681518 -0.342401 -0.704748 0.621363 -0.248910 -0.856550 0.452068 0.893553 -0.150412 0.423012 0.770145 0.186252 0.610071 0.057298 -0.992633 0.106756 0.914417 0.021974 -0.404177 -0.477725 0.395135 -0.784632 0.584044 0.725966 -0.363134 0.755710 0.654906 0.000000 0.584044 0.725966 0.363134 0.278748 0.786792 -0.550688 0.110629 0.536921 -0.836347 -0.231430 0.421068 -0.877007 0.112815 0.912921 -0.392235 -0.188366 0.961208 0.201489 -0.671576 0.465889 0.576136 -0.225042 0.974349 0.000000 -0.382039 0.827149 -0.412153 -0.188366 0.961208 -0.201489 0.112815 0.912921 0.392235 -0.671576 0.465889 -0.576136 -0.382039 0.827149 0.412153 -0.378552 0.691354 -0.615409 0.253780 0.807932 -0.531828 -0.042328 0.006406 -0.999083 -0.857265 0.059616 -0.511412 -0.317424 -0.636362 -0.703054 -0.569493 -0.551676 0.609369 -0.934817 -0.039782 0.352896 -0.207311 0.562100 -0.800666 -0.391590 0.549182 -0.738279 0.971219 0.000288 -0.238189 0.013385 0.118413 -0.992874 -0.657181 -0.729889 -0.188083 0.318726 -0.107506 -0.941730 -0.977113 0.033148 0.210123 0.870093 -0.178193 0.459548 0.982201 -0.187834 0.000000 -0.610365 0.482929 -0.627881 -0.795619 0.605797 0.000000 -0.911900 0.346776 -0.219509 -0.956826 0.196172 0.214479 -0.610365 0.482929 0.627881 -0.911900 0.346776 0.219509 -0.956826 0.196172 -0.214479 -0.763529 0.213443 0.609479 0.278748 0.786792 0.550688 0.110629 0.536921 0.836347 -0.231430 0.421068 0.877007 -0.378552 0.691354 0.615409 0.253780 0.807932 0.531828 -0.207311 0.562100 0.800666 -0.317424 -0.636362 0.703054 -0.391590 0.549182 0.738279 -0.857265 0.059616 0.511412 -0.042328 0.006406 0.999083 -0.569493 -0.551676 -0.609369 -0.934817 -0.039782 -0.352896 0.971219 0.000288 0.238189 0.013385 0.118413 0.992874 0.318726 -0.107506 0.941730 -0.657181 -0.729889 0.188083 -0.977113 0.033148 -0.210123 0.870093 -0.178193 -0.459548 -0.763529 0.213443 -0.609479 -0.767884 0.341468 0.541990 -0.373945 0.217984 0.901470 -0.767884 0.341468 -0.541990 -0.373945 0.217984 -0.901470 -0.659135 -0.558741 -0.503338 -0.762419 0.074049 -0.642833 -0.744470 -0.571637 -0.344958 -0.890771 0.341709 -0.299602 -0.643982 -0.014651 -0.764900 -0.751295 -0.654784 -0.082547 0.663800 -0.732473 -0.151174 0.540620 -0.702977 0.462118 0.902850 -0.429956 0.000000 0.540620 -0.702977 -0.462118 -0.648752 0.331935 -0.684792 -0.590632 0.268135 -0.761090 -0.847406 0.530945 0.000000 -0.648752 0.331935 0.684792 -0.590632 0.268135 0.761090 -0.890771 0.341709 0.299602 -0.643982 -0.014651 0.764900 -0.751295 -0.654784 0.082547 -0.762419 0.074049 0.642833 -0.659135 -0.558741 0.503338 -0.744470 -0.571637 0.344958 0.663800 -0.732473 0.151174 -0.407585 -0.065071 -0.910846 -0.259409 -0.954563 0.146685 0.006838 -0.724651 -0.689082 0.557584 -0.830121 0.000000 -0.259409 -0.954563 -0.146685 0.006847 -0.724658 0.689075 -0.915941 0.401312 0.000000 -0.407587 -0.065074 0.910845 -0.069212 0.174920 -0.982147 -0.017000 -0.086456 -0.996111 0.256835 -0.573492 -0.777909 0.138677 -0.990338 0.000000 0.256854 -0.573493 0.777902 -0.016979 -0.086465 0.996110 -0.727406 -0.213052 -0.652295 -0.830323 -0.557283 0.000000 -0.727407 -0.213052 0.652295 -0.069207 0.174924 0.982147 -0.190923 -0.663148 -0.723728 -0.538052 -0.842911 -0.000000 -0.190923 -0.663148 0.723728</float_array>
          <technique_common>
            <accessor source="#mesh_5-normals-array" count="212" stride="3">
              <param name="X" type="float"/>
              <param name="Y" type="float"/>
              <param name="Z" type="float"/>
            </accessor>
          </technique_common>
        </source>
        <vertices id="mesh_5-vertices">
           <input semantic="POSITION" source="#mesh_5-positions"/>
        </vertices>
        <triangles count="424">
            <input semantic="VERTEX" source="#mesh_5-vertices" offset="0" />
            <input semantic="NORMAL" source="#mesh_5-normals" offset="0" />
          <p>0 1 2 0 3 1 0 4 3 0 5 6 6 7 0 0 7 8 8 4 0 2 9 0 9 10 0 10 11 0 12 5 0 0 13 12 14 13 0 0 11 14 2 1 15 15 1 3 16 2 15 17 9 2 17 2 16 18 15 3 18 3 4 19 18 4 19 4 8 20 6 5 21 20 5 5 12 22 5 22 21 6 20 7 7 23 24 8 7 24 25 23 7 20 25 7 24 19 8 10 9 17 10 17 26 11 10 26 11 26 27 14 11 27 13 22 12 28 29 13 28 13 14 13 29 30 13 30 22 14 27 28 15 31 32 16 15 32 31 15 18 32 17 16 32 33 17 26 17 33 34 31 18 34 18 19 35 34 19 35 19 24 20 21 36 25 20 36 37 36 21 21 38 37 38 21 22 38 22 30 23 39 40 24 23 40 41 23 25 41 39 23 40 35 24 41 25 36 26 33 42 27 26 42 27 42 43 28 27 43 28 43 44 44 29 28 44 45 29 30 29 46 29 45 46 38 30 46 31 47 48 32 31 48 47 31 34 48 33 32 48 49 33 42 33 49 50 47 34 50 34 35 51 50 35 51 35 40 52 36 37 52 53 36 53 41 36 54 52 37 37 38 55 37 55 54 38 56 55 38 46 56 39 57 58 40 39 58 59 39 60 39 59 61 57 39 61 41 60 39 58 51 40 41 62 60 62 41 53 42 49 63 43 42 63 43 63 64 44 43 64 44 64 65 65 45 44 65 66 45 67 45 68 69 68 45 69 45 66 45 67 46 67 70 46 56 46 70 47 71 72 48 47 72 71 47 50 72 49 48 72 73 49 63 49 73 74 71 50 74 50 51 75 74 51 75 51 58 76 52 54 77 53 52 76 77 52 53 77 62 78 76 54 54 55 79 54 79 78 55 56 80 55 80 79 70 80 56 57 81 82 58 57 82 57 61 83 81 57 83 82 75 58 61 59 60 60 84 85 86 60 85 86 61 60 87 84 60 62 87 60 88 89 61 86 88 61 61 89 83 90 62 91 92 91 62 93 92 62 62 90 87 77 93 62 63 73 94 64 63 94 64 94 95 65 64 95 65 95 96 96 66 65 96 97 66 98 69 66 98 66 97 99 100 67 99 67 101 67 68 69 67 69 101 67 100 102 67 102 70 69 103 104 69 104 101 98 103 69 91 70 105 70 91 92 70 92 106 102 105 70 70 106 80 71 107 108 72 71 108 107 71 74 108 73 72 108 109 73 94 73 109 110 107 74 74 75 111 110 74 111 75 82 112 111 75 112 76 113 114 114 115 76 115 93 76 77 76 93 116 76 78 116 117 76 76 117 113 78 79 116 118 119 79 79 120 118 79 106 120 106 79 80 79 121 116 119 121 79 82 81 112 81 83 117 81 117 112 83 113 117 89 122 83 123 83 122 113 83 123 84 124 125 85 84 126 84 127 126 87 124 84 125 128 84 128 127 84 85 126 129 122 86 85 122 85 130 130 85 129 122 88 86 131 87 90 87 131 132 124 87 132 88 133 134 89 88 134 88 135 133 122 135 88 89 134 122 136 90 137 137 90 91 136 131 90 91 105 137 92 138 139 140 138 92 141 140 92 92 93 141 139 142 92 92 142 143 92 143 144 144 106 92 93 145 141 115 145 93 94 109 146 147 95 94 147 94 146 148 96 95 148 95 147 148 97 96 121 98 97 148 121 97 121 119 98 98 149 103 149 98 150 150 98 119 151 152 99 152 100 99 99 101 149 153 99 149 151 99 153 154 155 100 152 156 100 100 155 102 100 157 154 100 156 157 101 104 149 105 102 158 159 158 102 159 102 155 149 160 103 160 104 103 160 161 104 161 162 104 104 162 149 137 105 163 105 158 163 144 164 106 106 164 120 116 107 110 116 108 107 109 108 116 146 109 116 116 110 111 116 111 112 116 112 117 123 114 113 114 123 129 114 129 165 166 114 165 166 145 114 115 114 145 147 146 116 148 147 116 121 148 116 119 118 150 151 150 118 167 151 118 167 118 168 118 164 168 164 118 120 134 135 122 130 123 122 123 130 129 125 124 132 169 170 125 171 169 125 132 171 125 172 125 170 125 172 128 126 173 129 174 173 126 174 126 127 165 174 127 166 165 127 127 128 145 166 127 145 145 128 141 140 128 172 141 128 140 165 129 173 131 175 132 136 175 131 175 171 132 133 135 134 176 136 137 176 175 136 177 176 137 137 163 178 137 178 177 139 138 179 138 140 179 180 181 139 179 180 139 182 142 139 139 181 183 139 183 182 140 172 179 182 143 142 182 184 143 184 157 143 143 157 144 144 157 164 149 162 160 149 150 153 151 153 150 151 185 152 185 151 167 152 185 186 156 152 186 159 155 154 154 187 188 154 188 189 154 189 159 187 154 184 157 184 154 156 186 167 156 167 168 164 157 156 164 156 168 159 190 158 158 190 163 159 189 190 160 162 161 163 190 178 174 165 173 185 167 186 170 169 191 169 192 193 191 169 193 169 171 192 172 170 180 180 170 191 171 175 192 179 172 180 192 175 176 193 192 176 194 193 176 194 176 177 177 178 194 178 190 195 178 195 196 178 196 194 180 191 181 191 197 181 181 197 198 181 198 183 183 184 182 183 187 184 198 187 183 198 188 187 196 195 188 196 188 198 195 189 188 195 190 189 191 199 197 191 193 200 199 191 200 193 194 201 200 193 201 202 201 194 194 203 202 203 194 196 204 196 198 203 196 204 199 205 197 197 205 206 197 207 208 197 208 198 206 207 197 204 198 208 199 200 201 209 199 201 199 209 205 209 201 202 210 209 202 202 203 211 202 211 210 203 204 208 203 208 211 205 209 210 206 205 210 210 207 206 210 211 207 207 211 208</p>
        </triangles>
      </mesh>
    </geometry>
    <geometry id="mesh_6" name="mesh_6">
      <mesh>
        <source id="mesh_6-positions">
          <float_array id="mesh_6-positions-array" count="636">0.001762 0.006343 0.000000 0.014785 0.013410 -0.008983 0.013830 0.009016 0.000000 0.010159 0.011784 -0.018384 0.003032 0.008366 -0.022961 -0.015067 0.001624 0.000000 -0.014846 0.001312 -0.005395 -0.015316 0.001512 -0.015981 -0.010712 0.004746 -0.023095 0.014785 0.013410 0.008983 0.010159 0.011784 0.018384 0.003032 0.008366 0.022961 -0.014846 0.001312 0.005395 -0.015316 0.001512 0.015981 -0.010712 0.004746 0.023095 0.015039 0.014755 -0.010789 0.014692 0.015381 0.000000 0.015039 0.014755 0.010789 0.008364 0.014313 -0.017755 -0.000149 0.013462 -0.021586 -0.014005 0.007541 -0.005046 -0.013921 0.007415 0.000000 -0.014005 0.007541 0.005046 -0.014655 0.009293 -0.016318 -0.010367 0.008154 -0.021747 -0.015504 0.008654 -0.009635 0.008364 0.014313 0.017755 -0.000149 0.013462 0.021586 -0.010367 0.008154 0.021747 -0.014655 0.009293 0.016318 -0.015504 0.008654 0.009635 0.010695 0.019963 -0.010502 0.012155 0.020090 0.000000 0.010695 0.019963 0.010502 0.004981 0.018849 -0.017309 -0.001876 0.018050 -0.019629 -0.018904 0.013521 -0.006481 -0.018437 0.013777 0.000000 -0.018904 0.013521 0.006481 -0.017213 0.012613 -0.019459 -0.011816 0.015408 -0.020577 -0.020938 0.013278 -0.009942 0.004981 0.018849 0.017309 -0.001876 0.018050 0.019629 -0.011816 0.015408 0.020577 -0.017213 0.012613 0.019459 -0.020938 0.013278 0.009942 0.007493 0.028940 -0.010130 0.008412 0.030762 0.000000 0.007493 0.028940 0.010130 0.001581 0.026848 -0.017974 -0.003261 0.024756 -0.019716 -0.023126 0.019279 -0.006696 -0.025225 0.018846 -0.010395 -0.022461 0.019716 0.000000 -0.023126 0.019279 0.006696 -0.025225 0.018846 0.010395 -0.018319 0.019469 -0.021130 -0.013283 0.020575 -0.020722 -0.021338 0.013678 -0.021499 -0.022990 0.009386 -0.017530 -0.024612 0.016342 -0.025716 -0.029872 0.012040 -0.003789 0.001581 0.026848 0.017974 -0.003261 0.024756 0.019716 -0.013283 0.020575 0.020722 -0.018319 0.019469 0.021130 -0.022990 0.009386 0.017530 -0.021338 0.013678 0.021499 -0.024612 0.016342 0.025716 -0.029872 0.012040 0.003789 0.006938 0.034499 -0.011210 0.007376 0.035197 0.000000 0.006938 0.034499 0.011210 0.002008 0.031725 -0.019027 -0.003777 0.028392 -0.021805 -0.026469 0.026705 -0.008549 -0.026536 0.024542 -0.011162 -0.024494 0.026474 0.000000 -0.026469 0.026705 0.008549 -0.026536 0.024542 0.011162 -0.021004 0.023641 -0.020416 -0.012801 0.026112 -0.022866 -0.027639 0.022110 -0.020468 -0.031072 0.010941 -0.017633 -0.034270 0.014810 -0.023741 -0.027132 0.009978 -0.025399 -0.023876 0.005642 -0.010789 -0.028897 0.011919 -0.029720 -0.028601 0.015641 -0.032692 -0.025567 0.000252 -0.005221 -0.029620 0.010412 0.000000 -0.038795 0.010041 0.000000 -0.034096 0.017653 -0.007892 0.002008 0.031725 0.019027 -0.003777 0.028392 0.021805 -0.012801 0.026112 0.022866 -0.021004 0.023641 0.020416 -0.027639 0.022110 0.020468 -0.034270 0.014810 0.023741 -0.031072 0.010941 0.017633 -0.027132 0.009978 0.025399 -0.023876 0.005642 0.010789 -0.028601 0.015641 0.032692 -0.028897 0.011919 0.029720 -0.025567 0.000252 0.005221 -0.034096 0.017653 0.007892 0.004784 0.039196 -0.011416 0.005500 0.039820 0.000000 0.004784 0.039196 0.011416 -0.000039 0.036730 -0.019289 -0.006916 0.033802 -0.022860 -0.015551 0.029297 -0.023008 -0.028063 0.024154 -0.014452 -0.036016 0.027955 -0.016406 -0.034882 0.025146 -0.010300 -0.009497 0.033147 0.000000 -0.024422 0.027049 -0.017549 -0.036016 0.027955 0.016406 -0.028063 0.024154 0.014452 -0.034882 0.025146 0.010300 -0.024422 0.027049 0.017549 -0.032714 0.020618 -0.029174 -0.032792 0.024335 -0.018869 -0.031654 0.002940 -0.015879 -0.035459 -0.000450 -0.012968 -0.039983 0.014369 -0.021653 -0.040029 0.012831 -0.014540 -0.037395 0.012187 -0.013000 -0.042683 0.023561 -0.019979 -0.036123 0.021155 -0.021835 -0.022606 -0.001300 -0.012299 -0.033947 -0.004697 -0.017501 -0.033372 0.011514 -0.032981 -0.032513 0.014494 -0.036167 -0.036765 0.018678 -0.033444 -0.023987 -0.005268 -0.006855 -0.028957 0.000134 0.000000 -0.038663 0.005837 -0.005062 -0.045492 -0.001030 0.000000 -0.034477 0.006225 -0.008498 -0.035885 0.010854 -0.010659 -0.038663 0.005837 0.005062 -0.034477 0.006225 0.008498 -0.035885 0.010854 0.010659 -0.035339 0.017787 -0.011630 -0.000039 0.036730 0.019289 -0.006916 0.033802 0.022860 -0.015551 0.029297 0.023008 -0.032714 0.020618 0.029174 -0.032792 0.024335 0.018869 -0.042683 0.023561 0.019979 -0.039983 0.014369 0.021653 -0.036123 0.021155 0.021835 -0.035459 -0.000450 0.012968 -0.031654 0.002940 0.015879 -0.040029 0.012831 0.014540 -0.037395 0.012187 0.013000 -0.022606 -0.001300 0.012299 -0.033947 -0.004697 0.017501 -0.032513 0.014494 0.036167 -0.033372 0.011514 0.032981 -0.036765 0.018678 0.033444 -0.023987 -0.005268 0.006855 -0.035339 0.017787 0.011630 -0.047150 0.018030 -0.016744 -0.039822 0.018187 -0.014277 -0.047150 0.018030 0.016744 -0.039822 0.018187 0.014277 -0.035599 -0.009248 -0.009958 -0.036903 -0.004387 -0.010524 -0.031712 -0.011676 -0.017254 -0.036004 0.001804 -0.009067 -0.044860 0.017176 -0.022146 -0.045871 0.014040 -0.017202 -0.022843 -0.013948 -0.013666 -0.025839 -0.008717 -0.005445 -0.029813 -0.006412 0.000000 -0.025839 -0.008717 0.005445 -0.041047 -0.000144 -0.004274 -0.042845 -0.005343 -0.004160 -0.053517 -0.007652 0.000000 -0.041047 -0.000144 0.004274 -0.042845 -0.005343 0.004160 -0.036004 0.001804 0.009067 -0.044860 0.017176 0.022146 -0.045871 0.014040 0.017202 -0.036903 -0.004387 0.010524 -0.035599 -0.009248 0.009958 -0.031712 -0.011676 0.017254 -0.022843 -0.013948 0.013666 -0.041619 -0.009964 -0.004343 -0.030916 -0.010674 -0.007826 -0.036387 -0.011260 -0.005095 -0.034619 -0.016416 0.000000 -0.030916 -0.010674 0.007826 -0.036387 -0.011260 0.005095 -0.053970 -0.013334 0.000000 -0.041619 -0.009964 0.004343 -0.044128 -0.014541 -0.004733 -0.040218 -0.015723 -0.004749 -0.040258 -0.020205 -0.003687 -0.041824 -0.021577 0.000000 -0.040258 -0.020205 0.003687 -0.040218 -0.015723 0.004749 -0.050530 -0.017604 -0.004792 -0.050920 -0.019447 0.000000 -0.050530 -0.017604 0.004792 -0.044128 -0.014541 0.004733 -0.047627 -0.020655 -0.005584 -0.046039 -0.022233 0.000000 -0.047627 -0.020655 0.005584</float_array>
          <technique_common>
            <accessor source="#mesh_6-positions-array" count="212" stride="3">
              <param name="X" type="float"/>
              <param name="Y" type="float"/>
              <param name="Z" type="float"/>
            </accessor>
          </technique_common>
        </source>
        <source id="mesh_6-normals">
          <float_array id="mesh_6-normals-array" count="636">0.338336 -0.941025 -0.000000 0.685677 -0.697819 -0.207111 0.883248 -0.468905 -0.000000 0.753365 -0.384651 -0.533372 0.418702 -0.236598 -0.876761 -0.937679 -0.347504 -0.000000 -0.650595 -0.759269 0.015363 -0.895426 -0.369360 -0.248568 -0.158914 -0.361550 -0.918710 0.685677 -0.697819 0.207111 0.753365 -0.384651 0.533372 0.418702 -0.236598 0.876761 -0.650595 -0.759269 -0.015363 -0.895426 -0.369360 0.248568 -0.158914 -0.361550 0.918710 0.937983 0.234126 -0.255680 0.983860 0.178939 -0.000000 0.937983 0.234126 0.255680 0.476220 0.480514 -0.736424 0.091540 0.374995 -0.922496 -0.980400 -0.185482 0.066432 -0.929684 -0.368359 0.000000 -0.980400 -0.185482 -0.066432 -0.755698 -0.412840 -0.508412 -0.506642 0.208907 -0.836464 -0.866605 -0.487465 0.106651 0.476220 0.480514 0.736424 0.091540 0.374996 0.922496 -0.506641 0.208907 0.836464 -0.755698 -0.412840 0.508412 -0.866605 -0.487465 -0.106651 0.796055 0.461006 -0.392136 0.872486 0.488639 0.000000 0.796055 0.461006 0.392136 0.515873 0.333365 -0.789140 0.146219 0.184421 -0.971910 -0.762754 -0.603017 0.233615 -0.817137 -0.576443 0.000000 -0.762754 -0.603017 -0.233615 0.133373 -0.643476 -0.753757 -0.102862 -0.105614 -0.989073 -0.278958 -0.865275 0.416511 0.515873 0.333365 0.789140 0.146219 0.184421 0.971910 -0.102862 -0.105614 0.989073 0.133373 -0.643476 0.753757 -0.278958 -0.865275 -0.416511 0.901334 0.203374 -0.382408 0.953839 0.300318 0.000000 0.901334 0.203374 0.382408 0.610036 -0.012691 -0.792272 0.304639 -0.167360 -0.937649 -0.861535 -0.429022 0.271472 -0.368286 -0.152549 0.917112 -0.909542 -0.415611 0.000000 -0.861535 -0.429022 -0.271472 -0.368286 -0.152549 -0.917112 0.137993 0.031088 -0.989945 0.117636 -0.252344 -0.960461 0.167637 -0.746888 -0.643472 0.348204 -0.900800 -0.259449 0.663929 -0.210649 -0.717513 0.596029 0.421014 0.683737 0.610036 -0.012691 0.792272 0.304639 -0.167360 0.937649 0.117636 -0.252344 0.960461 0.137993 0.031088 0.989945 0.348204 -0.900800 0.259449 0.167637 -0.746888 0.643472 0.663929 -0.210649 0.717513 0.596029 0.421014 -0.683737 0.928959 0.174129 -0.326672 0.972458 0.233080 -0.000000 0.928959 0.174129 0.326672 0.635953 0.004304 -0.771716 0.283432 -0.209038 -0.935932 -0.707509 0.588296 0.391584 -0.179970 -0.085216 0.979974 -0.906153 0.422951 0.000000 -0.707509 0.588296 -0.391584 -0.179970 -0.085216 -0.979974 -0.251897 0.130435 -0.958924 -0.007522 -0.194198 -0.980933 0.144145 0.773929 -0.616648 -0.219251 -0.751198 -0.622600 -0.498784 -0.533239 -0.683279 -0.106689 -0.886187 -0.450877 0.906677 -0.010185 -0.421702 0.219349 -0.970261 -0.102373 0.729434 0.307214 -0.611184 0.899925 0.163202 0.404352 0.799981 0.600025 0.000000 -0.746765 0.665088 -0.000000 -0.536538 0.315785 0.782565 0.635953 0.004304 0.771716 0.283432 -0.209038 0.935932 -0.007522 -0.194198 0.980933 -0.251897 0.130435 0.958924 0.144145 0.773929 0.616648 -0.498784 -0.533239 0.683279 -0.219251 -0.751198 0.622600 -0.106689 -0.886187 0.450877 0.906677 -0.010185 0.421702 0.729434 0.307214 0.611184 0.219349 -0.970261 0.102373 0.899925 0.163202 -0.404352 -0.536538 0.315785 -0.782565 0.458941 0.809526 -0.366115 0.642356 0.766407 -0.000000 0.458941 0.809526 0.366115 0.143878 0.820106 -0.553828 0.019044 0.545157 -0.838117 -0.299234 0.377642 -0.876268 -0.039655 0.918578 -0.393245 -0.345949 0.917077 0.198214 -0.738835 0.353887 0.573487 -0.386594 0.922250 0.000000 -0.514933 0.752514 -0.410569 -0.345949 0.917077 -0.198214 -0.039655 0.918578 0.393245 -0.738835 0.353887 -0.573487 -0.514933 0.752514 0.410569 -0.487640 0.620904 -0.613746 0.114725 0.838196 -0.533165 -0.042564 -0.000616 -0.999094 -0.856255 -0.074266 -0.511186 -0.205855 -0.679481 -0.704222 -0.470596 -0.636640 0.610925 -0.917302 -0.185198 0.352504 -0.298419 0.520554 -0.799981 -0.478348 0.478669 -0.736246 0.959298 0.150654 -0.238853 -0.006725 0.118409 -0.992942 -0.531512 -0.825817 -0.188472 0.331329 -0.053265 -0.942010 -0.970886 -0.117733 0.208611 0.887709 -0.040851 0.458588 0.999449 -0.033204 0.000000 -0.681796 0.379788 -0.625232 -0.882244 0.470793 -0.000000 -0.955437 0.198917 -0.218108 -0.975885 0.044588 0.213683 -0.681796 0.379788 0.625232 -0.955437 0.198917 0.218108 -0.975885 0.044588 -0.213683 -0.788414 0.092160 0.608202 0.143878 0.820106 0.553828 0.019044 0.545157 0.838118 -0.299234 0.377642 0.876268 -0.487640 0.620905 0.613746 0.114725 0.838196 0.533165 -0.298419 0.520554 0.799981 -0.205855 -0.679481 0.704222 -0.478348 0.478669 0.736246 -0.856255 -0.074266 0.511186 -0.042564 -0.000616 0.999094 -0.470596 -0.636640 -0.610925 -0.917302 -0.185198 -0.352504 0.959298 0.150654 0.238853 -0.006725 0.118409 0.992942 0.331329 -0.053265 0.942011 -0.531512 -0.825817 0.188472 -0.970886 -0.117733 -0.208611 0.887709 -0.040851 -0.458588 -0.788414 0.092160 -0.608202 -0.813041 0.215585 0.540821 -0.405952 0.156796 0.900343 -0.813041 0.215585 -0.540821 -0.405952 0.156796 -0.900343 -0.558594 -0.657363 -0.505814 -0.764630 -0.045486 -0.642862 -0.641828 -0.684537 -0.345640 -0.933806 0.198061 -0.297957 -0.632927 -0.116247 -0.765434 -0.634948 -0.767981 -0.083942 0.772377 -0.617000 -0.150814 0.649152 -0.606557 0.459009 0.959242 -0.282585 0.000000 0.649152 -0.606557 -0.459009 -0.694907 0.226281 -0.682569 -0.627355 0.172296 -0.759434 -0.921193 0.389106 0.000000 -0.694907 0.226281 0.682569 -0.627355 0.172296 0.759434 -0.933806 0.198061 0.297957 -0.632927 -0.116247 0.765434 -0.634948 -0.767981 0.083942 -0.764630 -0.045486 0.642862 -0.558594 -0.657363 0.505814 -0.641828 -0.684537 0.345640 0.772377 -0.617000 0.150814 -0.391755 -0.127952 -0.911129 -0.094622 -0.984631 0.146796 0.129026 -0.713569 -0.688601 0.686528 -0.727103 -0.000000 -0.094622 -0.984631 -0.146796 0.129026 -0.713569 0.688601 -0.968085 0.250624 -0.000000 -0.391755 -0.127952 0.911129 -0.097919 0.161540 -0.981996 -0.002102 -0.087889 -0.996128 0.349657 -0.523949 -0.776671 0.304194 -0.952610 -0.000000 0.349657 -0.523949 0.776671 -0.002102 -0.087889 0.996128 -0.684660 -0.325984 -0.651901 -0.730378 -0.683044 -0.000000 -0.684660 -0.325984 0.651901 -0.097919 0.161540 0.981996 -0.077144 -0.685281 -0.724181 -0.391820 -0.920042 -0.000000 -0.077144 -0.685281 0.724181</float_array>
          <technique_common>
            <accessor source="#mesh_6-normals-array" count="212" stride="3">
              <param name="X" type="float"/>
              <param name="Y" type="float"/>
              <param name="Z" type="float"/>
            </accessor>
          </technique_common>
        </source>
        <vertices id="mesh_6-vertices">
           <input semantic="POSITION" source="#mesh_6-positions"/>
        </vertices>
        <triangles count="424">
            <input semantic="VERTEX" source="#mesh_6-vertices" offset="0" />
            <input semantic="NORMAL" source="#mesh_6-normals" offset="0" />
          <p>0 1 2 0 3 1 0 4 3 0 5 6 6 7 0 0 7 8 8 4 0 2 9 0 9 10 0 10 11 0 12 5 0 0 13 12 14 13 0 0 11 14 2 1 15 15 1 3 16 2 15 17 9 2 17 2 16 18 15 3 18 3 4 19 18 4 19 4 8 20 6 5 21 20 5 5 12 22 5 22 21 6 20 7 7 23 24 8 7 24 25 23 7 20 25 7 24 19 8 10 9 17 10 17 26 11 10 26 11 26 27 14 11 27 13 22 12 28 29 13 28 13 14 13 29 30 13 30 22 14 27 28 15 31 32 16 15 32 31 15 18 32 17 16 32 33 17 26 17 33 34 31 18 34 18 19 35 34 19 35 19 24 20 21 36 25 20 36 37 36 21 21 38 37 38 21 22 38 22 30 23 39 40 24 23 40 41 23 25 41 39 23 40 35 24 41 25 36 26 33 42 27 26 42 27 42 43 28 27 43 28 43 44 44 29 28 44 45 29 30 29 46 29 45 46 38 30 46 31 47 48 32 31 48 47 31 34 48 33 32 48 49 33 42 33 49 50 47 34 50 34 35 51 50 35 51 35 40 52 36 37 52 53 36 53 41 36 54 52 37 37 38 55 37 55 54 38 56 55 38 46 56 39 57 58 40 39 58 59 39 60 39 59 61 57 39 61 41 60 39 58 51 40 41 62 60 62 41 53 42 49 63 43 42 63 43 63 64 44 43 64 44 64 65 65 45 44 65 66 45 67 45 68 69 68 45 69 45 66 45 67 46 67 70 46 56 46 70 47 71 72 48 47 72 71 47 50 72 49 48 72 73 49 63 49 73 74 71 50 74 50 51 75 74 51 75 51 58 76 52 54 77 53 52 76 77 52 53 77 62 78 76 54 54 55 79 54 79 78 55 56 80 55 80 79 70 80 56 57 81 82 58 57 82 57 61 83 81 57 83 82 75 58 61 59 60 60 84 85 86 60 85 86 61 60 87 84 60 62 87 60 88 89 61 86 88 61 61 89 83 90 62 91 92 91 62 93 92 62 62 90 87 77 93 62 63 73 94 64 63 94 64 94 95 65 64 95 65 95 96 96 66 65 96 97 66 98 69 66 98 66 97 99 100 67 99 67 101 67 68 69 67 69 101 67 100 102 67 102 70 69 103 104 69 104 101 98 103 69 91 70 105 70 91 92 70 92 106 102 105 70 70 106 80 71 107 108 72 71 108 107 71 74 108 73 72 108 109 73 94 73 109 110 107 74 74 75 111 110 74 111 75 82 112 111 75 112 76 113 114 114 115 76 115 93 76 77 76 93 116 76 78 116 117 76 76 117 113 78 79 116 118 119 79 79 120 118 79 106 120 106 79 80 79 121 116 119 121 79 82 81 112 81 83 117 81 117 112 83 113 117 89 122 83 123 83 122 113 83 123 84 124 125 85 84 126 84 127 126 87 124 84 125 128 84 128 127 84 85 126 129 122 86 85 122 85 130 130 85 129 122 88 86 131 87 90 87 131 132 124 87 132 88 133 134 89 88 134 88 135 133 122 135 88 89 134 122 136 90 137 137 90 91 136 131 90 91 105 137 92 138 139 140 138 92 141 140 92 92 93 141 139 142 92 92 142 143 92 143 144 144 106 92 93 145 141 115 145 93 94 109 146 147 95 94 147 94 146 148 96 95 148 95 147 148 97 96 121 98 97 148 121 97 121 119 98 98 149 103 149 98 150 150 98 119 151 152 99 152 100 99 99 101 149 153 99 149 151 99 153 154 155 100 152 156 100 100 155 102 100 157 154 100 156 157 101 104 149 105 102 158 159 158 102 159 102 155 149 160 103 160 104 103 160 161 104 161 162 104 104 162 149 137 105 163 105 158 163 144 164 106 106 164 120 116 107 110 116 108 107 109 108 116 146 109 116 116 110 111 116 111 112 116 112 117 123 114 113 114 123 129 114 129 165 166 114 165 166 145 114 115 114 145 147 146 116 148 147 116 121 148 116 119 118 150 151 150 118 167 151 118 167 118 168 118 164 168 164 118 120 134 135 122 130 123 122 123 130 129 125 124 132 169 170 125 171 169 125 132 171 125 172 125 170 125 172 128 126 173 129 174 173 126 174 126 127 165 174 127 166 165 127 127 128 145 166 127 145 145 128 141 140 128 172 141 128 140 165 129 173 131 175 132 136 175 131 175 171 132 133 135 134 176 136 137 176 175 136 177 176 137 137 163 178 137 178 177 139 138 179 138 140 179 180 181 139 179 180 139 182 142 139 139 181 183 139 183 182 140 172 179 182 143 142 182 184 143 184 157 143 143 157 144 144 157 164 149 162 160 149 150 153 151 153 150 151 185 152 185 151 167 152 185 186 156 152 186 159 155 154 154 187 188 154 188 189 154 189 159 187 154 184 157 184 154 156 186 167 156 167 168 164 157 156 164 156 168 159 190 158 158 190 163 159 189 190 160 162 161 163 190 178 174 165 173 185 167 186 170 169 191 169 192 193 191 169 193 169 171 192 172 170 180 180 170 191 171 175 192 179 172 180 192 175 176 193 192 176 194 193 176 194 176 177 177 178 194 178 190 195 178 195 196 178 196 194 180 191 181 191 197 181 181 197 198 181 198 183 183 184 182 183 187 184 198 187 183 198 188 187 196 195 188 196 188 198 195 189 188 195 190 189 191 199 197 191 193 200 199 191 200 193 194 201 200 193 201 202 201 194 194 203 202 203 194 196 204 196 198 203 196 204 199 205 197 197 205 206 197 207 208 197 208 198 206 207 197 204 198 208 199 200 201 209 199 201 199 209 205 209 201 202 210 209 202 202 203 211 202 211 210 203 204 208 203 208 211 205 209 210 206 205 210 210 207 206 210 211 207 207 211 208</p>
        </triangles>
      </mesh>
    </geometry>
    <geometry id="mesh_7" name="mesh_7">
      <mesh>
        <source id="mesh_7-positions">
          <float_array id="mesh_7-positions-array" count="636">0.000477 0.007348 0.000000 0.014288 0.014566 -0.008983 0.015190 0.014569 0.000000 0.009619 0.013082 -0.018384 0.002400 0.009881 -0.022961 -0.015475 0.000026 0.000000 -0.015211 -0.000247 -0.005395 -0.015704 -0.000123 -0.015981 -0.011618 0.003802 -0.023095 0.014288 0.014566 0.008983 0.009619 0.013082 0.018384 0.002400 0.009881 0.022961 -0.015211 -0.000247 0.005395 -0.015704 -0.000123 0.015981 -0.011618 0.003802 0.023095 0.014579 0.015903 -0.010789 0.014249 0.016540 0.000000 0.014579 0.015903 0.010789 0.007894 0.015663 -0.017755 -0.000640 0.015071 -0.021586 -0.016862 0.007630 -0.005046 -0.016781 0.007501 0.000000 -0.016862 0.007630 0.005046 -0.017464 0.009400 -0.016318 -0.011001 0.010075 -0.021747 -0.018330 0.008788 -0.009635 0.007894 0.015663 0.017755 -0.000640 0.015071 0.021586 -0.011001 0.010075 0.021747 -0.017464 0.009400 0.016318 -0.018330 0.008788 0.009635 0.010380 0.021241 -0.010502 0.011842 0.021323 0.000000 0.010380 0.021241 0.010502 0.004636 0.020300 -0.017309 -0.002241 0.019708 -0.019629 -0.019388 0.015698 -0.006481 -0.018914 0.015939 0.000000 -0.019388 0.015698 0.006481 -0.017722 0.014739 -0.019459 -0.012250 0.017369 -0.020577 -0.021428 0.015517 -0.009942 0.004636 0.020300 0.017309 -0.002241 0.019708 0.019629 -0.012250 0.017369 0.020577 -0.017722 0.014739 0.019459 -0.021428 0.015517 0.009942 0.007425 0.030310 -0.010130 0.008394 0.032102 0.000000 0.007425 0.030310 0.010130 0.001457 0.028397 -0.017974 -0.003442 0.026453 -0.019716 -0.023451 0.021580 -0.006696 -0.025561 0.021211 -0.010395 -0.022774 0.021997 0.000000 -0.023451 0.021580 0.006696 -0.025561 0.021211 0.010395 -0.018640 0.021625 -0.021130 -0.013575 0.022578 -0.020722 -0.021817 0.015928 -0.021499 -0.023587 0.011688 -0.017530 -0.025017 0.018690 -0.025716 -0.030394 0.014549 -0.003789 0.001457 0.028397 0.017974 -0.003442 0.026453 0.019716 -0.013575 0.022578 0.020722 -0.018640 0.021625 0.021130 -0.023587 0.011688 0.017530 -0.021817 0.015928 0.021499 -0.025017 0.018690 0.025716 -0.030394 0.014549 0.003789 0.007022 0.035882 -0.011210 0.007480 0.036566 0.000000 0.007022 0.035882 0.011210 0.002018 0.033258 -0.019027 -0.003857 0.030103 -0.021805 -0.026589 0.029103 -0.008549 -0.026715 0.026944 -0.011162 -0.024621 0.028813 0.000000 -0.026589 0.029103 0.008549 -0.026715 0.026944 0.011162 -0.021210 0.025875 -0.020416 -0.012941 0.028097 -0.022866 -0.027884 0.024546 -0.020468 -0.031623 0.013488 -0.017633 -0.034714 0.017451 -0.023741 -0.027711 0.012405 -0.025399 -0.024576 0.007973 -0.010789 -0.029423 0.014399 -0.029720 -0.029024 0.018111 -0.032692 -0.026414 0.002638 -0.005221 -0.030186 0.012915 0.000000 -0.039370 0.012822 0.000000 -0.034462 0.020288 -0.007892 0.002018 0.033258 0.019027 -0.003857 0.030103 0.021805 -0.012941 0.028097 0.022866 -0.021210 0.025875 0.020416 -0.027884 0.024546 0.020468 -0.034714 0.017451 0.023741 -0.031623 0.013488 0.017633 -0.027711 0.012405 0.025399 -0.024576 0.007973 0.010789 -0.029024 0.018111 0.032692 -0.029423 0.014399 0.029720 -0.026414 0.002638 0.005221 -0.034462 0.020288 0.007892 0.004999 0.040642 -0.011416 0.005731 0.041244 0.000000 0.004999 0.040642 0.011416 0.000109 0.038323 -0.019289 -0.006847 0.035605 -0.022860 -0.015603 0.031364 -0.023008 -0.028253 0.026602 -0.014452 -0.036099 0.030642 -0.016406 -0.035043 0.027800 -0.010300 -0.009445 0.035028 0.000000 -0.024533 0.029386 -0.017549 -0.036099 0.030642 0.016406 -0.028253 0.026602 0.014452 -0.035043 0.027800 0.010300 -0.024533 0.029386 0.017549 -0.032999 0.023209 -0.029174 -0.032976 0.026926 -0.018869 -0.032425 0.005509 -0.015879 -0.036323 0.002236 -0.012968 -0.040438 0.017183 -0.021653 -0.040527 0.015647 -0.014540 -0.037911 0.014924 -0.013000 -0.042885 0.026452 -0.019979 -0.036393 0.023848 -0.021835 -0.023497 0.000997 -0.012299 -0.034928 -0.002055 -0.017501 -0.033908 0.014130 -0.032981 -0.032967 0.017082 -0.036167 -0.037103 0.021392 -0.033444 -0.024986 -0.002927 -0.006855 -0.029806 0.002622 0.000000 -0.039353 0.008616 -0.005062 -0.046306 -0.000990 0.000000 -0.035157 0.008877 -0.008498 -0.036437 0.013546 -0.010659 -0.039353 0.008616 0.005062 -0.035157 0.008877 0.008498 -0.036437 0.013546 0.010659 -0.035702 0.020458 -0.011630 0.000109 0.038323 0.019289 -0.006847 0.035605 0.022860 -0.015603 0.031364 0.023008 -0.032999 0.023209 0.029174 -0.032976 0.026926 0.018869 -0.042885 0.026452 0.019979 -0.040438 0.017183 0.021653 -0.036393 0.023848 0.021835 -0.036323 0.002236 0.012968 -0.032425 0.005509 0.015879 -0.040527 0.015647 0.014540 -0.037911 0.014924 0.013000 -0.023497 0.000997 0.012299 -0.034928 -0.002055 0.017501 -0.032967 0.017082 0.036167 -0.033908 0.014130 0.032981 -0.037103 0.021392 0.033444 -0.024986 -0.002927 0.006855 -0.035702 0.020458 0.011630 -0.047503 0.021059 -0.016744 -0.040173 0.020995 -0.014277 -0.047503 0.021059 0.016744 -0.040173 0.020995 0.014277 -0.036704 -0.006553 -0.009958 -0.037875 -0.001656 -0.010524 -0.032885 -0.009098 -0.017254 -0.036805 0.004505 -0.009067 -0.045237 0.020136 -0.022146 -0.046334 0.017032 -0.017202 -0.024081 -0.011636 -0.013666 -0.026932 -0.006318 -0.005445 -0.030842 -0.003894 0.000000 -0.026932 -0.006318 0.005445 -0.041901 0.002710 -0.004274 -0.043840 -0.002431 -0.004160 -0.054573 -0.004416 0.000000 -0.041901 0.002710 0.004274 -0.043840 -0.002431 0.004160 -0.036805 0.004505 0.009067 -0.045237 0.020136 0.022146 -0.046334 0.017032 0.017202 -0.037875 -0.001656 0.010524 -0.036704 -0.006553 0.009958 -0.032885 -0.009098 0.017254 -0.024081 -0.011636 0.013666 -0.042743 -0.007087 -0.004343 -0.032062 -0.008120 -0.007826 -0.037547 -0.008540 -0.005095 -0.035921 -0.013747 0.000000 -0.032062 -0.008120 0.007826 -0.037547 -0.008540 0.005095 -0.055182 -0.010081 0.000000 -0.042743 -0.007087 0.004343 -0.045376 -0.011586 -0.004733 -0.041499 -0.012885 -0.004749 -0.041663 -0.017364 -0.003687 -0.043266 -0.018687 0.000000 -0.041663 -0.017364 0.003687 -0.041499 -0.012885 0.004749 -0.051860 -0.014453 -0.004792 -0.052301 -0.016283 0.000000 -0.051860 -0.014453 0.004792 -0.045376 -0.011586 0.004733 -0.049042 -0.017590 -0.005584 -0.047498 -0.019215 0.000000 -0.049042 -0.017590 0.005584</float_array>
          <technique_common>
            <accessor source="#mesh_7-positions-array" count="212" stride="3">
              <param name="X" type="float"/>
              <param name="Y" type="float"/>
              <param name="Z" type="float"/>
            </accessor>
          </technique_common>
        </source>
        <source id="mesh_7-normals">
          <float_array id="mesh_7-normals-array" count="636">0.444158 -0.895948 -0.000000 0.684849 -0.716400 -0.133238 0.943983 -0.329995 -0.000000 0.742844 -0.401803 -0.535479 0.447332 -0.232317 -0.863668 -0.769921 -0.638139 -0.000000 -0.443641 -0.896054 0.016442 -0.771968 -0.565335 -0.290622 -0.046911 -0.404184 -0.913474 0.684849 -0.716400 0.133238 0.742844 -0.401803 0.535479 0.447332 -0.232317 0.863668 -0.443641 -0.896054 -0.016442 -0.771968 -0.565335 0.290622 -0.046911 -0.404184 0.913474 0.918159 0.277197 -0.283100 0.897896 0.440208 -0.000000 0.918159 0.277197 0.283100 0.490148 0.466976 -0.735995 0.110129 0.340360 -0.933824 -0.963456 -0.257052 0.075345 -0.971126 -0.238568 -0.000000 -0.963456 -0.257052 -0.075345 -0.763823 -0.283601 -0.579780 -0.432994 0.142155 -0.890117 -0.934615 -0.331884 0.127859 0.490148 0.466976 0.735995 0.110129 0.340360 0.933824 -0.432994 0.142155 0.890117 -0.763823 -0.283601 0.579780 -0.934615 -0.331884 -0.127859 0.808835 0.438501 -0.391795 0.885876 0.463922 0.000000 0.808835 0.438501 0.391795 0.525377 0.318921 -0.788840 0.151673 0.180347 -0.971839 -0.877605 -0.396948 0.268778 -0.890362 -0.455253 -0.000000 -0.877605 -0.396948 -0.268778 0.069307 -0.575785 -0.814659 -0.088585 -0.069819 -0.993619 -0.515985 -0.713999 0.473250 0.525377 0.318921 0.788840 0.151673 0.180347 0.971839 -0.088585 -0.069819 0.993619 0.069307 -0.575785 0.814659 -0.515985 -0.713999 -0.473250 0.906626 0.178505 -0.382315 0.961772 0.273850 0.000000 0.906626 0.178505 0.382315 0.609372 -0.029493 -0.792336 0.299462 -0.175769 -0.937778 -0.873243 -0.404833 0.271216 -0.372587 -0.142306 0.917021 -0.920766 -0.390114 -0.000000 -0.873243 -0.404833 -0.271216 -0.372587 -0.142306 -0.917021 0.138869 0.027236 -0.989936 0.109961 -0.255549 -0.960522 0.145033 -0.751420 -0.643688 0.321191 -0.910736 -0.259607 0.657501 -0.229211 -0.717743 0.608018 0.404156 0.683354 0.609372 -0.029493 0.792336 0.299462 -0.175769 0.937778 0.109961 -0.255549 0.960522 0.138869 0.027236 0.989936 0.321191 -0.910736 0.259607 0.145033 -0.751420 0.643688 0.657501 -0.229211 0.717743 0.608018 0.404156 -0.683354 0.933435 0.148354 -0.326635 0.978503 0.206234 0.000000 0.933435 0.148354 0.326635 0.635764 -0.013334 -0.771769 0.277020 -0.216858 -0.936073 -0.689834 0.608581 0.392119 -0.182019 -0.080460 0.979998 -0.893608 0.448849 0.000000 -0.689834 0.608581 -0.392119 -0.182019 -0.080460 -0.979998 -0.247834 0.137338 -0.959019 -0.013365 -0.193953 -0.980920 0.167065 0.769418 -0.616511 -0.241643 -0.744477 -0.622385 -0.514247 -0.518818 -0.682919 -0.132314 -0.882578 -0.451165 0.905938 -0.035156 -0.421948 0.191027 -0.976148 -0.103166 0.738101 0.286269 -0.610947 0.904144 0.138396 0.404191 0.816589 0.577220 -0.000000 -0.744606 0.667505 -0.000000 -0.526992 0.330382 0.783025 0.635764 -0.013334 0.771769 0.277020 -0.216858 0.936073 -0.013365 -0.193953 0.980920 -0.247834 0.137338 0.959019 0.167065 0.769418 0.616511 -0.514247 -0.518818 0.682919 -0.241643 -0.744477 0.622385 -0.132314 -0.882578 0.451165 0.905938 -0.035156 0.421948 0.738101 0.286269 0.610947 0.191027 -0.976148 0.103166 0.904144 0.138396 -0.404191 -0.526992 0.330382 -0.783024 0.482137 0.796165 -0.365602 0.663786 0.747922 0.000000 0.482137 0.796165 0.365602 0.168080 0.815850 -0.553297 0.035283 0.544819 -0.837811 -0.287821 0.386162 -0.876378 -0.012611 0.919383 -0.393161 -0.318636 0.926798 0.198786 -0.728237 0.374427 0.574000 -0.358789 0.933419 0.000000 -0.492478 0.767239 -0.410866 -0.318636 0.926798 -0.198786 -0.012611 0.919383 0.393161 -0.728237 0.374427 -0.574000 -0.492477 0.767239 0.410866 -0.469242 0.634643 -0.614036 0.139720 0.834484 -0.533024 -0.042542 0.000603 -0.999094 -0.857976 -0.050615 -0.511190 -0.226116 -0.673197 -0.704044 -0.489145 -0.622818 0.610602 -0.922010 -0.159685 0.352702 -0.282847 0.528908 -0.800159 -0.463902 0.492061 -0.736662 0.963089 0.124236 -0.238801 -0.003116 0.118646 -0.992932 -0.554926 -0.810277 -0.188437 0.329760 -0.062974 -0.941962 -0.973714 -0.091015 0.208802 0.886215 -0.065270 0.458654 0.998156 -0.060704 -0.000000 -0.711497 0.393681 -0.582055 -0.838860 0.544347 0.000000 -0.949447 0.225588 -0.218312 -0.974221 0.071591 0.213935 -0.711497 0.393681 0.582055 -0.949447 0.225588 0.218312 -0.974221 0.071591 -0.213935 -0.785378 0.113793 0.608467 0.168080 0.815850 0.553297 0.035283 0.544819 0.837811 -0.287821 0.386162 0.876378 -0.469242 0.634643 0.614036 0.139720 0.834484 0.533024 -0.282847 0.528908 0.800159 -0.226116 -0.673197 0.704044 -0.463902 0.492061 0.736662 -0.857976 -0.050615 0.511190 -0.042542 0.000603 0.999094 -0.489145 -0.622818 -0.610602 -0.922010 -0.159685 -0.352702 0.963089 0.124236 0.238801 -0.003116 0.118646 0.992932 0.329760 -0.062974 0.941962 -0.554926 -0.810277 0.188437 -0.973714 -0.091015 -0.208802 0.886215 -0.065270 -0.458654 -0.785378 0.113793 -0.608467 -0.806555 0.238332 0.540987 -0.401040 0.167986 0.900526 -0.806555 0.238332 -0.540987 -0.401040 0.167986 -0.900526 -0.577540 -0.641130 -0.505370 -0.765650 -0.024313 -0.642797 -0.661391 -0.665768 -0.345419 -0.927890 0.223880 -0.298156 -0.636086 -0.098420 -0.765316 -0.656948 -0.749271 -0.083737 0.754589 -0.638610 -0.150903 0.631178 -0.624863 0.459523 0.951002 -0.309184 0.000000 0.631178 -0.624863 -0.459522 -0.723804 0.263310 -0.637790 -0.650900 0.258419 -0.713827 -0.788704 0.614773 0.000000 -0.723803 0.263310 0.637790 -0.650900 0.258419 0.713827 -0.927891 0.223880 0.298156 -0.636086 -0.098420 0.765316 -0.656948 -0.749271 0.083737 -0.765650 -0.024313 0.642797 -0.577540 -0.641130 0.505370 -0.661391 -0.665768 0.345419 0.754589 -0.638610 0.150903 -0.395325 -0.117021 -0.911057 -0.124193 -0.981340 0.146791 0.107563 -0.716993 -0.688731 0.665092 -0.746761 -0.000000 -0.124193 -0.981340 -0.146791 0.107563 -0.716993 0.688731 -0.960644 0.277782 -0.000000 -0.395325 -0.117021 0.911057 -0.092992 0.164229 -0.982029 -0.004727 -0.087803 -0.996127 0.333910 -0.533811 -0.776885 0.275427 -0.961322 0.000000 0.333910 -0.533811 0.776885 -0.004727 -0.087803 0.996127 -0.693594 -0.306405 -0.651953 -0.749636 -0.661851 -0.000000 -0.693594 -0.306405 0.651953 -0.092992 0.164229 0.982029 -0.097568 -0.682755 -0.724104 -0.418718 -0.908116 -0.000000 -0.097568 -0.682755 0.724104</float_array>
          <technique_common>
            <accessor source="#mesh_7-normals-array" count="212" stride="3">
              <param name="X" type="float"/>
              <param name="Y" type="float"/>
              <param name="Z" type="float"/>
            </accessor>
          </technique_common>
        </source>
        <vertices id="mesh_7-vertices">
           <input semantic="POSITION" source="#mesh_7-positions"/>
        </vertices>
        <triangles count="424">
            <input semantic="VERTEX" source="#mesh_7-vertices" offset="0" />
            <input semantic="NORMAL" source="#mesh_7-normals" offset="0" />
          <p>0 1 2 0 3 1 0 4 3 0 5 6 6 7 0 0 7 8 8 4 0 2 9 0 9 10 0 10 11 0 12 5 0 0 13 12 14 13 0 0 11 14 2 1 15 15 1 3 16 2 15 17 9 2 17 2 16 18 15 3 18 3 4 19 18 4 19 4 8 20 6 5 21 20 5 5 12 22 5 22 21 6 20 7 7 23 24 8 7 24 25 23 7 20 25 7 24 19 8 10 9 17 10 17 26 11 10 26 11 26 27 14 11 27 13 22 12 28 29 13 28 13 14 13 29 30 13 30 22 14 27 28 15 31 32 16 15 32 31 15 18 32 17 16 32 33 17 26 17 33 34 31 18 34 18 19 35 34 19 35 19 24 20 21 36 25 20 36 37 36 21 21 38 37 38 21 22 38 22 30 23 39 40 24 23 40 41 23 25 41 39 23 40 35 24 41 25 36 26 33 42 27 26 42 27 42 43 28 27 43 28 43 44 44 29 28 44 45 29 30 29 46 29 45 46 38 30 46 31 47 48 32 31 48 47 31 34 48 33 32 48 49 33 42 33 49 50 47 34 50 34 35 51 50 35 51 35 40 52 36 37 52 53 36 53 41 36 54 52 37 37 38 55 37 55 54 38 56 55 38 46 56 39 57 58 40 39 58 59 39 60 39 59 61 57 39 61 41 60 39 58 51 40 41 62 60 62 41 53 42 49 63 43 42 63 43 63 64 44 43 64 44 64 65 65 45 44 65 66 45 67 45 68 69 68 45 69 45 66 45 67 46 67 70 46 56 46 70 47 71 72 48 47 72 71 47 50 72 49 48 72 73 49 63 49 73 74 71 50 74 50 51 75 74 51 75 51 58 76 52 54 77 53 52 76 77 52 53 77 62 78 76 54 54 55 79 54 79 78 55 56 80 55 80 79 70 80 56 57 81 82 58 57 82 57 61 83 81 57 83 82 75 58 61 59 60 60 84 85 86 60 85 86 61 60 87 84 60 62 87 60 88 89 61 86 88 61 61 89 83 90 62 91 92 91 62 93 92 62 62 90 87 77 93 62 63 73 94 64 63 94 64 94 95 65 64 95 65 95 96 96 66 65 96 97 66 98 69 66 98 66 97 99 100 67 99 67 101 67 68 69 67 69 101 67 100 102 67 102 70 69 103 104 69 104 101 98 103 69 91 70 105 70 91 92 70 92 106 102 105 70 70 106 80 71 107 108 72 71 108 107 71 74 108 73 72 108 109 73 94 73 109 110 107 74 74 75 111 110 74 111 75 82 112 111 75 112 76 113 114 114 115 76 115 93 76 77 76 93 116 76 78 116 117 76 76 117 113 78 79 116 118 119 79 79 120 118 79 106 120 106 79 80 79 121 116 119 121 79 82 81 112 81 83 117 81 117 112 83 113 117 89 122 83 123 83 122 113 83 123 84 124 125 85 84 126 84 127 126 87 124 84 125 128 84 128 127 84 85 126 129 122 86 85 122 85 130 130 85 129 122 88 86 131 87 90 87 131 132 124 87 132 88 133 134 89 88 134 88 135 133 122 135 88 89 134 122 136 90 137 137 90 91 136 131 90 91 105 137 92 138 139 140 138 92 141 140 92 92 93 141 139 142 92 92 142 143 92 143 144 144 106 92 93 145 141 115 145 93 94 109 146 147 95 94 147 94 146 148 96 95 148 95 147 148 97 96 121 98 97 148 121 97 121 119 98 98 149 103 149 98 150 150 98 119 151 152 99 152 100 99 99 101 149 153 99 149 151 99 153 154 155 100 152 156 100 100 155 102 100 157 154 100 156 157 101 104 149 105 102 158 159 158 102 159 102 155 149 160 103 160 104 103 160 161 104 161 162 104 104 162 149 137 105 163 105 158 163 144 164 106 106 164 120 116 107 110 116 108 107 109 108 116 146 109 116 116 110 111 116 111 112 116 112 117 123 114 113 114 123 129 114 129 165 166 114 165 166 145 114 115 114 145 147 146 116 148 147 116 121 148 116 119 118 150 151 150 118 167 151 118 167 118 168 118 164 168 164 118 120 134 135 122 130 123 122 123 130 129 125 124 132 169 170 125 171 169 125 132 171 125 172 125 170 125 172 128 126 173 129 174 173 126 174 126 127 165 174 127 166 165 127 127 128 145 166 127 145 145 128 141 140 128 172 141 128 140 165 129 173 131 175 132 136 175 131 175 171 132 133 135 134 176 136 137 176 175 136 177 176 137 137 163 178 137 178 177 139 138 179 138 140 179 180 181 139 179 180 139 182 142 139 139 181 183 139 183 182 140 172 179 182 143 142 182 184 143 184 157 143 143 157 144 144 157 164 149 162 160 149 150 153 151 153 150 151 185 152 185 151 167 152 185 186 156 152 186 159 155 154 154 187 188 154 188 189 154 189 159 187 154 184 157 184 154 156 186 167 156 167 168 164 157 156 164 156 168 159 190 158 158 190 163 159 189 190 160 162 161 163 190 178 174 165 173 185 167 186 170 169 191 169 192 193 191 169 193 169 171 192 172 170 180 180 170 191 171 175 192 179 172 180 192 175 176 193 192 176 194 193 176 194 176 177 177 178 194 178 190 195 178 195 196 178 196 194 180 191 181 191 197 181 181 197 198 181 198 183 183 184 182 183 187 184 198 187 183 198 188 187 196 195 188 196 188 198 195 189 188 195 190 189 191 199 197 191 193 200 199 191 200 193 194 201 200 193 201 202 201 194 194 203 202 203 194 196 204 196 198 203 196 204 199 205 197 197 205 206 197 207 208 197 208 198 206 207 197 204 198 208 199 200 201 209 199 201 199 209 205 209 201 202 210 209 202 202 203 211 202 211 210 203 204 208 203 208 211 205 209 210 206 205 210 210 207 206 210 211 207 207 211 208</p>
        </triangles>
      </mesh>
    </geometry>
    <geometry id="mesh_8" name="mesh_8">
      <mesh>
        <source id="mesh_8-positions">
          <float_array id="mesh_8-positions-array" count="636">-0.000728 0.147993 0.000025 -0.001628 0.147914 0.008244 -0.015038 0.140507 0.000003 -0.002147 0.152779 0.009890 -0.000580 0.150055 0.000027 -0.001628 0.147914 -0.008244 -0.002147 0.152779 -0.009890 -0.006206 0.146240 0.016798 -0.013244 0.142864 0.020958 -0.026926 0.134254 0.004957 -0.027196 0.134478 0.000003 -0.027425 0.134317 0.014592 -0.024054 0.136782 0.021071 -0.006206 0.146240 -0.016798 -0.013244 0.142864 -0.020958 -0.026926 0.134254 -0.004957 -0.027425 0.134317 -0.014592 -0.024054 0.136782 -0.021071 -0.003427 0.154470 0.000027 -0.005026 0.154256 0.010588 -0.007966 0.150874 0.017846 -0.005026 0.154256 -0.010588 -0.007966 0.150874 -0.017846 -0.016671 0.147390 0.021676 -0.030485 0.137628 0.005102 -0.032416 0.135623 0.000003 -0.030485 0.137628 -0.005102 -0.027877 0.141629 0.021829 -0.030773 0.133377 0.016388 -0.032001 0.138742 0.009696 -0.016671 0.147390 -0.021676 -0.030773 0.133377 -0.016388 -0.027877 0.141629 -0.021829 -0.032001 0.138742 -0.009696 -0.007283 0.164438 0.000030 -0.008212 0.162723 0.010219 -0.011260 0.152850 0.017400 -0.008212 0.162723 -0.010219 -0.011260 0.152850 -0.017400 -0.018746 0.151687 0.019719 -0.035324 0.145181 0.006542 -0.034850 0.145413 0.000005 -0.035324 0.145181 -0.006542 -0.027068 0.148219 0.020660 -0.033622 0.144242 0.019536 -0.037377 0.145020 0.010005 -0.018746 0.151687 -0.019719 -0.033622 0.144242 -0.019536 -0.027068 0.148219 -0.020660 -0.037377 0.145020 -0.010005 -0.008336 0.168711 0.000031 -0.008783 0.168052 0.011304 -0.014177 0.160933 0.018069 -0.008783 0.168052 -0.011304 -0.014177 0.160933 -0.018069 -0.019060 0.159109 0.019809 -0.039042 0.154085 0.006760 -0.041160 0.153745 0.010461 -0.038368 0.154484 0.000008 -0.039042 0.154085 -0.006760 -0.041160 0.153745 -0.010461 -0.029121 0.154955 0.020809 -0.034199 0.154081 0.021214 -0.039444 0.141371 0.017599 -0.037787 0.145408 0.021577 -0.040545 0.151319 0.025800 -0.045899 0.147361 0.003840 -0.019060 0.159109 -0.019809 -0.034199 0.154081 -0.021214 -0.029121 0.154955 -0.020809 -0.037787 0.145408 -0.021577 -0.039444 0.141371 -0.017599 -0.040545 0.151319 -0.025800 -0.045899 0.147361 -0.003840 -0.010237 0.173195 0.000032 -0.010963 0.172617 0.011511 -0.013755 0.165575 0.019126 -0.010963 0.172617 -0.011511 -0.013755 0.165575 -0.019126 -0.019587 0.162599 0.021903 -0.042427 0.161298 0.008618 -0.042492 0.159233 0.011233 -0.040431 0.161012 0.000009 -0.042427 0.161298 -0.008618 -0.042492 0.159233 -0.011233 -0.028644 0.160225 0.022959 -0.036915 0.158164 0.020500 -0.043605 0.156942 0.020548 -0.050434 0.149910 0.023816 -0.047068 0.146273 0.017700 -0.043982 0.140920 0.025475 -0.039736 0.137883 0.010848 -0.044774 0.150821 0.024502 -0.045832 0.142743 0.022274 -0.046486 0.141304 0.000004 -0.039707 0.124278 0.005268 -0.055285 0.146990 0.000005 -0.050362 0.152651 0.007949 -0.019587 0.162599 -0.021903 -0.036915 0.158164 -0.020500 -0.028644 0.160225 -0.022959 -0.043605 0.156942 -0.020548 -0.047068 0.146273 -0.017700 -0.050434 0.149910 -0.023816 -0.043982 0.140920 -0.025475 -0.039736 0.137883 -0.010848 -0.045832 0.142743 -0.022274 -0.044774 0.150821 -0.024502 -0.039707 0.124278 -0.005268 -0.050362 0.152651 -0.007949 -0.025355 0.167365 0.000010 -0.015829 0.170430 0.019390 -0.022764 0.167880 0.022961 -0.015829 0.170430 -0.019390 -0.022764 0.167880 -0.022961 -0.031424 0.163367 0.023101 -0.052696 0.162478 0.016478 -0.044035 0.158915 0.014526 -0.051445 0.159814 0.010364 -0.040368 0.161546 0.017631 -0.044035 0.158915 -0.014526 -0.052696 0.162478 -0.016478 -0.051445 0.159814 -0.010364 -0.040368 0.161546 -0.017631 -0.049098 0.155508 0.021870 -0.049318 0.159073 0.018944 -0.058578 0.159961 0.019845 -0.056190 0.150936 0.014623 -0.052542 0.155954 0.021910 -0.053690 0.135040 0.013020 -0.049635 0.138397 0.015939 -0.062138 0.147860 0.017561 -0.053968 0.149065 0.013058 -0.041366 0.139088 0.012357 -0.051883 0.131008 0.017556 -0.048661 0.149638 0.027100 -0.049407 0.146767 0.024714 -0.053094 0.153562 0.025062 -0.044776 0.130029 0.000003 -0.039000 0.123353 0.006903 -0.060499 0.132036 0.000004 -0.056543 0.141058 0.005106 -0.052354 0.141513 0.008549 -0.052398 0.147820 0.010714 -0.056543 0.141058 -0.005106 -0.052354 0.141513 -0.008549 -0.052398 0.147820 -0.010714 -0.051618 0.152750 0.011691 -0.031424 0.163367 -0.023101 -0.049098 0.155508 -0.021870 -0.049318 0.159073 -0.018944 -0.049635 0.138397 -0.015939 -0.053690 0.135040 -0.013020 -0.056190 0.150936 -0.014623 -0.062138 0.147860 -0.017561 -0.053968 0.149065 -0.013058 -0.058578 0.159961 -0.019844 -0.052542 0.155954 -0.021910 -0.041366 0.139088 -0.012357 -0.051883 0.131008 -0.017556 -0.049407 0.146767 -0.024714 -0.048661 0.149638 -0.027100 -0.053094 0.153562 -0.025062 -0.039000 0.123353 -0.006903 -0.051618 0.152750 -0.011691 -0.062849 0.154571 0.016633 -0.056641 0.154765 0.014339 -0.062849 0.154571 -0.016633 -0.056641 0.154765 -0.014339 -0.060518 0.153794 0.021988 -0.061408 0.150773 0.017086 -0.055135 0.131226 0.010569 -0.054691 0.125451 0.010001 -0.048227 0.123411 0.017306 -0.054365 0.137188 0.009115 -0.039350 0.120612 0.013718 -0.042817 0.125547 0.005489 -0.047276 0.129496 0.000001 -0.042817 0.125547 -0.005489 -0.059830 0.135180 0.004312 -0.064077 0.123445 -0.000016 -0.057705 0.130795 0.004195 -0.059830 0.135180 -0.004312 -0.057705 0.130795 -0.004195 -0.054365 0.137188 -0.009115 -0.054691 0.125451 -0.010001 -0.055135 0.131226 -0.010569 -0.048227 0.123411 -0.017306 -0.060518 0.153794 -0.021988 -0.061408 0.150773 -0.017086 -0.039350 0.120612 -0.013718 -0.057356 0.125246 0.004376 -0.055482 0.123504 0.005130 -0.047385 0.124402 0.007867 -0.051242 0.118797 -0.000000 -0.047385 0.124402 -0.007867 -0.055482 0.123504 -0.005130 -0.069413 0.117140 -0.000021 -0.057356 0.125246 -0.004376 -0.060973 0.120003 0.004761 -0.056639 0.118982 0.004779 -0.058151 0.110882 0.003711 -0.059820 0.109524 -0.000003 -0.058151 0.110882 -0.003711 -0.056639 0.118982 -0.004779 -0.069517 0.113080 0.004814 -0.069878 0.111305 -0.000023 -0.060973 0.120003 -0.004761 -0.069517 0.113080 -0.004814 -0.066224 0.110238 0.005606 -0.064423 0.108775 -0.000021 -0.066224 0.110238 -0.005606</float_array>
          <technique_common>
            <accessor source="#mesh_8-positions-array" count="212" stride="3">
              <param name="X" type="float"/>
              <param name="Y" type="float"/>
              <param name="Z" type="float"/>
            </accessor>
          </technique_common>
        </source>
        <source id="mesh_8-normals">
          <float_array id="mesh_8-normals-array" count="636">0.939704 -0.341990 0.000368 0.827300 -0.524342 0.201593 0.470631 -0.882330 0.000016 0.878874 0.358016 0.315287 0.968135 0.250427 0.000246 0.827392 -0.524296 -0.201336 0.878940 0.358133 -0.314970 0.757717 -0.412921 0.505333 0.487851 -0.449320 0.748407 -0.140533 -0.989902 -0.018566 -0.172517 -0.985006 0.000066 -0.114865 -0.987140 0.111177 0.139412 -0.681758 0.718172 0.757716 -0.412927 -0.505329 0.487853 -0.449324 -0.748403 -0.140529 -0.989903 0.018544 -0.114860 -0.987141 -0.111176 0.139417 -0.681760 -0.718169 0.782843 0.622220 0.000194 0.700759 0.604172 0.379360 0.487699 0.404058 0.773878 0.700852 0.604270 -0.379031 0.487699 0.404058 -0.773878 0.122180 0.215127 0.968913 -0.671051 -0.731708 0.119557 -0.745192 -0.666850 0.000146 -0.671068 -0.731718 -0.119400 -0.248792 -0.131066 0.959648 -0.623870 -0.698378 0.350791 -0.646544 -0.683339 -0.339159 0.122180 0.215127 -0.968913 -0.623870 -0.698378 -0.350791 -0.248792 -0.131066 -0.959648 -0.646544 -0.683339 0.339159 0.947502 0.319751 0.000386 0.898285 0.203313 0.389548 0.442872 0.404986 0.799907 0.898399 0.203355 -0.389264 0.442872 0.404986 -0.799907 0.139479 0.174957 0.974646 -0.876167 -0.441821 -0.192680 -0.944152 -0.329511 -0.000085 -0.876164 -0.441817 0.192702 -0.157828 -0.001313 0.987466 0.099490 -0.483567 0.869635 -0.435377 -0.727587 -0.530154 0.139479 0.174957 -0.974646 0.099490 -0.483567 -0.869635 -0.157828 -0.001313 -0.987466 -0.435377 -0.727587 0.530154 0.969725 0.244201 0.000218 0.927140 0.181249 0.327963 0.607687 -0.037690 0.793282 0.927192 0.181277 -0.327802 0.607687 -0.037690 -0.793282 0.305866 -0.184363 0.934053 -0.903791 -0.330893 -0.271426 -0.379697 -0.070579 -0.922415 -0.934849 -0.355046 -0.000160 -0.903811 -0.330925 0.271320 -0.379697 -0.070579 0.922415 0.118065 -0.248107 0.961511 0.135449 0.040331 0.989963 0.087955 -0.972543 0.215464 0.062539 -0.627759 0.775891 0.056696 -0.034449 0.997797 0.602417 0.304194 -0.737943 0.305866 -0.184363 -0.934053 0.135450 0.040331 -0.989963 0.118065 -0.248107 -0.961511 0.062539 -0.627759 -0.775891 0.087955 -0.972543 -0.215464 0.056696 -0.034449 -0.997797 0.602625 0.304325 0.737719 0.640901 0.767624 0.000194 0.469588 0.809186 0.353135 0.632686 0.003653 0.774400 0.469622 0.809231 -0.352988 0.632686 0.003653 -0.774400 0.282011 -0.217607 0.934407 -0.698423 0.598224 -0.392852 -0.187233 -0.091170 -0.978076 -0.904936 0.425548 -0.000227 -0.698490 0.598248 0.392697 -0.187233 -0.091170 0.978076 -0.011153 -0.203929 0.978922 -0.246426 0.134819 0.959738 -0.083749 0.659339 0.747167 -0.546625 -0.411535 0.729273 -0.431478 -0.573447 0.696409 0.338191 -0.099396 0.935814 0.802110 -0.211515 0.558463 0.086625 0.291846 0.952535 -0.494441 -0.581151 0.646368 0.924277 0.381723 -0.000390 0.941552 -0.081174 -0.326942 -0.736680 0.676242 0.000008 -0.506131 0.376409 -0.775982 0.282011 -0.217607 -0.934407 -0.246427 0.134819 -0.959738 -0.011153 -0.203929 -0.978922 -0.083749 0.659339 -0.747167 -0.431477 -0.573447 -0.696409 -0.546657 -0.411532 -0.729251 0.338191 -0.099396 -0.935814 0.802110 -0.211515 -0.558463 -0.494441 -0.581151 -0.646368 0.086625 0.291846 -0.952535 0.941660 -0.081174 0.326631 -0.506064 0.376465 0.775998 -0.355717 0.934594 0.000002 0.173857 0.823232 0.540428 0.032753 0.549373 0.834935 0.173848 0.823238 -0.540422 0.032751 0.549378 -0.834932 -0.290546 0.377266 0.879349 -0.284894 0.930362 -0.230786 -0.055630 0.924263 0.377682 -0.738440 0.342955 -0.580592 -0.485440 0.770649 0.412853 -0.055630 0.924263 -0.377682 -0.284907 0.930355 0.230800 -0.738440 0.342955 0.580592 -0.485429 0.770663 -0.412841 0.207768 0.627916 0.750036 0.184357 0.729641 0.658511 -0.287534 0.499319 0.817316 0.081699 -0.419794 0.903935 0.028864 0.462432 0.886185 -0.846839 -0.021703 0.531407 -0.136767 0.028640 0.990189 -0.845668 -0.314455 -0.431234 -0.889874 -0.055155 -0.452859 0.936171 0.149968 0.317951 -0.349078 0.176988 0.920228 0.088380 0.007861 0.996056 -0.682562 -0.601908 0.414508 -0.984646 -0.168247 0.046525 -0.007524 -0.999972 -0.000303 0.254068 -0.831568 -0.493908 -0.976751 0.214377 0.000172 -0.815508 0.468433 0.339876 -0.917732 0.346088 0.194915 -0.942310 0.229296 -0.243874 -0.815448 0.468588 -0.339807 -0.917704 0.346235 -0.194784 -0.942293 0.229289 0.243948 -0.760278 0.116817 -0.639007 -0.290543 0.377278 -0.879344 0.207768 0.627916 -0.750036 0.184330 0.729644 -0.658515 -0.136767 0.028640 -0.990189 -0.846839 -0.021703 -0.531407 0.081701 -0.419770 -0.903946 -0.845668 -0.314455 0.431234 -0.889874 -0.055155 0.452859 -0.287604 0.499331 -0.817283 0.028792 0.462434 -0.886186 0.936171 0.149968 -0.317951 -0.349078 0.176988 -0.920228 -0.682562 -0.601908 -0.414508 0.088380 0.007861 -0.996056 -0.984646 -0.168247 -0.046525 0.253969 -0.831704 0.493729 -0.760278 0.116817 0.639008 -0.912176 0.380360 -0.152518 -0.373488 0.156423 -0.914351 -0.912166 0.380369 0.152555 -0.373488 0.156423 0.914351 -0.300529 -0.403271 0.864323 -0.050782 -0.332213 0.941836 -0.906702 0.023088 0.421140 -0.669760 -0.577307 0.467053 -0.559682 -0.726180 0.399271 -0.945083 0.141054 0.294825 0.388261 -0.853562 0.347397 0.074243 -0.915120 -0.396288 0.639551 -0.768748 -0.000241 0.074025 -0.915238 0.396056 -0.832818 0.106213 0.543261 -0.921452 0.388492 -0.000795 -0.802170 -0.042548 0.595578 -0.832871 0.106181 -0.543186 -0.801960 -0.042094 -0.595894 -0.945083 0.141054 -0.294825 -0.669760 -0.577307 -0.467053 -0.906702 0.023088 -0.421140 -0.559682 -0.726180 -0.399271 -0.300520 -0.403224 -0.864349 -0.050782 -0.332213 -0.941836 0.388261 -0.853562 -0.347397 -0.649112 0.032076 0.760017 0.078688 -0.694676 0.715006 -0.090147 -0.989560 -0.112448 0.757222 -0.653158 0.000001 -0.090147 -0.989560 0.112448 0.078688 -0.694676 -0.715006 -0.848615 0.529009 -0.001399 -0.648044 0.031805 -0.760938 -0.181396 0.209636 0.960806 0.060033 -0.068455 0.995846 0.475598 -0.455946 0.752276 0.371364 -0.928487 -0.000517 0.475590 -0.455908 -0.752304 0.060033 -0.068455 -0.995846 -0.796787 -0.216989 0.563955 -0.874208 -0.485551 -0.001048 -0.180532 0.208874 -0.961134 -0.795642 -0.217072 -0.565538 -0.066074 -0.709032 0.702074 -0.330274 -0.943885 -0.001003 -0.065440 -0.708484 -0.702687</float_array>
          <technique_common>
            <accessor source="#mesh_8-normals-array" count="212" stride="3">
              <param name="X" type="float"/>
              <param name="Y" type="float"/>
              <param name="Z" type="float"/>
            </accessor>
          </technique_common>
        </source>
        <vertices id="mesh_8-vertices">
           <input semantic="POSITION" source="#mesh_8-positions"/>
        </vertices>
        <triangles count="424">
            <input semantic="VERTEX" source="#mesh_8-vertices" offset="0" />
            <input semantic="NORMAL" source="#mesh_8-normals" offset="0" />
          <p>0 1 2 3 1 0 3 0 4 2 5 0 0 5 6 4 0 6 1 7 2 7 1 3 7 8 2 9 10 2 2 11 9 12 11 2 2 8 12 2 13 5 2 14 13 2 10 15 15 16 2 2 16 17 17 14 2 18 19 3 18 3 4 20 3 19 7 3 20 4 6 18 6 5 13 6 21 18 21 6 22 22 6 13 8 7 20 8 20 23 12 8 23 10 9 24 11 24 9 10 24 25 26 15 10 25 26 10 27 28 11 27 11 12 11 28 29 11 29 24 12 23 27 22 13 14 30 22 14 30 14 17 15 26 16 16 31 32 17 16 32 33 31 16 26 33 16 32 30 17 34 19 18 18 21 34 34 35 19 36 19 35 20 19 36 23 20 36 21 37 34 37 21 38 38 21 22 38 22 30 23 36 39 27 23 39 40 25 24 40 24 29 25 40 41 41 42 25 26 25 42 33 26 42 27 39 43 43 28 27 43 44 28 29 28 45 28 44 45 40 29 45 46 38 30 46 30 32 31 47 48 32 31 48 49 31 33 49 47 31 48 46 32 49 33 42 50 35 34 34 37 50 50 51 35 52 35 51 36 35 52 39 36 52 37 53 50 53 37 54 54 37 38 54 38 46 39 52 55 43 39 55 41 40 56 40 57 56 40 45 57 41 56 58 59 42 41 58 59 41 59 60 42 60 49 42 43 55 61 61 44 43 61 62 44 63 44 64 65 64 44 65 44 62 44 63 45 57 45 66 66 45 63 67 54 46 67 46 48 47 68 69 48 47 69 70 47 71 47 70 72 68 47 72 49 71 47 69 67 48 73 49 60 71 49 73 74 51 50 50 53 74 74 75 51 76 51 75 52 51 76 55 52 76 53 77 74 77 53 78 78 53 54 78 54 67 55 76 79 61 55 79 58 56 80 56 57 81 56 81 80 66 81 57 58 80 82 83 59 58 82 83 58 84 60 59 83 84 59 60 84 73 61 79 85 85 62 61 85 86 62 87 65 62 87 62 86 88 89 63 88 63 90 63 64 65 63 65 90 63 89 91 63 91 66 65 92 93 65 93 90 87 92 65 94 66 95 66 94 96 66 96 97 91 95 66 66 97 81 98 78 67 98 67 69 68 99 100 69 68 100 68 72 101 99 68 101 100 98 69 72 70 71 71 102 103 104 71 103 104 72 71 105 102 71 73 105 71 106 107 72 104 106 72 72 107 101 108 73 94 96 94 73 109 96 73 73 108 105 84 109 73 75 74 110 110 74 77 76 75 111 111 75 110 112 79 76 112 76 111 113 77 78 110 77 113 78 98 114 113 78 114 115 85 79 115 79 112 116 117 80 80 118 116 80 97 118 97 80 81 82 80 110 80 119 110 117 119 80 110 83 82 83 120 121 121 122 83 122 109 83 84 83 109 110 123 83 83 123 120 115 86 85 119 87 86 115 119 86 119 117 87 87 124 92 124 87 125 125 87 117 126 127 88 127 89 88 88 90 124 128 88 124 126 88 128 129 130 89 127 131 89 89 130 91 89 132 129 89 131 132 90 93 124 95 91 133 134 133 91 134 91 130 124 135 92 135 93 92 135 136 93 136 137 93 93 137 124 94 95 138 138 108 94 138 95 139 95 133 139 140 141 96 96 141 142 96 142 143 143 97 96 96 144 140 145 144 96 146 145 96 96 109 146 143 147 97 97 147 118 98 100 148 114 98 148 100 99 148 99 101 123 99 123 148 101 120 123 107 149 101 150 101 149 120 101 150 102 151 152 103 102 153 102 154 153 105 151 102 152 155 102 155 154 102 103 153 156 149 104 103 149 103 157 157 103 156 149 106 104 158 105 108 105 158 159 151 105 159 106 160 161 107 106 161 106 162 160 149 162 106 107 161 149 163 108 138 163 158 108 109 164 146 122 164 109 112 111 110 115 112 110 119 115 110 110 113 114 110 114 148 110 148 123 117 116 125 126 125 116 165 126 116 165 116 166 116 147 166 147 116 118 150 121 120 121 150 156 121 156 167 168 121 167 168 164 121 122 121 164 124 137 135 124 125 128 126 128 125 126 169 127 169 126 165 127 169 170 131 127 170 134 130 129 129 171 172 129 172 173 129 173 134 171 129 174 132 174 129 131 170 165 131 165 166 147 132 131 147 131 166 143 132 147 174 132 142 142 132 143 134 175 133 133 175 139 134 173 175 135 137 136 138 139 176 138 176 177 178 163 138 177 178 138 139 175 176 179 141 140 140 180 181 140 181 179 140 144 182 183 180 140 182 183 140 179 142 141 179 174 142 144 145 182 145 184 182 145 155 184 146 155 145 164 155 146 161 162 149 157 150 149 150 157 156 152 151 159 185 186 152 187 185 152 159 187 152 184 152 186 152 184 155 153 188 156 189 188 153 189 153 154 167 189 154 168 167 154 154 155 164 168 154 164 167 156 188 158 190 159 163 190 158 190 187 159 160 162 161 178 190 163 169 165 170 189 167 188 181 171 174 191 172 171 191 171 181 192 193 172 192 172 191 193 173 172 193 175 173 181 174 179 176 175 193 176 193 192 176 192 194 177 176 194 194 178 177 195 190 178 196 195 178 194 196 178 180 197 191 180 191 181 198 197 180 183 198 180 182 184 183 184 186 183 183 186 198 186 185 198 185 195 196 198 185 196 185 187 195 187 190 195 197 199 191 200 192 191 200 191 199 201 194 192 201 192 200 194 201 202 202 203 194 196 194 203 198 196 204 204 196 203 197 205 199 206 205 197 207 208 197 198 207 197 197 208 206 207 198 204 201 200 199 201 199 209 205 209 199 202 201 209 202 209 210 211 203 202 210 211 202 207 204 203 211 207 203 210 209 205 210 205 206 206 208 210 207 211 208 208 211 210</p>
        </triangles>
      </mesh>
    </geometry>
    <geometry id="mesh_9" name="mesh_9">
      <mesh>
        <source id="mesh_9-positions">
          <float_array id="mesh_9-positions-array" count="636">-0.011550 0.177404 0.000025 -0.012451 0.177358 0.008244 -0.026103 0.170451 0.000003 -0.012808 0.182239 0.009890 -0.011333 0.179459 0.000027 -0.012451 0.177358 -0.008244 -0.012808 0.182239 -0.009890 -0.017084 0.175854 0.016798 -0.024231 0.172740 0.020958 -0.038195 0.164642 0.004957 -0.038457 0.164875 0.000003 -0.038692 0.164722 0.014592 -0.035239 0.167062 0.021071 -0.017084 0.175854 -0.016798 -0.024231 0.172740 -0.020958 -0.038195 0.164642 -0.004957 -0.038692 0.164722 -0.014592 -0.035239 0.167062 -0.021071 -0.014030 0.183975 0.000027 -0.015636 0.183821 0.010588 -0.018688 0.180550 0.017846 -0.015636 0.183821 -0.010588 -0.018688 0.180550 -0.017846 -0.027505 0.177389 0.021676 -0.041640 0.168144 0.005102 -0.043637 0.166211 0.000003 -0.041640 0.168144 -0.005102 -0.038899 0.172046 0.021829 -0.042069 0.163906 0.016388 -0.043118 0.169312 0.009696 -0.027505 0.177389 -0.021676 -0.042069 0.163906 -0.016388 -0.038899 0.172046 -0.021829 -0.043118 0.169312 -0.009696 -0.017552 0.194077 0.000030 -0.018538 0.192398 0.010219 -0.021914 0.182645 0.017400 -0.018538 0.192398 -0.010219 -0.021914 0.182645 -0.017400 -0.029435 0.181759 0.019719 -0.046224 0.175869 0.006542 -0.045742 0.176084 0.000005 -0.046224 0.175869 -0.006542 -0.037870 0.178601 0.020660 -0.044554 0.174869 0.019536 -0.048281 0.175784 0.010005 -0.029435 0.181759 -0.019719 -0.044554 0.174869 -0.019536 -0.037870 0.178601 -0.020660 -0.048281 0.175784 -0.010005 -0.018461 0.198386 0.000031 -0.018930 0.197744 0.011304 -0.024560 0.190830 0.018069 -0.018930 0.197744 -0.011304 -0.024560 0.190830 -0.018069 -0.029501 0.189187 0.019809 -0.049642 0.184903 0.006760 -0.051771 0.184642 0.010461 -0.048956 0.185277 0.000008 -0.049642 0.184903 -0.006760 -0.051771 0.184642 -0.010461 -0.039696 0.185407 0.020809 -0.044802 0.184721 0.021214 -0.050470 0.172214 0.017599 -0.048678 0.176186 0.021577 -0.051237 0.182195 0.025800 -0.056721 0.178438 0.003840 -0.029501 0.189187 -0.019809 -0.044802 0.184721 -0.021214 -0.039696 0.185407 -0.020809 -0.048678 0.176186 -0.021577 -0.050470 0.172214 -0.017599 -0.051237 0.182195 -0.025800 -0.056721 0.178438 -0.003840 -0.020211 0.202937 0.000032 -0.020956 0.202386 0.011511 -0.023983 0.195452 0.019126 -0.020956 0.202386 -0.011511 -0.023983 0.195452 -0.019126 -0.029912 0.192694 0.021903 -0.052785 0.192235 0.008618 -0.052919 0.190174 0.011233 -0.050799 0.191876 0.000009 -0.052785 0.192235 -0.008618 -0.052919 0.190174 -0.011233 -0.039044 0.190655 0.022959 -0.047380 0.188901 0.020500 -0.054108 0.187926 0.020548 -0.061169 0.181152 0.023816 -0.057926 0.177393 0.017700 -0.055021 0.171930 0.025475 -0.050878 0.168739 0.010848 -0.055481 0.181853 0.024502 -0.056808 0.173820 0.022274 -0.057511 0.172407 0.000004 -0.051304 0.155144 0.005268 -0.066115 0.178412 0.000005 -0.061006 0.183888 0.007949 -0.029912 0.192694 -0.021903 -0.047380 0.188901 -0.020500 -0.039044 0.190655 -0.022959 -0.054108 0.187926 -0.020548 -0.057926 0.177393 -0.017700 -0.061169 0.181152 -0.023816 -0.055021 0.171930 -0.025475 -0.050878 0.168739 -0.010848 -0.056808 0.173820 -0.022274 -0.055481 0.181853 -0.024502 -0.051304 0.155144 -0.005268 -0.061006 0.183888 -0.007949 -0.035518 0.197669 0.000010 -0.025893 0.200380 0.019390 -0.032910 0.198087 0.022961 -0.025893 0.200380 -0.019390 -0.032910 0.198087 -0.022961 -0.041718 0.193898 0.023101 -0.063010 0.193793 0.016478 -0.054471 0.189913 0.014526 -0.061848 0.191085 0.010364 -0.050718 0.192407 0.017631 -0.054471 0.189913 -0.014526 -0.063010 0.193793 -0.016478 -0.061848 0.191085 -0.010364 -0.050718 0.192407 -0.017631 -0.059646 0.186696 0.021870 -0.059747 0.190266 0.018944 -0.068973 0.191494 0.019845 -0.066888 0.182389 0.014623 -0.063074 0.187268 0.021910 -0.064921 0.166413 0.013020 -0.060755 0.169618 0.015939 -0.072936 0.179534 0.017561 -0.064729 0.180438 0.013058 -0.052467 0.170003 0.012357 -0.063250 0.162317 0.017556 -0.059406 0.180814 0.027100 -0.060247 0.177973 0.024714 -0.063706 0.184898 0.025062 -0.056178 0.161077 0.000003 -0.050628 0.154194 0.006903 -0.071827 0.163662 0.000004 -0.067571 0.172531 0.005106 -0.063369 0.172832 0.008549 -0.063202 0.179136 0.010714 -0.067571 0.172531 -0.005106 -0.063369 0.172832 -0.008549 -0.063202 0.179136 -0.010714 -0.062258 0.184033 0.011691 -0.041718 0.193898 -0.023101 -0.059646 0.186696 -0.021870 -0.059747 0.190266 -0.018944 -0.060755 0.169618 -0.015939 -0.064921 0.166413 -0.013020 -0.066888 0.182389 -0.014623 -0.072936 0.179534 -0.017561 -0.064729 0.180438 -0.013058 -0.068973 0.191494 -0.019844 -0.063074 0.187268 -0.021910 -0.052467 0.170003 -0.012357 -0.063250 0.162317 -0.017556 -0.060247 0.177973 -0.024714 -0.059406 0.180814 -0.027100 -0.063706 0.184898 -0.025062 -0.050628 0.154194 -0.006903 -0.062258 0.184033 -0.011691 -0.073422 0.186266 0.016633 -0.067211 0.186231 0.014339 -0.073422 0.186266 -0.016633 -0.067211 0.186231 -0.014339 -0.071119 0.185404 0.021988 -0.072110 0.182418 0.017086 -0.066493 0.162655 0.010569 -0.066242 0.156868 0.010001 -0.059849 0.154591 0.017306 -0.065523 0.168584 0.009115 -0.051069 0.151467 0.013718 -0.054370 0.156527 0.005489 -0.058695 0.160637 0.000001 -0.054370 0.156527 -0.005489 -0.071053 0.166779 0.004312 -0.075691 0.155210 -0.000016 -0.069076 0.162319 0.004195 -0.071053 0.166779 -0.004312 -0.069076 0.162319 -0.004195 -0.065523 0.168584 -0.009115 -0.066242 0.156868 -0.010001 -0.066493 0.162655 -0.010569 -0.059849 0.154591 -0.017306 -0.071119 0.185404 -0.021988 -0.072110 0.182418 -0.017086 -0.051069 0.151467 -0.013718 -0.068913 0.156762 0.004376 -0.067097 0.154951 0.005130 -0.058974 0.155551 0.007867 -0.063017 0.150092 -0.000000 -0.058974 0.155551 -0.007867 -0.067097 0.154951 -0.005130 -0.081235 0.149107 -0.000021 -0.068913 0.156762 -0.004376 -0.072703 0.151656 0.004761 -0.068406 0.150476 0.004779 -0.070188 0.142438 0.003711 -0.071901 0.141143 -0.000003 -0.070188 0.142438 -0.003711 -0.068406 0.150476 -0.004779 -0.081475 0.145053 0.004814 -0.081895 0.143293 -0.000023 -0.072703 0.151656 -0.004761 -0.081475 0.145053 -0.004814 -0.078279 0.142092 0.005606 -0.076527 0.140564 -0.000021 -0.078279 0.142092 -0.005606</float_array>
          <technique_common>
            <accessor source="#mesh_9-positions-array" count="212" stride="3">
              <param name="X" type="float"/>
              <param name="Y" type="float"/>
              <param name="Z" type="float"/>
            </accessor>
          </technique_common>
        </source>
        <source id="mesh_9-normals">
          <float_array id="mesh_9-normals-array" count="636">0.927458 -0.373926 0.000368 0.808468 -0.552847 0.201842 0.438300 -0.898829 0.000016 0.890661 0.327845 0.315025 0.976082 0.217403 0.000246 0.808561 -0.552804 -0.201585 0.890731 0.327960 -0.314708 0.742687 -0.438910 0.505740 0.471363 -0.466181 0.748660 -0.175706 -0.984268 -0.018557 -0.207784 -0.978175 0.000066 -0.150076 -0.982401 0.111198 0.114749 -0.686502 0.718016 0.742686 -0.438916 -0.505737 0.471364 -0.466186 -0.748657 -0.175702 -0.984269 0.018535 -0.150072 -0.982402 -0.111196 0.114753 -0.686505 -0.718013 0.803922 0.594734 0.000194 0.721465 0.579617 0.378857 0.501878 0.387175 0.773443 0.721561 0.579712 -0.378529 0.501878 0.387175 -0.773443 0.129975 0.210911 0.968826 -0.696220 -0.707829 0.119399 -0.767911 -0.640556 0.000146 -0.696238 -0.707838 -0.119242 -0.253227 -0.122603 0.959607 -0.647921 -0.676128 0.350782 -0.670141 -0.660439 -0.338720 0.129975 0.210911 -0.968826 -0.647921 -0.676128 -0.350782 -0.253227 -0.122603 -0.959607 -0.670141 -0.660439 0.338721 0.957728 0.287675 0.000386 0.904673 0.173029 0.389394 0.457128 0.389738 0.799461 0.904787 0.173067 -0.389111 0.457128 0.389738 -0.799461 0.145809 0.170198 0.974563 -0.890728 -0.411762 -0.192497 -0.954719 -0.297509 -0.000085 -0.890726 -0.411758 0.192518 -0.157894 0.003996 0.987448 0.081936 -0.486854 0.869632 -0.460880 -0.712171 -0.529530 0.145809 0.170198 -0.974563 0.081936 -0.486854 -0.869632 -0.157894 0.003996 -0.987448 -0.460880 -0.712171 0.529530 0.977405 0.211376 0.000218 0.932734 0.149862 0.327945 0.605961 -0.058067 0.793372 0.932787 0.149889 -0.327784 0.605961 -0.058067 -0.793372 0.298933 -0.194567 0.934228 -0.914474 -0.300275 -0.271244 -0.381941 -0.057795 -0.922378 -0.946281 -0.323347 -0.000160 -0.914494 -0.300306 0.271138 -0.381941 -0.057795 0.922378 0.108846 -0.251976 0.961593 0.136831 0.035701 0.989951 0.052638 -0.975089 0.215479 0.039534 -0.629581 0.775928 0.055450 -0.036281 0.997802 0.612730 0.283702 -0.737614 0.298933 -0.194567 -0.934228 0.136831 0.035701 -0.989951 0.108846 -0.251976 -0.961593 0.039534 -0.629581 -0.775928 0.052639 -0.975089 -0.215479 0.055450 -0.036281 -0.997802 0.612943 0.283826 0.737390 0.667002 0.745055 0.000193 0.497753 0.792441 0.352533 0.632356 -0.017692 0.774476 0.497789 0.792484 -0.352386 0.632356 -0.017692 -0.774476 0.273848 -0.227016 0.934596 -0.676446 0.622554 -0.393505 -0.189872 -0.085080 -0.978115 -0.889442 0.457047 -0.000227 -0.676512 0.622581 0.393350 -0.189872 -0.085080 0.978115 -0.018645 -0.203466 0.978904 -0.241345 0.143061 0.959837 -0.059618 0.661914 0.747205 -0.560678 -0.392260 0.729227 -0.451712 -0.557951 0.696166 0.334475 -0.110011 0.935962 0.794141 -0.238326 0.559053 0.097326 0.288692 0.952462 -0.514672 -0.563382 0.646308 0.936661 0.350238 -0.000389 0.938421 -0.112424 -0.326690 -0.712721 0.701448 0.000008 -0.492457 0.393274 -0.776416 0.273848 -0.227016 -0.934596 -0.241345 0.143061 -0.959837 -0.018645 -0.203466 -0.978904 -0.059618 0.661914 -0.747205 -0.451712 -0.557950 -0.696166 -0.560710 -0.392255 -0.729205 0.334475 -0.110011 -0.935962 0.794141 -0.238326 -0.559053 -0.514672 -0.563382 -0.646308 0.097327 0.288692 -0.952462 0.938529 -0.112428 0.326379 -0.492388 0.393329 0.776432 -0.321316 0.946972 0.000002 0.203469 0.816824 0.539814 0.052729 0.548346 0.834587 0.203459 0.816830 -0.539808 0.052728 0.548352 -0.834584 -0.276638 0.387278 0.879481 -0.251022 0.939889 -0.231510 -0.022372 0.925729 0.377524 -0.725826 0.367985 -0.581174 -0.457354 0.787485 0.413151 -0.022372 0.925729 -0.377524 -0.251034 0.939882 0.231524 -0.725826 0.367985 0.581174 -0.457343 0.787498 -0.413140 0.230574 0.620324 0.749689 0.210907 0.722702 0.658195 -0.269193 0.509244 0.817438 0.066727 -0.422137 0.904073 0.045807 0.461209 0.886108 -0.847041 0.006781 0.531484 -0.135692 0.033226 0.990194 -0.856012 -0.285521 -0.430953 -0.891223 -0.025202 -0.452865 0.940669 0.118563 0.317937 -0.342356 0.188967 0.920371 0.088715 0.004716 0.996046 -0.703125 -0.578084 0.414045 -0.989715 -0.135306 0.046449 -0.043958 -0.999033 -0.000304 0.223997 -0.839996 -0.494198 -0.968867 0.247581 0.000172 -0.798773 0.496221 0.340186 -0.905352 0.377121 0.195238 -0.933988 0.260974 -0.244048 -0.798708 0.496374 -0.340117 -0.905319 0.377267 -0.195107 -0.933971 0.260965 0.244122 -0.755739 0.142270 -0.639232 -0.276635 0.387290 -0.879477 0.230574 0.620324 -0.749690 0.210879 0.722706 -0.658199 -0.135691 0.033226 -0.990194 -0.847041 0.006781 -0.531484 0.066730 -0.422113 -0.904084 -0.856012 -0.285521 0.430953 -0.891223 -0.025202 0.452866 -0.269263 0.509259 -0.817406 0.045734 0.461214 -0.886110 0.940669 0.118563 -0.317937 -0.342356 0.188967 -0.920371 -0.703125 -0.578084 -0.414045 0.088715 0.004716 -0.996046 -0.989714 -0.135306 -0.046448 0.223893 -0.840129 0.494019 -0.755739 0.142270 0.639232 -0.898430 0.411666 -0.152824 -0.367539 0.168945 -0.914534 -0.898420 0.411674 0.152861 -0.367539 0.168945 0.914534 -0.314972 -0.392571 0.864107 -0.062736 -0.330303 0.941788 -0.905393 0.053520 0.421188 -0.689609 -0.553868 0.466551 -0.585123 -0.706024 0.398949 -0.939766 0.172864 0.294886 0.357359 -0.866693 0.348048 0.040689 -0.917220 -0.396297 0.611701 -0.791089 -0.000242 0.040467 -0.917330 0.396065 -0.828673 0.134493 0.543334 -0.907607 0.419820 -0.000796 -0.803164 -0.015457 0.595558 -0.828727 0.134464 -0.543259 -0.802938 -0.015009 -0.595874 -0.939766 0.172864 -0.294886 -0.689609 -0.553868 -0.466551 -0.905393 0.053520 -0.421188 -0.585123 -0.706024 -0.398949 -0.314961 -0.392523 -0.864133 -0.062736 -0.330303 -0.941788 0.357359 -0.866693 -0.348048 -0.647425 0.054003 0.760213 0.053071 -0.696783 0.715316 -0.126341 -0.985598 -0.112404 0.733860 -0.679301 0.000001 -0.126341 -0.985598 0.112404 0.053071 -0.696783 -0.715316 -0.829776 0.558095 -0.001399 -0.646368 0.053695 -0.761135 -0.173675 0.215746 0.960880 0.057029 -0.070351 0.995891 0.458505 -0.472082 0.752936 0.337404 -0.941360 -0.000518 0.458499 -0.472044 -0.752963 0.057029 -0.070351 -0.995891 -0.803851 -0.189288 0.563909 -0.890510 -0.454962 -0.001046 -0.172838 0.214954 -0.961209 -0.802710 -0.189414 -0.565490 -0.091801 -0.706222 0.702014 -0.364040 -0.931383 -0.001003 -0.091147 -0.705696 -0.702627</float_array>
          <technique_common>
            <accessor source="#mesh_9-normals-array" count="212" stride="3">
              <param name="X" type="float"/>
              <param name="Y" type="float"/>
              <param name="Z" type="float"/>
            </accessor>
          </technique_common>
        </source>
        <vertices id="mesh_9-vertices">
           <input semantic="POSITION" source="#mesh_9-positions"/>
        </vertices>
        <triangles count="424">
            <input semantic="VERTEX" source="#mesh_9-vertices" offset="0" />
            <input semantic="NORMAL" source="#mesh_9-normals" offset="0" />
          <p>0 1 2 3 1 0 3 0 4 2 5 0 0 5 6 4 0 6 1 7 2 7 1 3 7 8 2 9 10 2 2 11 9 12 11 2 2 8 12 2 13 5 2 14 13 2 10 15 15 16 2 2 16 17 17 14 2 18 19 3 18 3 4 20 3 19 7 3 20 4 6 18 6 5 13 6 21 18 21 6 22 22 6 13 8 7 20 8 20 23 12 8 23 10 9 24 11 24 9 10 24 25 26 15 10 25 26 10 27 28 11 27 11 12 11 28 29 11 29 24 12 23 27 22 13 14 30 22 14 30 14 17 15 26 16 16 31 32 17 16 32 33 31 16 26 33 16 32 30 17 34 19 18 18 21 34 34 35 19 36 19 35 20 19 36 23 20 36 21 37 34 37 21 38 38 21 22 38 22 30 23 36 39 27 23 39 40 25 24 40 24 29 25 40 41 41 42 25 26 25 42 33 26 42 27 39 43 43 28 27 43 44 28 29 28 45 28 44 45 40 29 45 46 38 30 46 30 32 31 47 48 32 31 48 49 31 33 49 47 31 48 46 32 49 33 42 50 35 34 34 37 50 50 51 35 52 35 51 36 35 52 39 36 52 37 53 50 53 37 54 54 37 38 54 38 46 39 52 55 43 39 55 41 40 56 40 57 56 40 45 57 41 56 58 59 42 41 58 59 41 59 60 42 60 49 42 43 55 61 61 44 43 61 62 44 63 44 64 65 64 44 65 44 62 44 63 45 57 45 66 66 45 63 67 54 46 67 46 48 47 68 69 48 47 69 70 47 71 47 70 72 68 47 72 49 71 47 69 67 48 73 49 60 71 49 73 74 51 50 50 53 74 74 75 51 76 51 75 52 51 76 55 52 76 53 77 74 77 53 78 78 53 54 78 54 67 55 76 79 61 55 79 58 56 80 56 57 81 56 81 80 66 81 57 58 80 82 83 59 58 82 83 58 84 60 59 83 84 59 60 84 73 61 79 85 85 62 61 85 86 62 87 65 62 87 62 86 88 89 63 88 63 90 63 64 65 63 65 90 63 89 91 63 91 66 65 92 93 65 93 90 87 92 65 94 66 95 66 94 96 66 96 97 91 95 66 66 97 81 98 78 67 98 67 69 68 99 100 69 68 100 68 72 101 99 68 101 100 98 69 72 70 71 71 102 103 104 71 103 104 72 71 105 102 71 73 105 71 106 107 72 104 106 72 72 107 101 108 73 94 96 94 73 109 96 73 73 108 105 84 109 73 75 74 110 110 74 77 76 75 111 111 75 110 112 79 76 112 76 111 113 77 78 110 77 113 78 98 114 113 78 114 115 85 79 115 79 112 116 117 80 80 118 116 80 97 118 97 80 81 82 80 110 80 119 110 117 119 80 110 83 82 83 120 121 121 122 83 122 109 83 84 83 109 110 123 83 83 123 120 115 86 85 119 87 86 115 119 86 119 117 87 87 124 92 124 87 125 125 87 117 126 127 88 127 89 88 88 90 124 128 88 124 126 88 128 129 130 89 127 131 89 89 130 91 89 132 129 89 131 132 90 93 124 95 91 133 134 133 91 134 91 130 124 135 92 135 93 92 135 136 93 136 137 93 93 137 124 94 95 138 138 108 94 138 95 139 95 133 139 140 141 96 96 141 142 96 142 143 143 97 96 96 144 140 145 144 96 146 145 96 96 109 146 143 147 97 97 147 118 98 100 148 114 98 148 100 99 148 99 101 123 99 123 148 101 120 123 107 149 101 150 101 149 120 101 150 102 151 152 103 102 153 102 154 153 105 151 102 152 155 102 155 154 102 103 153 156 149 104 103 149 103 157 157 103 156 149 106 104 158 105 108 105 158 159 151 105 159 106 160 161 107 106 161 106 162 160 149 162 106 107 161 149 163 108 138 163 158 108 109 164 146 122 164 109 112 111 110 115 112 110 119 115 110 110 113 114 110 114 148 110 148 123 117 116 125 126 125 116 165 126 116 165 116 166 116 147 166 147 116 118 150 121 120 121 150 156 121 156 167 168 121 167 168 164 121 122 121 164 124 137 135 124 125 128 126 128 125 126 169 127 169 126 165 127 169 170 131 127 170 134 130 129 129 171 172 129 172 173 129 173 134 171 129 174 132 174 129 131 170 165 131 165 166 147 132 131 147 131 166 143 132 147 174 132 142 142 132 143 134 175 133 133 175 139 134 173 175 135 137 136 138 139 176 138 176 177 178 163 138 177 178 138 139 175 176 179 141 140 140 180 181 140 181 179 140 144 182 183 180 140 182 183 140 179 142 141 179 174 142 144 145 182 145 184 182 145 155 184 146 155 145 164 155 146 161 162 149 157 150 149 150 157 156 152 151 159 185 186 152 187 185 152 159 187 152 184 152 186 152 184 155 153 188 156 189 188 153 189 153 154 167 189 154 168 167 154 154 155 164 168 154 164 167 156 188 158 190 159 163 190 158 190 187 159 160 162 161 178 190 163 169 165 170 189 167 188 181 171 174 191 172 171 191 171 181 192 193 172 192 172 191 193 173 172 193 175 173 181 174 179 176 175 193 176 193 192 176 192 194 177 176 194 194 178 177 195 190 178 196 195 178 194 196 178 180 197 191 180 191 181 198 197 180 183 198 180 182 184 183 184 186 183 183 186 198 186 185 198 185 195 196 198 185 196 185 187 195 187 190 195 197 199 191 200 192 191 200 191 199 201 194 192 201 192 200 194 201 202 202 203 194 196 194 203 198 196 204 204 196 203 197 205 199 206 205 197 207 208 197 198 207 197 197 208 206 207 198 204 201 200 199 201 199 209 205 209 199 202 201 209 202 209 210 211 203 202 210 211 202 207 204 203 211 207 203 210 209 205 210 205 206 206 208 210 207 211 208 208 211 210</p>
        </triangles>
      </mesh>
    </geometry>
    <geometry id="mesh_10" name="mesh_10">
      <mesh>
        <source id="mesh_10-positions">
          <float_array id="mesh_10-positions-array" count="636">-0.021288 0.206686 0.000025 -0.022191 0.206718 0.008244 -0.036340 0.201009 0.000003 -0.022166 0.211611 0.009890 -0.020912 0.208715 0.000027 -0.022191 0.206718 -0.008244 -0.022166 0.211611 -0.009890 -0.026927 0.205617 0.016798 -0.034295 0.203129 0.020958 -0.049509 0.195038 0.004957 -0.049753 0.195293 0.000003 -0.049998 0.195161 0.014592 -0.045713 0.198416 0.021071 -0.026927 0.205617 -0.016798 -0.034295 0.203129 -0.020958 -0.049509 0.195038 -0.004957 -0.049998 0.195161 -0.014592 -0.045713 0.198416 -0.021071 -0.023249 0.213446 0.000027 -0.024862 0.213430 0.010588 -0.028160 0.210433 0.017846 -0.024862 0.213430 -0.010588 -0.028160 0.210433 -0.017846 -0.037198 0.208041 0.021676 -0.052671 0.198822 0.005102 -0.054813 0.197069 0.000003 -0.052671 0.198822 -0.005102 -0.048974 0.203696 0.021829 -0.053429 0.194638 0.016388 -0.054054 0.200114 0.009696 -0.037198 0.208041 -0.021676 -0.053429 0.194638 -0.016388 -0.048974 0.203696 -0.021829 -0.054054 0.200114 -0.009696 -0.025989 0.223289 0.000030 -0.027103 0.221700 0.010219 -0.031213 0.212798 0.017400 -0.027103 0.221700 -0.010219 -0.031213 0.212798 -0.017400 -0.038781 0.212561 0.019719 -0.054579 0.206836 0.006542 -0.054082 0.207008 0.000005 -0.054579 0.206836 -0.006542 -0.048098 0.208917 0.020660 -0.052993 0.205696 0.019536 -0.056637 0.206928 0.010005 -0.038781 0.212561 -0.019719 -0.052993 0.205696 -0.019536 -0.048098 0.208917 -0.020660 -0.056637 0.206928 -0.010005 -0.026560 0.227660 0.000031 -0.027077 0.227060 0.011304 -0.033229 0.220655 0.018069 -0.027077 0.227060 -0.011304 -0.033229 0.220655 -0.018069 -0.038284 0.219442 0.019809 -0.058684 0.217428 0.006760 -0.060826 0.217350 0.010461 -0.057970 0.217741 0.000008 -0.058684 0.217428 -0.006760 -0.060826 0.217350 -0.010461 -0.048728 0.217076 0.020809 -0.053871 0.216831 0.021214 -0.059097 0.203559 0.017599 -0.057001 0.207363 0.021577 -0.060485 0.214867 0.025800 -0.066906 0.210372 0.003840 -0.038284 0.219442 -0.019809 -0.053871 0.216831 -0.021214 -0.048728 0.217076 -0.020809 -0.057001 0.207363 -0.021577 -0.059097 0.203559 -0.017599 -0.060485 0.214867 -0.025800 -0.066906 0.210372 -0.003840 -0.027950 0.232343 0.000032 -0.028736 0.231858 0.011511 -0.032294 0.225210 0.019126 -0.028736 0.231858 -0.011511 -0.032294 0.225210 -0.019126 -0.038420 0.222971 0.021903 -0.061246 0.225002 0.008618 -0.061540 0.222960 0.011233 -0.059294 0.224474 0.000009 -0.061246 0.225002 -0.008618 -0.061540 0.222960 -0.011233 -0.047669 0.222248 0.022959 -0.056117 0.221216 0.020500 -0.062901 0.220823 0.020548 -0.071129 0.213458 0.023816 -0.068188 0.209435 0.017700 -0.063657 0.203667 0.025475 -0.060370 0.200154 0.010848 -0.065403 0.213669 0.024502 -0.065292 0.205704 0.022274 -0.066103 0.204356 0.000004 -0.061713 0.188282 0.005268 -0.076274 0.211154 0.000005 -0.070753 0.216170 0.007949 -0.038420 0.222971 -0.021903 -0.056117 0.221216 -0.020500 -0.047669 0.222248 -0.022959 -0.062901 0.220823 -0.020548 -0.068188 0.209435 -0.017700 -0.071129 0.213458 -0.023816 -0.063657 0.203667 -0.025475 -0.060370 0.200154 -0.010848 -0.065292 0.205704 -0.022274 -0.065403 0.213669 -0.024502 -0.061713 0.188282 -0.005268 -0.070753 0.216170 -0.007949 -0.043622 0.228409 0.000010 -0.033814 0.230284 0.019390 -0.040989 0.228602 0.022961 -0.033814 0.230284 -0.019390 -0.040989 0.228602 -0.022961 -0.050082 0.225708 0.023101 -0.071980 0.226211 0.016478 -0.063108 0.222834 0.014526 -0.071032 0.223413 0.010364 -0.059171 0.224996 0.017631 -0.063108 0.222834 -0.014526 -0.071980 0.226211 -0.016478 -0.071032 0.223413 -0.010364 -0.059171 0.224996 -0.017631 -0.069179 0.218851 0.021870 -0.069001 0.222417 0.018944 -0.078104 0.224432 0.019845 -0.076734 0.215182 0.014623 -0.072551 0.219715 0.021910 -0.073349 0.198998 0.013020 -0.069313 0.201847 0.015939 -0.082987 0.212857 0.017561 -0.074734 0.213053 0.013058 -0.061726 0.201545 0.012357 -0.072127 0.194779 0.017556 -0.069397 0.212971 0.027100 -0.070458 0.210212 0.024714 -0.073367 0.217409 0.025062 -0.065769 0.192958 0.000003 -0.061167 0.187279 0.006903 -0.079851 0.196828 0.000004 -0.076124 0.205343 0.005106 -0.071910 0.205282 0.008549 -0.073313 0.211624 0.010714 -0.076124 0.205343 -0.005106 -0.071910 0.205282 -0.008549 -0.073313 0.211624 -0.010714 -0.071990 0.216422 0.011691 -0.050082 0.225708 -0.023101 -0.069179 0.218851 -0.021870 -0.069001 0.222417 -0.018944 -0.069313 0.201847 -0.015939 -0.073349 0.198998 -0.013020 -0.076734 0.215182 -0.014623 -0.082987 0.212857 -0.017561 -0.074734 0.213053 -0.013058 -0.078104 0.224432 -0.019844 -0.072551 0.219715 -0.021910 -0.061726 0.201545 -0.012357 -0.072127 0.194779 -0.017556 -0.070458 0.210212 -0.024714 -0.069397 0.212971 -0.027100 -0.073367 0.217409 -0.025062 -0.061167 0.187279 -0.006903 -0.071990 0.216422 -0.011691 -0.082947 0.219606 0.016633 -0.076757 0.219038 0.014339 -0.082947 0.219606 -0.016633 -0.076757 0.219038 -0.014339 -0.080718 0.218549 0.021988 -0.081938 0.215659 0.017086 -0.075060 0.195384 0.010569 -0.074085 0.190603 0.010001 -0.070364 0.187877 0.017306 -0.073738 0.201211 0.009115 -0.061771 0.184599 0.013718 -0.064408 0.189913 0.005489 -0.068097 0.192728 0.000001 -0.064408 0.189913 -0.005489 -0.078915 0.199869 0.004312 -0.082825 0.189732 -0.000016 -0.077441 0.195262 0.004195 -0.078915 0.199869 -0.004312 -0.077441 0.195262 -0.004195 -0.073738 0.201211 -0.009115 -0.074085 0.190603 -0.010001 -0.075060 0.195384 -0.010569 -0.070364 0.187877 -0.017306 -0.080718 0.218549 -0.021988 -0.081938 0.215659 -0.017086 -0.061771 0.184599 -0.013718 -0.076529 0.190718 0.004376 -0.075006 0.188764 0.005130 -0.069495 0.188761 0.007867 -0.073585 0.183656 -0.000000 -0.069495 0.188761 -0.007867 -0.075006 0.188764 -0.005130 -0.087652 0.179951 -0.000021 -0.076529 0.190718 -0.004376 -0.079682 0.181786 0.004761 -0.075850 0.180255 0.004779 -0.078068 0.172393 0.003711 -0.079726 0.171244 -0.000003 -0.078068 0.172393 -0.003711 -0.075850 0.180255 -0.004779 -0.088170 0.175932 0.004814 -0.088683 0.174213 -0.000023 -0.079682 0.181786 -0.004761 -0.088170 0.175932 -0.004814 -0.085473 0.172717 0.005606 -0.083988 0.171049 -0.000021 -0.085473 0.172717 -0.005606</float_array>
          <technique_common>
            <accessor source="#mesh_10-positions-array" count="212" stride="3">
              <param name="X" type="float"/>
              <param name="Y" type="float"/>
              <param name="Z" type="float"/>
            </accessor>
          </technique_common>
        </source>
        <source id="mesh_10-normals">
          <float_array id="mesh_10-normals-array" count="636">0.894574 -0.446919 0.000370 0.760451 -0.617002 0.202542 0.390947 -0.920413 0.000016 0.914035 0.256107 0.314563 0.990165 0.139903 0.000246 0.760548 -0.616967 -0.202284 0.914113 0.256216 -0.314246 0.704019 -0.497561 0.506745 0.430436 -0.503202 0.749341 -0.226048 -0.973937 -0.018660 -0.269733 -0.962935 0.000066 -0.193633 -0.969531 0.150055 0.098590 -0.660690 0.744156 0.704017 -0.497567 -0.506742 0.430437 -0.503206 -0.749338 -0.226043 -0.973939 0.018636 -0.193627 -0.969532 -0.150052 0.098597 -0.660693 -0.744153 0.846560 0.532293 0.000193 0.762236 0.526332 0.376790 0.532489 0.345973 0.772501 0.762338 0.526420 -0.376462 0.532489 0.345973 -0.772501 0.147505 0.200004 0.968628 -0.798146 -0.593471 0.103706 -0.895234 -0.445597 0.000153 -0.798165 -0.593473 -0.103547 -0.240388 -0.081449 0.967254 -0.733873 -0.520983 0.435899 -0.801053 -0.491134 -0.342201 0.147505 0.200004 -0.968628 -0.733873 -0.520983 -0.435899 -0.240388 -0.081449 -0.967254 -0.801053 -0.491134 0.342201 0.975002 0.222197 0.000387 0.914536 0.108976 0.389549 0.486937 0.356181 0.797513 0.914654 0.109006 -0.389264 0.486937 0.356181 -0.797513 0.151098 0.166994 0.974311 -0.944184 -0.253348 -0.210551 -0.976996 -0.213257 -0.000085 -0.944182 -0.253338 0.210573 -0.173954 0.020731 0.984536 0.037410 -0.428801 0.902624 -0.607421 -0.590705 -0.531138 0.151098 0.166994 -0.974311 0.037410 -0.428801 -0.902624 -0.173954 0.020731 -0.984535 -0.607421 -0.590705 0.531138 0.990931 0.134373 0.000218 0.941586 0.076375 0.327998 0.599039 -0.103838 0.793959 0.941640 0.076397 -0.327837 0.599039 -0.103838 -0.793959 0.276805 -0.219804 0.935449 -0.924426 -0.269417 -0.269910 -0.402211 -0.065177 -0.913224 -0.960814 -0.277194 -0.000160 -0.924448 -0.269446 0.269804 -0.402211 -0.065177 0.913224 0.068337 -0.254362 0.964692 0.136327 0.046800 0.989558 0.010453 -0.972393 0.233115 -0.002876 -0.587037 0.809555 0.051180 -0.013216 0.998602 0.616215 0.280479 -0.735942 0.276805 -0.219804 -0.935449 0.136327 0.046800 -0.989558 0.068337 -0.254362 -0.964692 -0.002876 -0.587037 -0.809555 0.010453 -0.972393 -0.233115 0.051180 -0.013216 -0.998602 0.616384 0.280589 0.735759 0.724465 0.689312 0.000193 0.560825 0.749826 0.351052 0.628650 -0.067243 0.774776 0.560863 0.749865 -0.350905 0.628650 -0.067243 -0.774775 0.244823 -0.248572 0.937163 -0.634554 0.671642 -0.382411 -0.218001 -0.072193 -0.973275 -0.840548 0.541738 -0.000227 -0.634615 0.671670 0.382260 -0.218001 -0.072193 0.973275 -0.040199 -0.200443 0.978880 -0.228259 0.161549 0.960104 -0.077228 0.656086 0.750724 -0.553923 -0.371788 0.744945 -0.432484 -0.560323 0.706397 0.302399 -0.067932 0.950758 0.808046 -0.258640 0.529308 0.099715 0.268126 0.958210 -0.459542 -0.581127 0.671649 0.939190 0.343397 -0.000299 0.941071 -0.185940 -0.282509 -0.736597 0.676332 0.000025 -0.467789 0.427267 -0.773703 0.244823 -0.248572 -0.937163 -0.228259 0.161549 -0.960104 -0.040199 -0.200443 -0.978880 -0.077228 0.656086 -0.750724 -0.432484 -0.560323 -0.706397 -0.553957 -0.371781 -0.744924 0.302399 -0.067932 -0.950758 0.808046 -0.258640 -0.529308 -0.459542 -0.581127 -0.671649 0.099715 0.268126 -0.958210 0.941103 -0.185985 0.282372 -0.467718 0.427315 0.773719 -0.222762 0.974873 0.000002 0.271539 0.797846 0.538245 0.110683 0.546043 0.830414 0.271530 0.797853 -0.538240 0.110681 0.546048 -0.830410 -0.232052 0.415237 0.879619 -0.234331 0.949438 -0.208942 -0.047449 0.917726 0.394370 -0.714608 0.406891 -0.569012 -0.383560 0.827231 0.410573 -0.047449 0.917726 -0.394370 -0.234344 0.949432 0.208956 -0.714608 0.406891 0.569012 -0.383549 0.827241 -0.410564 0.241734 0.599891 0.762690 0.191484 0.708245 0.679502 -0.224944 0.529866 0.817705 0.031678 -0.425771 0.904276 0.085147 0.456012 0.885891 -0.859174 -0.018115 0.511362 -0.094739 0.010366 0.995448 -0.876191 -0.216887 -0.430405 -0.884151 -0.101727 -0.455993 0.944597 0.028365 0.327004 -0.339281 0.214822 0.915827 0.106245 0.027897 0.993949 -0.741687 -0.584386 0.329231 -0.983895 -0.038325 -0.174589 -0.052319 -0.998630 -0.000183 0.175342 -0.877924 -0.445539 -0.978281 0.207281 0.000187 -0.809280 0.401060 0.429206 -0.944839 0.229598 0.233588 -0.952539 0.203714 -0.226208 -0.809248 0.401294 -0.429046 -0.944824 0.229793 -0.233459 -0.952523 0.203704 0.226284 -0.741669 0.201059 -0.639924 -0.232048 0.415247 -0.879616 0.241734 0.599891 -0.762690 0.191457 0.708250 -0.679505 -0.094739 0.010366 -0.995448 -0.859174 -0.018115 -0.511362 0.031683 -0.425748 -0.904287 -0.876191 -0.216887 0.430405 -0.884151 -0.101727 0.455993 -0.225013 0.529886 -0.817674 0.085075 0.456022 -0.885893 0.944597 0.028365 -0.327004 -0.339281 0.214822 -0.915828 -0.741687 -0.584386 -0.329231 0.106245 0.027897 -0.993949 -0.983895 -0.038325 0.174589 0.175508 -0.877919 0.445483 -0.741669 0.201059 0.639924 -0.862218 0.482739 -0.153435 -0.351810 0.197317 -0.915039 -0.862208 0.482746 0.153472 -0.351810 0.197317 0.915039 -0.346829 -0.365945 0.863593 -0.090319 -0.324639 0.941516 -0.900324 -0.011895 0.435057 -0.732587 -0.540424 0.413833 -0.695845 -0.630399 0.344088 -0.954421 0.163794 0.249504 0.319952 -0.886826 0.333423 -0.026853 -0.944469 -0.327502 0.506989 -0.861952 -0.000227 -0.027023 -0.944532 0.327306 -0.832828 0.124963 0.539243 -0.963887 0.266311 -0.000891 -0.823846 -0.027583 0.566142 -0.832886 0.124943 -0.539156 -0.823604 -0.026997 -0.566523 -0.954421 0.163794 -0.249504 -0.732587 -0.540424 -0.413833 -0.900324 -0.011895 -0.435057 -0.695845 -0.630399 -0.344088 -0.346814 -0.365899 -0.863619 -0.090319 -0.324639 -0.941516 0.319952 -0.886826 -0.333423 -0.659414 -0.058317 0.749515 0.019317 -0.892336 0.450959 -0.202825 -0.970069 -0.133523 0.816984 -0.576661 0.000034 -0.202825 -0.970069 0.133523 0.019317 -0.892336 -0.450959 -0.880806 0.473475 -0.001391 -0.658309 -0.058439 -0.750476 -0.168466 0.171734 0.970632 -0.009716 -0.041581 0.999088 0.716529 -0.527745 0.456149 0.372848 -0.927892 -0.000522 0.716527 -0.527733 -0.456165 -0.009716 -0.041581 -0.999088 -0.830228 -0.114269 0.545586 -0.928337 -0.371738 -0.001000 -0.167539 0.171099 -0.970905 -0.829162 -0.114489 -0.547159 -0.153948 -0.691786 0.705501 -0.464306 -0.885674 -0.001001 -0.153188 -0.691317 -0.706126</float_array>
          <technique_common>
            <accessor source="#mesh_10-normals-array" count="212" stride="3">
              <param name="X" type="float"/>
              <param name="Y" type="float"/>
              <param name="Z" type="float"/>
            </accessor>
          </technique_common>
        </source>
        <vertices id="mesh_10-vertices">
           <input semantic="POSITION" source="#mesh_10-positions"/>
        </vertices>
        <triangles count="424">
            <input semantic="VERTEX" source="#mesh_10-vertices" offset="0" />
            <input semantic="NORMAL" source="#mesh_10-normals" offset="0" />
          <p>0 1 2 3 1 0 3 0 4 2 5 0 0 5 6 4 0 6 1 7 2 7 1 3 7 8 2 9 10 2 2 11 9 12 11 2 2 8 12 2 13 5 2 14 13 2 10 15 15 16 2 2 16 17 17 14 2 18 19 3 18 3 4 20 3 19 7 3 20 4 6 18 6 5 13 6 21 18 21 6 22 22 6 13 8 7 20 8 20 23 12 8 23 10 9 24 11 24 9 10 24 25 26 15 10 25 26 10 27 28 11 27 11 12 11 28 29 11 29 24 12 23 27 22 13 14 30 22 14 30 14 17 15 26 16 16 31 32 17 16 32 33 31 16 26 33 16 32 30 17 34 19 18 18 21 34 34 35 19 36 19 35 20 19 36 23 20 36 21 37 34 37 21 38 38 21 22 38 22 30 23 36 39 27 23 39 40 25 24 40 24 29 25 40 41 41 42 25 26 25 42 33 26 42 27 39 43 43 28 27 43 44 28 29 28 45 28 44 45 40 29 45 46 38 30 46 30 32 31 47 48 32 31 48 49 31 33 49 47 31 48 46 32 49 33 42 50 35 34 34 37 50 50 51 35 52 35 51 36 35 52 39 36 52 37 53 50 53 37 54 54 37 38 54 38 46 39 52 55 43 39 55 41 40 56 40 57 56 40 45 57 41 56 58 59 42 41 58 59 41 59 60 42 60 49 42 43 55 61 61 44 43 61 62 44 63 44 64 65 64 44 65 44 62 44 63 45 57 45 66 66 45 63 67 54 46 67 46 48 47 68 69 48 47 69 70 47 71 47 70 72 68 47 72 49 71 47 69 67 48 73 49 60 71 49 73 74 51 50 50 53 74 74 75 51 76 51 75 52 51 76 55 52 76 53 77 74 77 53 78 78 53 54 78 54 67 55 76 79 61 55 79 58 56 80 56 57 81 56 81 80 66 81 57 58 80 82 83 59 58 82 83 58 84 60 59 83 84 59 60 84 73 61 79 85 85 62 61 85 86 62 87 65 62 87 62 86 88 89 63 88 63 90 63 64 65 63 65 90 63 89 91 63 91 66 65 92 93 65 93 90 87 92 65 94 66 95 66 94 96 66 96 97 91 95 66 66 97 81 98 78 67 98 67 69 68 99 100 69 68 100 68 72 101 99 68 101 100 98 69 72 70 71 71 102 103 104 71 103 104 72 71 105 102 71 73 105 71 106 107 72 104 106 72 72 107 101 108 73 94 96 94 73 109 96 73 73 108 105 84 109 73 75 74 110 110 74 77 76 75 111 111 75 110 112 79 76 112 76 111 113 77 78 110 77 113 78 98 114 113 78 114 115 85 79 115 79 112 116 117 80 80 118 116 80 97 118 97 80 81 82 80 110 80 119 110 117 119 80 110 83 82 83 120 121 121 122 83 122 109 83 84 83 109 110 123 83 83 123 120 115 86 85 119 87 86 115 119 86 119 117 87 87 124 92 124 87 125 125 87 117 126 127 88 127 89 88 88 90 124 128 88 124 126 88 128 129 130 89 127 131 89 89 130 91 89 132 129 89 131 132 90 93 124 95 91 133 134 133 91 134 91 130 124 135 92 135 93 92 135 136 93 136 137 93 93 137 124 94 95 138 138 108 94 138 95 139 95 133 139 140 141 96 96 141 142 96 142 143 143 97 96 96 144 140 145 144 96 146 145 96 96 109 146 143 147 97 97 147 118 98 100 148 114 98 148 100 99 148 99 101 123 99 123 148 101 120 123 107 149 101 150 101 149 120 101 150 102 151 152 103 102 153 102 154 153 105 151 102 152 155 102 155 154 102 103 153 156 149 104 103 149 103 157 157 103 156 149 106 104 158 105 108 105 158 159 151 105 159 106 160 161 107 106 161 106 162 160 149 162 106 107 161 149 163 108 138 163 158 108 109 164 146 122 164 109 112 111 110 115 112 110 119 115 110 110 113 114 110 114 148 110 148 123 117 116 125 126 125 116 165 126 116 165 116 166 116 147 166 147 116 118 150 121 120 121 150 156 121 156 167 168 121 167 168 164 121 122 121 164 124 137 135 124 125 128 126 128 125 126 169 127 169 126 165 127 169 170 131 127 170 134 130 129 129 171 172 129 172 173 129 173 134 171 129 174 132 174 129 131 170 165 131 165 166 147 132 131 147 131 166 143 132 147 174 132 142 142 132 143 134 175 133 133 175 139 134 173 175 135 137 136 138 139 176 138 176 177 178 163 138 177 178 138 139 175 176 179 141 140 140 180 181 140 181 179 140 144 182 183 180 140 182 183 140 179 142 141 179 174 142 144 145 182 145 184 182 145 155 184 146 155 145 164 155 146 161 162 149 157 150 149 150 157 156 152 151 159 185 186 152 187 185 152 159 187 152 184 152 186 152 184 155 153 188 156 189 188 153 189 153 154 167 189 154 168 167 154 154 155 164 168 154 164 167 156 188 158 190 159 163 190 158 190 187 159 160 162 161 178 190 163 169 165 170 189 167 188 181 171 174 191 172 171 191 171 181 192 193 172 192 172 191 193 173 172 193 175 173 181 174 179 176 175 193 176 193 192 176 192 194 177 176 194 194 178 177 195 190 178 196 195 178 194 196 178 180 197 191 180 191 181 198 197 180 183 198 180 182 184 183 184 186 183 183 186 198 186 185 198 185 195 196 198 185 196 185 187 195 187 190 195 197 199 191 200 192 191 200 191 199 201 194 192 201 192 200 194 201 202 202 203 194 196 194 203 198 196 204 204 196 203 197 205 199 206 205 197 207 208 197 198 207 197 197 208 206 207 198 204 201 200 199 201 199 209 205 209 199 202 201 209 202 209 210 211 203 202 210 211 202 207 204 203 211 207 203 210 209 205 210 205 206 206 208 210 207 211 208 208 211 210</p>
        </triangles>
      </mesh>
    </geometry>
    <geometry id="mesh_11" name="mesh_11">
      <mesh>
        <source id="mesh_11-positions">
          <float_array id="mesh_11-positions-array" count="636">-0.029504 0.235413 0.000025 -0.030384 0.235535 0.008122 -0.044970 0.232280 0.000003 -0.029735 0.239597 0.009744 -0.028876 0.237059 0.000026 -0.030384 0.235535 -0.008122 -0.029735 0.239597 -0.009744 -0.035163 0.235119 0.016549 -0.042697 0.233826 0.020648 -0.058630 0.228705 0.004884 -0.058836 0.228943 0.000003 -0.059093 0.228859 0.014377 -0.054481 0.231113 0.020759 -0.035163 0.235119 -0.016549 -0.042697 0.233826 -0.020648 -0.058630 0.228705 -0.004884 -0.059093 0.228859 -0.014377 -0.054481 0.231113 -0.020759 -0.030561 0.241236 0.000027 -0.032142 0.241392 0.010432 -0.035755 0.239250 0.017582 -0.032142 0.241392 -0.010432 -0.035755 0.239250 -0.017582 -0.044911 0.238213 0.021355 -0.061243 0.232183 0.005026 -0.063564 0.230951 0.000003 -0.061243 0.232183 -0.005026 -0.056999 0.235843 0.021506 -0.062520 0.228786 0.016145 -0.062432 0.233401 0.009553 -0.044911 0.238213 -0.021355 -0.062520 0.228786 -0.016145 -0.056999 0.235843 -0.021506 -0.062432 0.233401 -0.009553 -0.031985 0.249701 0.000029 -0.033279 0.248499 0.010068 -0.038443 0.241535 0.017143 -0.033279 0.248499 -0.010068 -0.038443 0.241535 -0.017143 -0.045885 0.242135 0.019427 -0.062087 0.239041 0.006445 -0.061578 0.239132 0.000005 -0.062087 0.239041 -0.006445 -0.055474 0.240088 0.020355 -0.060679 0.237927 0.019247 -0.064090 0.239334 0.009857 -0.045885 0.242135 -0.019427 -0.060679 0.237927 -0.019247 -0.055474 0.240088 -0.020355 -0.064090 0.239334 -0.009857 -0.031986 0.253393 0.000030 -0.032569 0.252949 0.011137 -0.039413 0.248275 0.017802 -0.032569 0.252949 -0.011137 -0.039413 0.248275 -0.017802 -0.044518 0.247800 0.019516 -0.064753 0.248273 0.006660 -0.066861 0.248434 0.010307 -0.064014 0.248458 0.000008 -0.064753 0.248273 -0.006660 -0.066861 0.248434 -0.010307 -0.055048 0.246933 0.020501 -0.060116 0.247271 0.020900 -0.066930 0.236794 0.017339 -0.064391 0.239734 0.021258 -0.066844 0.246335 0.025419 -0.073706 0.243277 0.003783 -0.044518 0.247800 -0.019516 -0.060116 0.247271 -0.020900 -0.055048 0.246933 -0.020501 -0.064391 0.239734 -0.021258 -0.066930 0.236794 -0.017339 -0.066844 0.246335 -0.025419 -0.073706 0.243277 -0.003783 -0.032748 0.257431 0.000031 -0.033580 0.257110 0.011341 -0.037914 0.251962 0.018843 -0.033580 0.257110 -0.011341 -0.037914 0.251962 -0.018843 -0.044200 0.250746 0.021579 -0.066294 0.254836 0.008490 -0.066843 0.253170 0.011066 -0.064450 0.254192 0.000009 -0.066294 0.254836 -0.008490 -0.066843 0.253170 -0.011066 -0.053350 0.251119 0.022619 -0.061754 0.251150 0.020197 -0.068449 0.251538 0.020244 -0.077447 0.246285 0.023464 -0.075082 0.242633 0.017438 -0.071382 0.237364 0.025099 -0.068612 0.234099 0.010687 -0.071813 0.245857 0.024139 -0.072723 0.239228 0.021945 -0.073689 0.238193 0.000004 -0.071445 0.224377 0.005190 -0.082781 0.244912 0.000005 -0.076733 0.248498 0.007831 -0.044200 0.250746 -0.021579 -0.061754 0.251150 -0.020197 -0.053350 0.251119 -0.022619 -0.068449 0.251538 -0.020244 -0.075082 0.242633 -0.017438 -0.077447 0.246285 -0.023464 -0.071382 0.237364 -0.025098 -0.068612 0.234099 -0.010687 -0.072723 0.239228 -0.021945 -0.071813 0.245857 -0.024139 -0.071445 0.224377 -0.005190 -0.076733 0.248498 -0.007831 -0.048599 0.255811 0.000009 -0.038755 0.256337 0.019104 -0.045996 0.255695 0.022621 -0.038755 0.256337 -0.019104 -0.045996 0.255695 -0.022621 -0.055271 0.254247 0.022760 -0.076651 0.256969 0.016235 -0.068394 0.253230 0.014311 -0.076080 0.254545 0.010211 -0.064263 0.254612 0.017370 -0.068394 0.253230 -0.014311 -0.076651 0.256969 -0.016235 -0.076080 0.254545 -0.010211 -0.064263 0.254612 -0.017370 -0.074848 0.250560 0.021546 -0.074219 0.253504 0.018664 -0.085032 0.256278 0.029042 -0.084873 0.248448 0.021401 -0.078041 0.251633 0.021586 -0.081470 0.234505 0.012827 -0.077154 0.236447 0.015703 -0.091293 0.247175 0.025700 -0.081030 0.246327 0.012865 -0.069762 0.235398 0.012174 -0.080812 0.230871 0.017297 -0.075814 0.245697 0.026699 -0.077205 0.243517 0.024348 -0.079134 0.249803 0.024692 -0.074819 0.228689 0.000003 -0.071038 0.223486 0.006801 -0.088114 0.233386 0.000004 -0.083376 0.240068 0.005031 -0.079258 0.239574 0.008422 -0.079820 0.244991 0.010556 -0.083376 0.240068 -0.005031 -0.079258 0.239574 -0.008422 -0.079820 0.244991 -0.010556 -0.077912 0.248838 0.011518 -0.055271 0.254247 -0.022760 -0.074848 0.250560 -0.021546 -0.074219 0.253504 -0.018664 -0.077154 0.236447 -0.015703 -0.081470 0.234505 -0.012827 -0.084873 0.248448 -0.021401 -0.091293 0.247175 -0.025700 -0.081030 0.246327 -0.012865 -0.085032 0.256278 -0.029042 -0.078041 0.251633 -0.021586 -0.069762 0.235398 -0.012174 -0.080812 0.230871 -0.017297 -0.077205 0.243517 -0.024348 -0.075814 0.245697 -0.026699 -0.079134 0.249803 -0.024692 -0.071038 0.223486 -0.006801 -0.077912 0.248838 -0.011518 -0.090392 0.252778 0.024342 -0.082246 0.251513 0.014127 -0.090392 0.252778 -0.024342 -0.082246 0.251513 -0.014127 -0.088344 0.251665 0.032179 -0.089908 0.249392 0.025005 -0.083607 0.231682 0.010413 -0.083263 0.227607 0.009853 -0.079968 0.224951 0.017050 -0.081568 0.236385 0.008980 -0.071972 0.221323 0.013515 -0.073875 0.226016 0.005408 -0.077128 0.228743 0.000001 -0.073875 0.226016 -0.005408 -0.086809 0.235814 0.004248 -0.091934 0.227803 -0.000016 -0.085954 0.231831 0.004132 -0.086809 0.235814 -0.004248 -0.085954 0.231831 -0.004132 -0.081568 0.236385 -0.008980 -0.083263 0.227607 -0.009853 -0.083607 0.231682 -0.010413 -0.079968 0.224951 -0.017050 -0.088344 0.251665 -0.032179 -0.089908 0.249392 -0.025005 -0.071972 0.221323 -0.013515 -0.085642 0.227960 0.004311 -0.084401 0.226176 0.005054 -0.079004 0.225594 0.007751 -0.083662 0.221783 -0.000000 -0.079004 0.225594 -0.007751 -0.084401 0.226176 -0.005054 -0.097911 0.220185 -0.000021 -0.085642 0.227960 -0.004311 -0.089872 0.220871 0.004690 -0.086315 0.219196 0.004708 -0.089492 0.212897 0.003656 -0.091262 0.212117 -0.000003 -0.089492 0.212897 -0.003656 -0.086315 0.219196 -0.004708 -0.098932 0.216901 0.004742 -0.099654 0.215527 -0.000022 -0.089872 0.220871 -0.004690 -0.098932 0.216901 -0.004742 -0.096702 0.213946 0.005523 -0.095461 0.212404 -0.000021 -0.096702 0.213946 -0.005523</float_array>
          <technique_common>
            <accessor source="#mesh_11-positions-array" count="212" stride="3">
              <param name="X" type="float"/>
              <param name="Y" type="float"/>
              <param name="Z" type="float"/>
            </accessor>
          </technique_common>
        </source>
        <source id="mesh_11-normals">
          <float_array id="mesh_11-normals-array" count="636">0.807345 -0.590080 0.000348 0.650170 -0.734194 0.195548 0.233240 -0.972419 0.000014 0.937693 0.146031 0.315288 0.999923 0.012416 0.000230 0.650274 -0.734168 -0.195299 0.937784 0.146112 -0.314981 0.617048 -0.606484 0.501427 0.345374 -0.569586 0.745847 -0.331785 -0.943217 -0.016114 -0.357502 -0.933912 0.000062 -0.294700 -0.945756 0.136741 -0.003912 -0.691569 0.722299 0.617045 -0.606489 -0.501424 0.345374 -0.569590 -0.745844 -0.331781 -0.943219 0.016094 -0.294695 -0.945758 -0.136739 -0.003906 -0.691573 -0.722296 0.884469 0.466599 0.000190 0.801994 0.471756 0.366403 0.563375 0.307991 0.766648 0.802101 0.471829 -0.366077 0.563375 0.307991 -0.766648 0.169697 0.205457 0.963842 -0.837645 -0.537645 0.096373 -0.937391 -0.348279 0.000152 -0.837667 -0.537639 -0.096217 -0.251744 -0.049235 0.966541 -0.780061 -0.455239 0.429257 -0.841128 -0.428018 -0.330612 0.169697 0.205457 -0.963842 -0.780061 -0.455239 -0.429257 -0.251744 -0.049235 -0.966541 -0.841128 -0.428018 0.330612 0.993850 0.110732 0.000384 0.920734 -0.011700 0.390015 0.520475 0.328933 0.787978 0.920853 -0.011684 -0.389734 0.520475 0.328933 -0.787978 0.170274 0.167991 0.970972 -0.965785 -0.151683 -0.210361 -0.994975 -0.100119 -0.000087 -0.965782 -0.151673 0.210383 -0.166884 0.049640 0.984726 -0.023732 -0.463094 0.885992 -0.677095 -0.531951 -0.508497 0.170274 0.167991 -0.970972 -0.023732 -0.463094 -0.885992 -0.166884 0.049640 -0.984726 -0.677095 -0.531952 0.508497 0.999983 0.005911 0.000214 0.943418 -0.052405 0.327439 0.575814 -0.209087 0.790393 0.943474 -0.052387 -0.327280 0.575814 -0.209087 -0.790393 0.242474 -0.289879 0.925838 -0.947246 -0.173001 -0.269807 -0.406233 -0.014573 -0.913653 -0.984281 -0.176608 -0.000163 -0.947271 -0.173032 0.269700 -0.406233 -0.014573 0.913653 0.034152 -0.298777 0.953712 0.137850 0.026661 0.990094 -0.085037 -0.974183 0.209132 -0.070025 -0.640462 0.764791 0.050479 -0.032244 0.998205 0.649987 0.239621 -0.721179 0.242474 -0.289879 -0.925838 0.137850 0.026661 -0.990094 0.034152 -0.298777 -0.953712 -0.070025 -0.640462 -0.764791 -0.085044 -0.974183 -0.209130 0.050477 -0.032264 -0.998204 0.650160 0.239715 0.720991 0.794857 0.606797 0.000182 0.646508 0.681686 0.342538 0.612211 -0.168966 0.772430 0.646546 0.681718 -0.342401 0.612211 -0.168966 -0.772430 0.207765 -0.317321 0.925279 -0.542095 0.755214 -0.368489 -0.246818 -0.037882 -0.968321 -0.761711 0.647916 -0.000222 -0.542151 0.755246 0.368342 -0.246818 -0.037882 0.968321 -0.065832 -0.222830 0.972632 -0.206467 0.215419 0.954445 0.005905 0.710075 0.704101 -0.231862 -0.487712 0.841652 -0.358621 -0.593453 0.720559 0.310919 -0.107816 0.944301 0.772847 -0.390570 0.500162 0.131606 0.283863 0.949790 -0.515030 -0.583704 0.627721 0.968752 0.248030 -0.000313 0.902526 -0.327982 -0.279060 -0.595463 0.803383 0.000028 -0.402939 0.544165 -0.735883 0.207765 -0.317321 -0.925279 -0.206467 0.215419 -0.954445 -0.065832 -0.222830 -0.972632 0.005905 0.710075 -0.704101 -0.358621 -0.593453 -0.720559 -0.231845 -0.487722 -0.841650 0.310947 -0.107917 -0.944281 0.772847 -0.390570 -0.500162 -0.515006 -0.583737 -0.627709 0.131606 0.283863 -0.949790 0.902557 -0.328023 0.278910 -0.402867 0.544206 0.735892 -0.083633 0.996497 0.000000 0.377208 0.758703 0.531115 0.190763 0.522314 0.831142 0.377201 0.758710 -0.531111 0.190763 0.522318 -0.831140 -0.171287 0.444658 0.879170 -0.116112 0.983970 -0.135359 0.065262 0.935682 0.346756 -0.644524 0.537787 -0.543483 -0.248989 0.890222 0.381457 0.065262 0.935682 -0.346756 -0.116111 0.983970 0.135359 -0.644524 0.537787 0.543483 -0.248979 0.890228 -0.381450 0.300815 0.626385 0.719133 0.410024 0.652619 0.637157 0.413256 0.395314 0.820333 0.275325 -0.594109 0.755798 0.495984 0.301182 0.814425 -0.852944 0.105229 0.511286 -0.086987 0.020739 0.995994 -0.875383 -0.299067 0.379821 -0.928857 0.112439 -0.352961 0.940900 -0.105399 0.321868 -0.293197 0.288600 0.911452 0.103159 0.009208 0.994622 -0.787048 -0.539575 0.299022 -0.976348 0.079618 -0.201009 -0.126383 -0.991982 -0.000176 0.117058 -0.913194 -0.390352 -0.926256 0.376895 0.000224 -0.718216 0.560249 0.412658 -0.892213 0.395239 0.218498 -0.902833 0.366082 -0.225557 -0.718143 0.560476 -0.412477 -0.892164 0.395431 -0.218352 -0.902820 0.366070 0.225631 -0.766105 0.328167 -0.552621 -0.171283 0.444665 -0.879167 0.300828 0.626384 -0.719129 0.410024 0.652619 -0.637157 -0.086987 0.020739 -0.995994 -0.852944 0.105229 -0.511287 0.275325 -0.594109 -0.755798 -0.875383 -0.299067 -0.379821 -0.928857 0.112439 0.352961 0.413256 0.395314 -0.820333 0.495984 0.301182 -0.814425 0.940900 -0.105399 -0.321868 -0.293197 0.288600 -0.911452 -0.787048 -0.539575 -0.299022 0.103159 0.009208 -0.994622 -0.976348 0.079618 0.201009 0.117212 -0.913197 0.390298 -0.766105 0.328167 0.552621 -0.801509 0.596695 0.039208 -0.614037 0.230754 -0.754792 -0.801509 0.596695 -0.039208 -0.614037 0.230754 0.754792 -0.480329 -0.455438 0.749573 -0.087231 -0.371978 0.924134 -0.891978 0.118932 0.436154 -0.777850 -0.476441 0.409822 -0.741473 -0.568066 0.357098 -0.912734 0.327555 0.244182 0.234598 -0.908229 0.346531 -0.122302 -0.950488 -0.285684 0.359189 -0.933265 -0.000212 -0.122459 -0.950522 0.285503 -0.800388 0.261182 0.539595 -0.897112 0.441802 -0.000851 -0.818798 0.089206 0.567108 -0.800453 0.261169 -0.539505 -0.818469 0.089818 -0.567487 -0.912734 0.327555 -0.244182 -0.777850 -0.476441 -0.409822 -0.891978 0.118932 -0.436155 -0.741473 -0.568066 -0.357098 -0.480330 -0.455439 -0.749573 -0.087231 -0.371978 -0.924134 0.234598 -0.908229 -0.346531 -0.660071 0.032115 0.750516 -0.077267 -0.908002 0.411779 -0.281078 -0.952661 -0.115900 0.685932 -0.727666 0.000028 -0.281078 -0.952661 0.115900 -0.077267 -0.908002 -0.411779 -0.771017 0.636813 -0.001380 -0.658977 0.031816 -0.751490 -0.138444 0.211663 0.967488 -0.015042 -0.046833 0.998790 0.617832 -0.654039 0.436481 0.237682 -0.971343 -0.000445 0.617828 -0.654037 -0.436491 -0.015042 -0.046833 -0.998789 -0.835927 -0.004728 0.548820 -0.964322 -0.264731 -0.000950 -0.137659 0.210892 -0.967768 -0.834933 -0.005045 -0.550329 -0.222762 -0.692635 0.686027 -0.523058 -0.852297 -0.000881 -0.222051 -0.692315 -0.686581</float_array>
          <technique_common>
            <accessor source="#mesh_11-normals-array" count="212" stride="3">
              <param name="X" type="float"/>
              <param name="Y" type="float"/>
              <param name="Z" type="float"/>
            </accessor>
          </technique_common>
        </source>
        <vertices id="mesh_11-vertices">
           <input semantic="POSITION" source="#mesh_11-positions"/>
        </vertices>
        <triangles count="424">
            <input semantic="VERTEX" source="#mesh_11-vertices" offset="0" />
            <input semantic="NORMAL" source="#mesh_11-normals" offset="0" />
          <p>0 1 2 3 1 0 3 0 4 2 5 0 0 5 6 4 0 6 1 7 2 7 1 3 7 8 2 9 10 2 2 11 9 12 11 2 2 8 12 2 13 5 2 14 13 2 10 15 15 16 2 2 16 17 17 14 2 18 19 3 18 3 4 20 3 19 7 3 20 4 6 18 6 5 13 6 21 18 21 6 22 22 6 13 8 7 20 8 20 23 12 8 23 10 9 24 11 24 9 10 24 25 26 15 10 25 26 10 27 28 11 27 11 12 11 28 29 11 29 24 12 23 27 22 13 14 30 22 14 30 14 17 15 26 16 16 31 32 17 16 32 33 31 16 26 33 16 32 30 17 34 19 18 18 21 34 34 35 19 36 19 35 20 19 36 23 20 36 21 37 34 37 21 38 38 21 22 38 22 30 23 36 39 27 23 39 40 25 24 40 24 29 25 40 41 41 42 25 26 25 42 33 26 42 27 39 43 43 28 27 43 44 28 29 28 45 28 44 45 40 29 45 46 38 30 46 30 32 31 47 48 32 31 48 49 31 33 49 47 31 48 46 32 49 33 42 50 35 34 34 37 50 50 51 35 52 35 51 36 35 52 39 36 52 37 53 50 53 37 54 54 37 38 54 38 46 39 52 55 43 39 55 41 40 56 40 57 56 40 45 57 41 56 58 59 42 41 58 59 41 59 60 42 60 49 42 43 55 61 61 44 43 61 62 44 63 44 64 65 64 44 65 44 62 44 63 45 57 45 66 66 45 63 67 54 46 67 46 48 47 68 69 48 47 69 70 47 71 47 70 72 68 47 72 49 71 47 69 67 48 73 49 60 71 49 73 74 51 50 50 53 74 74 75 51 76 51 75 52 51 76 55 52 76 53 77 74 77 53 78 78 53 54 78 54 67 55 76 79 61 55 79 58 56 80 56 57 81 56 81 80 66 81 57 58 80 82 83 59 58 82 83 58 84 60 59 83 84 59 60 84 73 61 79 85 85 62 61 85 86 62 87 65 62 87 62 86 88 89 63 88 63 90 63 64 65 63 65 90 63 89 91 63 91 66 65 92 93 65 93 90 87 92 65 94 66 95 66 94 96 66 96 97 91 95 66 66 97 81 98 78 67 98 67 69 68 99 100 69 68 100 68 72 101 99 68 101 100 98 69 72 70 71 71 102 103 104 71 103 104 72 71 105 102 71 73 105 71 106 107 72 104 106 72 72 107 101 108 73 94 96 94 73 109 96 73 73 108 105 84 109 73 75 74 110 110 74 77 76 75 111 111 75 110 112 79 76 112 76 111 113 77 78 110 77 113 78 98 114 113 78 114 115 85 79 115 79 112 116 117 80 80 118 116 80 97 118 97 80 81 82 80 110 80 119 110 117 119 80 110 83 82 83 120 121 121 122 83 122 109 83 84 83 109 110 123 83 83 123 120 115 86 85 119 87 86 115 119 86 119 117 87 87 124 92 124 87 125 125 87 117 126 127 88 127 89 88 88 90 124 128 88 124 126 88 128 129 130 89 127 131 89 89 130 91 89 132 129 89 131 132 90 93 124 95 91 133 134 133 91 134 91 130 124 135 92 135 93 92 135 136 93 136 137 93 93 137 124 94 95 138 138 108 94 138 95 139 95 133 139 140 141 96 96 141 142 96 142 143 143 97 96 96 144 140 145 144 96 146 145 96 96 109 146 143 147 97 97 147 118 98 100 148 114 98 148 100 99 148 99 101 123 99 123 148 101 120 123 107 149 101 150 101 149 120 101 150 102 151 152 103 102 153 102 154 153 105 151 102 152 155 102 155 154 102 103 153 156 149 104 103 149 103 157 157 103 156 149 106 104 158 105 108 105 158 159 151 105 159 106 160 161 107 106 161 106 162 160 149 162 106 107 161 149 163 108 138 163 158 108 109 164 146 122 164 109 112 111 110 115 112 110 119 115 110 110 113 114 110 114 148 110 148 123 117 116 125 126 125 116 165 126 116 165 116 166 116 147 166 147 116 118 150 121 120 121 150 156 121 156 167 168 121 167 168 164 121 122 121 164 124 137 135 124 125 128 126 128 125 126 169 127 169 126 165 127 169 170 131 127 170 134 130 129 129 171 172 129 172 173 129 173 134 171 129 174 132 174 129 131 170 165 131 165 166 147 132 131 147 131 166 143 132 147 174 132 142 142 132 143 134 175 133 133 175 139 134 173 175 135 137 136 138 139 176 138 176 177 178 163 138 177 178 138 139 175 176 179 141 140 140 180 181 140 181 179 140 144 182 183 180 140 182 183 140 179 142 141 179 174 142 144 145 182 145 184 182 145 155 184 146 155 145 164 155 146 161 162 149 157 150 149 150 157 156 152 151 159 185 186 152 187 185 152 159 187 152 184 152 186 152 184 155 153 188 156 189 188 153 189 153 154 167 189 154 168 167 154 154 155 164 168 154 164 167 156 188 158 190 159 163 190 158 190 187 159 160 162 161 178 190 163 169 165 170 189 167 188 181 171 174 191 172 171 191 171 181 192 193 172 192 172 191 193 173 172 193 175 173 181 174 179 176 175 193 176 193 192 176 192 194 177 176 194 194 178 177 195 190 178 196 195 178 194 196 178 180 197 191 180 191 181 198 197 180 183 198 180 182 184 183 184 186 183 183 186 198 186 185 198 185 195 196 198 185 196 185 187 195 187 190 195 197 199 191 200 192 191 200 191 199 201 194 192 201 192 200 194 201 202 202 203 194 196 194 203 198 196 204 204 196 203 197 205 199 206 205 197 207 208 197 198 207 197 197 208 206 207 198 204 201 200 199 201 199 209 205 209 199 202 201 209 202 209 210 211 203 202 210 211 202 207 204 203 211 207 203 210 209 205 210 205 206 206 208 210 207 211 208 208 211 210</p>
        </triangles>
      </mesh>
    </geometry>
    <geometry id="mesh_12" name="mesh_12">
      <mesh>
        <source id="mesh_12-positions">
          <float_array id="mesh_12-positions-array" count="636">-0.034864 0.259886 0.000024 -0.035641 0.260079 0.007987 -0.048872 0.258112 0.000003 -0.034792 0.264004 0.009581 -0.034194 0.261446 0.000026 -0.035641 0.260079 -0.007987 -0.034792 0.264004 -0.009581 -0.039933 0.260071 0.016272 -0.046741 0.259436 0.020303 -0.061297 0.255753 0.004802 -0.061465 0.256004 0.000003 -0.061701 0.255943 0.014136 -0.057436 0.257765 0.020412 -0.039933 0.260071 -0.016272 -0.046741 0.259436 -0.020303 -0.061297 0.255753 -0.004802 -0.061701 0.255943 -0.014136 -0.057436 0.257765 -0.020412 -0.035421 0.265679 0.000026 -0.036821 0.265964 0.010257 -0.040187 0.264168 0.017288 -0.036821 0.265964 -0.010257 -0.040187 0.264168 -0.017288 -0.048426 0.263919 0.020998 -0.065602 0.258481 0.004942 -0.065551 0.258366 0.000003 -0.065602 0.258481 -0.004942 -0.059369 0.262609 0.021147 -0.064763 0.256158 0.015875 -0.066735 0.259718 0.009393 -0.048426 0.263919 -0.020998 -0.064763 0.256158 -0.015875 -0.059369 0.262609 -0.021147 -0.066735 0.259718 -0.009393 -0.036324 0.274739 0.000029 -0.037632 0.273600 0.009900 -0.042434 0.266632 0.016856 -0.037632 0.273600 -0.009899 -0.042434 0.266632 -0.016856 -0.049034 0.267843 0.019102 -0.066228 0.265249 0.006337 -0.065726 0.265321 0.000005 -0.066228 0.265249 -0.006337 -0.059697 0.266061 0.020014 -0.064878 0.264108 0.018925 -0.068189 0.265602 0.009692 -0.049034 0.267843 -0.019102 -0.064878 0.264108 -0.018925 -0.059697 0.266061 -0.020014 -0.068189 0.265602 -0.009692 -0.036215 0.278366 0.000030 -0.036801 0.277949 0.010950 -0.043667 0.273580 0.017504 -0.036801 0.277949 -0.010950 -0.043667 0.273580 -0.017504 -0.048699 0.273280 0.019190 -0.068574 0.274407 0.006548 -0.070642 0.274635 0.010134 -0.067843 0.274565 0.000007 -0.068574 0.274407 -0.006548 -0.070642 0.274635 -0.010134 -0.059075 0.272773 0.020158 -0.064047 0.273271 0.020550 -0.071056 0.263199 0.017049 -0.068473 0.266005 0.020902 -0.070688 0.272571 0.024994 -0.076918 0.266482 0.003720 -0.048699 0.273280 -0.019190 -0.064047 0.273271 -0.020550 -0.059075 0.272773 -0.020158 -0.068473 0.266005 -0.020902 -0.071056 0.263199 -0.017049 -0.070688 0.272571 -0.024994 -0.076918 0.266482 -0.003720 -0.036845 0.282359 0.000031 -0.037672 0.282071 0.011151 -0.042085 0.277154 0.018528 -0.037672 0.282071 -0.011151 -0.042085 0.277154 -0.018528 -0.048299 0.276165 0.021218 -0.069894 0.280907 0.008348 -0.070484 0.279288 0.010881 -0.068101 0.280213 0.000009 -0.069894 0.280907 -0.008348 -0.070484 0.279288 -0.010881 -0.057282 0.276831 0.022241 -0.065542 0.277137 0.019859 -0.072111 0.277736 0.019906 -0.080577 0.269466 0.023072 -0.078275 0.265859 0.017146 -0.074670 0.260652 0.024679 -0.072789 0.260606 0.010508 -0.075040 0.269006 0.023736 -0.075977 0.262494 0.021578 -0.076934 0.261484 0.000004 -0.075026 0.252844 0.005103 -0.085768 0.266672 0.000005 -0.079861 0.271637 0.007700 -0.048299 0.276165 -0.021218 -0.065542 0.277137 -0.019859 -0.057282 0.276831 -0.022241 -0.072111 0.277736 -0.019906 -0.078275 0.265859 -0.017146 -0.080577 0.269466 -0.023072 -0.074670 0.260652 -0.024679 -0.072789 0.260606 -0.010508 -0.075977 0.262494 -0.021578 -0.075040 0.269006 -0.023736 -0.075026 0.252844 -0.005103 -0.079861 0.271637 -0.007700 -0.052473 0.281286 0.000009 -0.042781 0.281480 0.018784 -0.049918 0.281086 0.022243 -0.042781 0.281480 -0.018784 -0.049918 0.281086 -0.022243 -0.059077 0.279968 0.022379 -0.079726 0.279966 0.015963 -0.072007 0.279398 0.014072 -0.079181 0.277578 0.010040 -0.067905 0.280621 0.017079 -0.072007 0.279398 -0.014072 -0.079726 0.279966 -0.015963 -0.079181 0.277578 -0.010040 -0.067905 0.280621 -0.017079 -0.077995 0.273651 0.021186 -0.077357 0.276541 0.018352 -0.092885 0.277831 0.034704 -0.086084 0.270235 0.021043 -0.081127 0.274729 0.021225 -0.084608 0.257912 0.012613 -0.080352 0.259791 0.015440 -0.092406 0.269029 0.025270 -0.084037 0.268052 0.012650 -0.073090 0.258708 0.011971 -0.083985 0.254334 0.017007 -0.078975 0.268877 0.026253 -0.080357 0.266743 0.023941 -0.082213 0.272937 0.024279 -0.078316 0.257108 0.000003 -0.074631 0.251965 0.006687 -0.091149 0.256859 0.000004 -0.086447 0.263396 0.004946 -0.082401 0.262881 0.008282 -0.082856 0.266729 0.010379 -0.086447 0.263396 -0.004946 -0.082401 0.262881 -0.008282 -0.082856 0.266729 -0.010379 -0.081018 0.271980 0.011325 -0.059077 0.279968 -0.022379 -0.077995 0.273651 -0.021186 -0.077357 0.276541 -0.018352 -0.080352 0.259791 -0.015440 -0.084608 0.257912 -0.012613 -0.086084 0.270235 -0.021043 -0.092406 0.269029 -0.025270 -0.084037 0.268052 -0.012650 -0.092885 0.277831 -0.034704 -0.081127 0.274729 -0.021225 -0.073090 0.258708 -0.011971 -0.083985 0.254334 -0.017007 -0.080357 0.266743 -0.023941 -0.078975 0.268877 -0.026253 -0.082213 0.272937 -0.024279 -0.074631 0.251965 -0.006687 -0.081018 0.271980 -0.011325 -0.098177 0.274427 0.029089 -0.085199 0.273158 0.013891 -0.098177 0.274427 -0.029089 -0.085199 0.273158 -0.013891 -0.096171 0.273318 0.038453 -0.097724 0.271095 0.029880 -0.086728 0.255152 0.010239 -0.086416 0.251143 0.009688 -0.083193 0.248508 0.016765 -0.084693 0.259761 0.008830 -0.075563 0.249845 0.013289 -0.077405 0.254472 0.005318 -0.080376 0.252216 0.000001 -0.077405 0.254472 -0.005318 -0.089850 0.259237 0.004177 -0.094940 0.251397 -0.000016 -0.089035 0.255315 0.004063 -0.089850 0.259237 -0.004177 -0.089035 0.255315 -0.004063 -0.084693 0.259761 -0.008830 -0.086416 0.251143 -0.009688 -0.086728 0.255152 -0.010239 -0.083193 0.248508 -0.016765 -0.096171 0.273318 -0.038453 -0.097724 0.271095 -0.029880 -0.075563 0.249845 -0.013289 -0.088753 0.251507 0.004239 -0.087544 0.249744 0.004970 -0.082241 0.249133 0.007621 -0.086845 0.245420 -0.000000 -0.082241 0.249133 -0.007621 -0.087544 0.249744 -0.004970 -0.100866 0.243949 -0.000020 -0.088753 0.251507 -0.004239 -0.092957 0.244566 0.004612 -0.089470 0.242894 0.004629 -0.092634 0.236724 0.003595 -0.094380 0.235970 -0.000003 -0.092634 0.236724 -0.003595 -0.089470 0.242894 -0.004629 -0.101891 0.240727 0.004663 -0.102610 0.239381 -0.000022 -0.092957 0.244566 -0.004612 -0.101891 0.240727 -0.004663 -0.099717 0.237806 0.005430 -0.098507 0.236281 -0.000021 -0.099717 0.237806 -0.005430</float_array>
          <technique_common>
            <accessor source="#mesh_12-positions-array" count="212" stride="3">
              <param name="X" type="float"/>
              <param name="Y" type="float"/>
              <param name="Z" type="float"/>
            </accessor>
          </technique_common>
        </source>
        <source id="mesh_12-normals">
          <float_array id="mesh_12-normals-array" count="636">0.774555 -0.632507 0.000336 0.606965 -0.772588 0.186283 0.164198 -0.986427 0.000014 0.953678 0.072981 0.291843 0.998234 -0.059410 0.000228 0.607062 -0.772568 -0.186052 0.953760 0.073079 -0.291550 0.592659 -0.644676 0.482854 0.320662 -0.593295 0.738361 -0.190541 -0.981546 -0.016166 -0.307678 -0.951491 -0.000015 -0.242413 -0.955405 0.168632 -0.060504 -0.690055 0.721223 0.592656 -0.644681 -0.482851 0.320662 -0.593299 -0.738358 -0.190537 -0.981547 0.016138 -0.242407 -0.955407 -0.168630 -0.060498 -0.690059 -0.721220 0.926067 0.377360 0.000171 0.850585 0.397588 0.344136 0.619635 0.255706 0.742070 0.850675 0.397664 -0.343825 0.619635 0.255706 -0.742070 0.202946 0.190774 0.960426 -0.769035 -0.638077 -0.037986 -0.930517 -0.366247 -0.000022 -0.769035 -0.638077 0.037982 -0.242533 -0.077990 0.967003 -0.652906 -0.532865 0.538301 -0.848980 -0.486521 -0.206229 0.202946 0.190774 -0.960426 -0.652906 -0.532865 -0.538301 -0.242533 -0.077990 -0.967003 -0.848980 -0.486521 0.206229 0.998165 0.060557 0.000368 0.923576 -0.037351 0.381593 0.567665 0.305372 0.764529 0.923701 -0.037341 -0.381290 0.567671 0.305389 -0.764518 0.186346 0.191674 0.963606 -0.951630 -0.147385 -0.269587 -0.986175 -0.165710 -0.000082 -0.951639 -0.147394 0.269551 -0.148658 0.006202 0.988869 -0.035875 -0.502199 0.864008 -0.665927 -0.605415 -0.435906 0.186346 0.191674 -0.963606 -0.035875 -0.502199 -0.864008 -0.148658 0.006202 -0.988869 -0.665927 -0.605415 0.435906 0.999702 -0.024397 0.000216 0.941332 -0.081020 0.327613 0.575360 -0.200865 0.792852 0.941392 -0.081028 -0.327439 0.575373 -0.200886 -0.792837 0.230755 -0.282564 0.931080 -0.952059 -0.144225 -0.269783 -0.409252 -0.004038 -0.912412 -0.989176 -0.146732 -0.000155 -0.952083 -0.144250 0.269685 -0.409252 -0.004038 0.912412 0.024176 -0.299712 0.953723 0.138630 0.022339 0.990092 0.056136 -0.978951 0.196222 -0.091143 -0.637990 0.764632 0.033647 -0.073378 0.996737 0.650358 0.224656 -0.725647 0.230755 -0.282564 -0.931080 0.138630 0.022339 -0.990092 0.024176 -0.299712 -0.953723 -0.091143 -0.637990 -0.764632 0.056136 -0.978951 -0.196222 0.033647 -0.073378 -0.996737 0.650536 0.224769 0.725452 0.813165 0.582033 0.000184 0.667696 0.661200 0.342047 0.606429 -0.187540 0.772705 0.667736 0.661232 -0.341909 0.606429 -0.187540 -0.772705 0.197128 -0.323520 0.925460 -0.583563 0.742546 -0.328756 -0.241824 -0.018722 -0.970139 -0.740757 0.671773 -0.000229 -0.583617 0.742563 0.328620 -0.241824 -0.018722 0.970139 -0.073214 -0.220703 0.972589 -0.199232 0.221653 0.954556 -0.184234 0.687640 0.702288 -0.114349 -0.575307 0.809905 -0.214687 -0.638594 0.738991 0.483215 -0.116854 0.867669 0.876258 -0.163482 0.453261 0.053399 0.218584 0.974356 -0.439291 -0.658889 0.610646 0.975860 0.218395 -0.000332 0.874904 -0.232991 -0.424569 -0.616818 0.787106 0.000034 -0.487485 0.492620 -0.720891 0.197128 -0.323520 -0.925460 -0.199232 0.221653 -0.954556 -0.073214 -0.220703 -0.972589 -0.184234 0.687640 -0.702288 -0.214687 -0.638594 -0.738991 -0.114350 -0.575307 -0.809905 0.483215 -0.116854 -0.867669 0.876258 -0.163482 -0.453261 -0.439291 -0.658889 -0.610646 0.053399 0.218584 -0.974356 0.874945 -0.233094 0.424427 -0.487404 0.492669 0.720913 -0.050420 0.998728 0.000000 0.401768 0.746374 0.530573 0.207970 0.516221 0.830822 0.401762 0.746381 -0.530568 0.207970 0.516225 -0.830819 -0.156418 0.449871 0.879290 -0.297516 0.949204 -0.102454 -0.152401 0.924608 0.349104 -0.716784 0.487365 -0.498694 -0.219430 0.897892 0.381628 -0.152401 0.924608 -0.349104 -0.297516 0.949204 0.102454 -0.716784 0.487365 0.498694 -0.219420 0.897898 -0.381620 0.217268 0.633589 0.742536 0.213178 0.673794 0.707500 0.450525 0.358468 0.817636 0.326495 -0.650475 0.685772 0.504754 0.265675 0.821365 -0.852033 0.113489 0.511038 -0.022810 -0.003385 0.999734 -0.670970 -0.674431 -0.308127 -0.945999 0.087926 -0.312018 0.924283 0.029196 0.380590 -0.024021 0.225628 0.973917 0.103207 0.008567 0.994623 -0.790697 -0.534274 0.298915 -0.975779 0.086029 -0.201131 0.217025 -0.976166 -0.000136 0.097259 -0.916089 -0.389001 -0.916872 0.399182 0.000207 -0.691203 0.625280 0.362304 -0.871330 0.447569 0.201160 -0.933486 0.284763 -0.217976 -0.691112 0.625475 -0.362139 -0.871280 0.447743 -0.200993 -0.933469 0.284760 0.218055 -0.814983 0.239325 -0.527756 -0.156414 0.449877 -0.879287 0.217268 0.633589 -0.742536 0.213178 0.673794 -0.707500 -0.022810 -0.003385 -0.999734 -0.852033 0.113489 -0.511038 0.326495 -0.650475 -0.685772 -0.670969 -0.674431 0.308127 -0.945999 0.087926 0.312018 0.450525 0.358468 -0.817636 0.504754 0.265675 -0.821365 0.924283 0.029196 -0.380590 -0.024021 0.225628 -0.973917 -0.790697 -0.534274 -0.298915 0.103207 0.008567 -0.994623 -0.975779 0.086029 0.201131 0.097410 -0.916095 0.388950 -0.814983 0.239325 0.527756 -0.880975 0.330403 -0.338699 -0.656098 0.042359 -0.753486 -0.880975 0.330403 0.338699 -0.656098 0.042359 0.753486 -0.486483 -0.365937 0.793363 -0.512014 -0.814266 0.273517 -0.891136 0.124814 0.436231 -0.781070 -0.471183 0.409775 -0.621750 -0.662943 0.417054 -0.905947 0.339342 0.253193 0.557019 -0.779747 0.285876 0.313061 -0.892459 -0.324823 0.834055 -0.551681 -0.000080 0.313022 -0.892519 0.324697 -0.798606 0.266511 0.539630 -0.894153 0.447760 -0.000882 -0.818180 0.094592 0.567128 -0.798672 0.266498 -0.539539 -0.817840 0.095212 -0.567514 -0.905947 0.339342 -0.253193 -0.781070 -0.471183 -0.409775 -0.891136 0.124814 -0.436231 -0.621750 -0.662943 -0.417054 -0.486483 -0.365937 -0.793363 -0.512014 -0.814266 -0.273517 0.557019 -0.779747 -0.285876 -0.659834 0.036440 0.750527 0.106894 -0.942203 0.317532 0.052304 -0.964314 -0.259545 0.741623 -0.670817 0.000038 0.052304 -0.964314 0.259545 0.106894 -0.942203 -0.317532 -0.766661 0.642051 -0.001367 -0.658742 0.036115 -0.751502 -0.136856 0.212505 0.967529 -0.015697 -0.046649 0.998788 0.613291 -0.658310 0.436466 0.230862 -0.972986 -0.000453 0.613287 -0.658307 -0.436476 -0.015697 -0.046649 -0.998788 -0.835863 0.000821 0.548938 -0.966085 -0.258221 -0.000965 -0.136102 0.211753 -0.967800 -0.834879 0.000521 -0.550434 -0.227572 -0.691110 0.685987 -0.528873 -0.848701 -0.000896 -0.226847 -0.690789 -0.686550</float_array>
          <technique_common>
            <accessor source="#mesh_12-normals-array" count="212" stride="3">
              <param name="X" type="float"/>
              <param name="Y" type="float"/>
              <param name="Z" type="float"/>
            </accessor>
          </technique_common>
        </source>
        <vertices id="mesh_12-vertices">
           <input semantic="POSITION" source="#mesh_12-positions"/>
        </vertices>
        <triangles count="424">
            <input semantic="VERTEX" source="#mesh_12-vertices" offset="0" />
            <input semantic="NORMAL" source="#mesh_12-normals" offset="0" />
          <p>0 1 2 3 1 0 3 0 4 2 5 0 0 5 6 4 0 6 1 7 2 7 1 3 7 8 2 9 10 2 2 11 9 12 11 2 2 8 12 2 13 5 2 14 13 2 10 15 15 16 2 2 16 17 17 14 2 18 19 3 18 3 4 20 3 19 7 3 20 4 6 18 6 5 13 6 21 18 21 6 22 22 6 13 8 7 20 8 20 23 12 8 23 10 9 24 11 24 9 10 24 25 26 15 10 25 26 10 27 28 11 27 11 12 11 28 29 11 29 24 12 23 27 22 13 14 30 22 14 30 14 17 15 26 16 16 31 32 17 16 32 33 31 16 26 33 16 32 30 17 34 19 18 18 21 34 34 35 19 36 19 35 20 19 36 23 20 36 21 37 34 37 21 38 38 21 22 38 22 30 23 36 39 27 23 39 40 25 24 40 24 29 25 40 41 41 42 25 26 25 42 33 26 42 27 39 43 43 28 27 43 44 28 29 28 45 28 44 45 40 29 45 46 38 30 46 30 32 31 47 48 32 31 48 49 31 33 49 47 31 48 46 32 49 33 42 50 35 34 34 37 50 50 51 35 52 35 51 36 35 52 39 36 52 37 53 50 53 37 54 54 37 38 54 38 46 39 52 55 43 39 55 41 40 56 40 57 56 40 45 57 41 56 58 59 42 41 58 59 41 59 60 42 60 49 42 43 55 61 61 44 43 61 62 44 63 44 64 65 64 44 65 44 62 44 63 45 57 45 66 66 45 63 67 54 46 67 46 48 47 68 69 48 47 69 70 47 71 47 70 72 68 47 72 49 71 47 69 67 48 73 49 60 71 49 73 74 51 50 50 53 74 74 75 51 76 51 75 52 51 76 55 52 76 53 77 74 77 53 78 78 53 54 78 54 67 55 76 79 61 55 79 58 56 80 56 57 81 56 81 80 66 81 57 58 80 82 83 59 58 82 83 58 84 60 59 83 84 59 60 84 73 61 79 85 85 62 61 85 86 62 87 65 62 87 62 86 88 89 63 88 63 90 63 64 65 63 65 90 63 89 91 63 91 66 65 92 93 65 93 90 87 92 65 94 66 95 66 94 96 66 96 97 91 95 66 66 97 81 98 78 67 98 67 69 68 99 100 69 68 100 68 72 101 99 68 101 100 98 69 72 70 71 71 102 103 104 71 103 104 72 71 105 102 71 73 105 71 106 107 72 104 106 72 72 107 101 108 73 94 96 94 73 109 96 73 73 108 105 84 109 73 75 74 110 110 74 77 76 75 111 111 75 110 112 79 76 112 76 111 113 77 78 110 77 113 78 98 114 113 78 114 115 85 79 115 79 112 116 117 80 80 118 116 80 97 118 97 80 81 82 80 110 80 119 110 117 119 80 110 83 82 83 120 121 121 122 83 122 109 83 84 83 109 110 123 83 83 123 120 115 86 85 119 87 86 115 119 86 119 117 87 87 124 92 124 87 125 125 87 117 126 127 88 127 89 88 88 90 124 128 88 124 126 88 128 129 130 89 127 131 89 89 130 91 89 132 129 89 131 132 90 93 124 95 91 133 134 133 91 134 91 130 124 135 92 135 93 92 135 136 93 136 137 93 93 137 124 94 95 138 138 108 94 138 95 139 95 133 139 140 141 96 96 141 142 96 142 143 143 97 96 96 144 140 145 144 96 146 145 96 96 109 146 143 147 97 97 147 118 98 100 148 114 98 148 100 99 148 99 101 123 99 123 148 101 120 123 107 149 101 150 101 149 120 101 150 102 151 152 103 102 153 102 154 153 105 151 102 152 155 102 155 154 102 103 153 156 149 104 103 149 103 157 157 103 156 149 106 104 158 105 108 105 158 159 151 105 159 106 160 161 107 106 161 106 162 160 149 162 106 107 161 149 163 108 138 163 158 108 109 164 146 122 164 109 112 111 110 115 112 110 119 115 110 110 113 114 110 114 148 110 148 123 117 116 125 126 125 116 165 126 116 165 116 166 116 147 166 147 116 118 150 121 120 121 150 156 121 156 167 168 121 167 168 164 121 122 121 164 124 137 135 124 125 128 126 128 125 126 169 127 169 126 165 127 169 170 131 127 170 134 130 129 129 171 172 129 172 173 129 173 134 171 129 174 132 174 129 131 170 165 131 165 166 147 132 131 147 131 166 143 132 147 174 132 142 142 132 143 134 175 133 133 175 139 134 173 175 135 137 136 138 139 176 138 176 177 178 163 138 177 178 138 139 175 176 179 141 140 140 180 181 140 181 179 140 144 182 183 180 140 182 183 140 179 142 141 179 174 142 144 145 182 145 184 182 145 155 184 146 155 145 164 155 146 161 162 149 157 150 149 150 157 156 152 151 159 185 186 152 187 185 152 159 187 152 184 152 186 152 184 155 153 188 156 189 188 153 189 153 154 167 189 154 168 167 154 154 155 164 168 154 164 167 156 188 158 190 159 163 190 158 190 187 159 160 162 161 178 190 163 169 165 170 189 167 188 181 171 174 191 172 171 191 171 181 192 193 172 192 172 191 193 173 172 193 175 173 181 174 179 176 175 193 176 193 192 176 192 194 177 176 194 194 178 177 195 190 178 196 195 178 194 196 178 180 197 191 180 191 181 198 197 180 183 198 180 182 184 183 184 186 183 183 186 198 186 185 198 185 195 196 198 185 196 185 187 195 187 190 195 197 199 191 200 192 191 200 191 199 201 194 192 201 192 200 194 201 202 202 203 194 196 194 203 198 196 204 204 196 203 197 205 199 206 205 197 207 208 197 198 207 197 197 208 206 207 198 204 201 200 199 201 199 209 205 209 199 202 201 209 202 209 210 211 203 202 210 211 202 207 204 203 211 207 203 210 209 205 210 205 206 206 208 210 207 211 208 208 211 210</p>
        </triangles>
      </mesh>
    </geometry>
    <geometry id="mesh_13" name="mesh_13">
      <mesh>
        <source id="mesh_13-positions">
          <float_array id="mesh_13-positions-array" count="636">-0.038279 0.285732 0.000023 -0.039007 0.285977 0.007643 -0.051775 0.285146 0.000003 -0.037915 0.289653 0.009168 -0.037528 0.287166 0.000025 -0.039007 0.285977 -0.007643 -0.037915 0.289653 -0.009168 -0.043103 0.286308 0.015572 -0.049646 0.286241 0.019429 -0.063802 0.283878 0.004596 -0.063945 0.284130 0.000003 -0.064174 0.284091 0.013528 -0.059973 0.285491 0.019533 -0.043103 0.286308 -0.015572 -0.049646 0.286241 -0.019429 -0.063802 0.283878 -0.004596 -0.064174 0.284091 -0.013528 -0.059973 0.285491 -0.019533 -0.038395 0.291299 0.000025 -0.039712 0.291682 0.009816 -0.043053 0.290235 0.016543 -0.039712 0.291682 -0.009816 -0.043053 0.290235 -0.016543 -0.050933 0.290649 0.020094 -0.067715 0.286820 0.004730 -0.067675 0.286706 0.000003 -0.067715 0.286820 -0.004730 -0.061470 0.290264 0.020237 -0.067081 0.284538 0.015192 -0.068708 0.288088 0.008989 -0.050933 0.290649 -0.020094 -0.067081 0.284538 -0.015192 -0.061470 0.290264 -0.020237 -0.068708 0.288088 -0.008989 -0.038608 0.300011 0.000028 -0.039938 0.299028 0.009473 -0.045020 0.292763 0.016131 -0.039938 0.299028 -0.009473 -0.045020 0.292763 -0.016131 -0.051232 0.294438 0.018280 -0.067828 0.293323 0.006064 -0.067343 0.293353 0.000005 -0.067828 0.293323 -0.006064 -0.061537 0.293581 0.019153 -0.066621 0.292128 0.018110 -0.069674 0.293815 0.009275 -0.051232 0.294438 -0.018280 -0.066621 0.292128 -0.018110 -0.061537 0.293581 -0.019153 -0.069674 0.293815 -0.009275 -0.038244 0.303462 0.000029 -0.038834 0.303111 0.010479 -0.045699 0.299486 0.016751 -0.038834 0.303111 -0.010479 -0.045699 0.299486 -0.016751 -0.050523 0.299597 0.018364 -0.069411 0.302242 0.006267 -0.071367 0.302622 0.009698 -0.068701 0.302335 0.000007 -0.069411 0.302242 -0.006267 -0.071367 0.302622 -0.009698 -0.060462 0.299934 0.019291 -0.065171 0.300801 0.019666 -0.072582 0.291750 0.016315 -0.069916 0.294221 0.020003 -0.071559 0.300658 0.023918 -0.077941 0.295343 0.003560 -0.050523 0.299597 -0.018364 -0.065171 0.300801 -0.019666 -0.060462 0.299934 -0.019291 -0.069916 0.294221 -0.020003 -0.072582 0.291750 -0.016315 -0.071559 0.300658 -0.023918 -0.077941 0.295343 -0.003560 -0.038559 0.307319 0.000029 -0.039369 0.307110 0.010672 -0.043933 0.302769 0.017731 -0.039369 0.307110 -0.010672 -0.043933 0.302769 -0.017731 -0.049935 0.302317 0.020305 -0.070204 0.308545 0.007989 -0.070883 0.307048 0.010413 -0.068542 0.307742 0.000009 -0.070204 0.308545 -0.007989 -0.070883 0.307048 -0.010413 -0.058460 0.303661 0.021284 -0.066321 0.304606 0.019004 -0.072547 0.305696 0.019049 -0.081220 0.298478 0.022079 -0.079281 0.294856 0.016409 -0.076214 0.289606 0.023617 -0.074422 0.289414 0.010056 -0.075968 0.297602 0.022714 -0.077329 0.291466 0.020649 -0.078314 0.290578 0.000003 -0.081071 0.280025 0.004883 -0.086374 0.296223 0.000005 -0.080380 0.300492 0.007369 -0.049935 0.302317 -0.020305 -0.066321 0.304606 -0.019004 -0.058460 0.303661 -0.021284 -0.072547 0.305696 -0.019049 -0.079281 0.294856 -0.016409 -0.081220 0.298478 -0.022079 -0.076214 0.289606 -0.023617 -0.074422 0.289414 -0.010056 -0.077329 0.291466 -0.020649 -0.075968 0.297602 -0.022714 -0.081071 0.280025 -0.004883 -0.080380 0.300492 -0.007369 -0.053551 0.307530 0.000009 -0.044288 0.306950 0.017976 -0.051127 0.307138 0.021286 -0.044288 0.306950 -0.017976 -0.051127 0.307138 -0.021286 -0.059948 0.306795 0.021416 -0.079654 0.308424 0.015276 -0.072329 0.307272 0.013466 -0.079305 0.306104 0.009608 -0.068326 0.308115 0.016344 -0.072329 0.307272 -0.013466 -0.079654 0.308424 -0.015276 -0.079305 0.306104 -0.009608 -0.068326 0.308115 -0.016344 -0.078455 0.302266 0.020274 -0.077639 0.304971 0.017562 -0.092366 0.307427 0.033211 -0.086420 0.299647 0.020137 -0.081367 0.303540 0.020312 -0.089853 0.285615 0.012070 -0.085656 0.287071 0.014776 -0.092540 0.298996 0.024182 -0.084623 0.297403 0.012105 -0.074845 0.287627 0.011456 -0.089515 0.282154 0.016275 -0.079733 0.297790 0.025123 -0.081205 0.295864 0.022911 -0.082532 0.301917 0.023234 -0.083905 0.284351 0.000003 -0.080758 0.279156 0.006399 -0.096171 0.285127 0.000004 -0.087257 0.293153 0.004733 -0.083432 0.292342 0.007925 -0.083591 0.296048 0.009933 -0.087257 0.293153 -0.004733 -0.083432 0.292342 -0.007925 -0.083591 0.296048 -0.009933 -0.081460 0.300910 0.010838 -0.059948 0.306795 -0.021416 -0.078455 0.302266 -0.020274 -0.077639 0.304971 -0.017562 -0.085656 0.287071 -0.014776 -0.089853 0.285615 -0.012070 -0.086420 0.299647 -0.020137 -0.092540 0.298996 -0.024182 -0.084623 0.297403 -0.012105 -0.092366 0.307427 -0.033211 -0.081367 0.303540 -0.020312 -0.074845 0.287627 -0.011456 -0.089515 0.282154 -0.016275 -0.081205 0.295864 -0.022911 -0.079733 0.297790 -0.025123 -0.082532 0.301917 -0.023234 -0.080758 0.279156 -0.006399 -0.081460 0.300910 -0.010838 -0.097661 0.304599 0.027837 -0.085366 0.302364 0.013293 -0.097661 0.304599 -0.027837 -0.085366 0.302364 -0.013293 -0.095825 0.303383 0.036798 -0.097467 0.301386 0.028594 -0.092074 0.283150 0.009798 -0.092064 0.279302 0.009271 -0.089177 0.276535 0.016043 -0.089802 0.287385 0.008450 -0.081799 0.277207 0.012717 -0.083225 0.281766 0.005089 -0.086222 0.279849 0.000001 -0.083225 0.281766 -0.005089 -0.094760 0.287293 0.003997 -0.102400 0.274463 -0.000015 -0.094264 0.283488 0.003889 -0.094760 0.287293 -0.003997 -0.094264 0.283488 -0.003889 -0.089802 0.287385 -0.008450 -0.092064 0.279302 -0.009271 -0.092074 0.283150 -0.009798 -0.089177 0.276535 -0.016043 -0.095825 0.303383 -0.036798 -0.097467 0.301386 -0.028594 -0.081799 0.277207 -0.012717 -0.094268 0.279834 0.004057 -0.093240 0.278057 0.004756 -0.088223 0.277056 0.007293 -0.092883 0.273878 -0.000000 -0.088223 0.277056 -0.007293 -0.093240 0.278057 -0.004756 -0.108590 0.267828 -0.000019 -0.094268 0.279834 -0.004057 -0.100998 0.267792 0.004413 -0.095570 0.271677 0.004430 -0.101252 0.260288 0.003440 -0.102972 0.259706 -0.000003 -0.101252 0.260288 -0.003440 -0.095570 0.271677 -0.004430 -0.109799 0.264837 0.004462 -0.110581 0.263610 -0.000021 -0.100998 0.267792 -0.004413 -0.109799 0.264837 -0.004462 -0.107933 0.261879 0.005196 -0.106888 0.260329 -0.000020 -0.107933 0.261879 -0.005196</float_array>
          <technique_common>
            <accessor source="#mesh_13-positions-array" count="212" stride="3">
              <param name="X" type="float"/>
              <param name="Y" type="float"/>
              <param name="Z" type="float"/>
            </accessor>
          </technique_common>
        </source>
        <source id="mesh_13-normals">
          <float_array id="mesh_13-normals-array" count="636">0.722835 -0.691020 0.000339 0.543507 -0.818305 0.187022 0.082284 -0.996609 0.000014 0.956433 0.000212 0.291953 0.990835 -0.135074 0.000231 0.543605 -0.818293 -0.186790 0.956523 0.000307 -0.291658 0.539234 -0.688891 0.484413 0.270984 -0.616409 0.739329 -0.269543 -0.962855 -0.016047 -0.383513 -0.923535 -0.000016 -0.318747 -0.932736 0.168538 -0.116724 -0.683537 0.720522 0.539230 -0.688896 -0.484410 0.270983 -0.616413 -0.739326 -0.269539 -0.962856 0.016018 -0.318741 -0.932738 -0.168536 -0.116718 -0.683542 -0.720519 0.952035 0.305988 0.000172 0.878674 0.331629 0.343444 0.637905 0.207819 0.741545 0.878776 0.331683 -0.343132 0.637905 0.207819 -0.741545 0.217881 0.174794 0.960195 -0.816550 -0.576026 -0.037959 -0.955787 -0.294060 -0.000023 -0.816550 -0.576026 0.037954 -0.247889 -0.059692 0.966948 -0.692541 -0.481037 0.537578 -0.883889 -0.419994 -0.205782 0.217881 0.174794 -0.960195 -0.692541 -0.481037 -0.537578 -0.247889 -0.059692 -0.966948 -0.883889 -0.419994 0.205782 0.999896 -0.014399 0.000376 0.918071 -0.106610 0.381812 0.590260 0.261305 0.763749 0.918191 -0.106605 -0.381525 0.590260 0.261305 -0.763749 0.201399 0.177117 0.963363 -0.960059 -0.075645 -0.269378 -0.995827 -0.091263 -0.000086 -0.960069 -0.075653 0.269340 -0.147796 0.017345 0.988866 -0.076987 -0.498073 0.863711 -0.711167 -0.552633 -0.434555 0.201399 0.177117 -0.963363 -0.076988 -0.498073 -0.863711 -0.147796 0.017345 -0.988866 -0.711167 -0.552633 0.434555 0.995051 -0.099363 0.000220 0.932349 -0.151905 0.328100 0.557514 -0.243873 0.793539 0.932407 -0.151898 -0.327938 0.557514 -0.243873 -0.793539 0.206757 -0.299313 0.931485 -0.960205 -0.072379 -0.269755 -0.408426 0.026735 -0.912400 -0.997397 -0.072100 -0.000162 -0.960232 -0.072403 0.269652 -0.408426 0.026735 0.912400 -0.000660 -0.300762 0.953699 0.139919 0.011612 0.990095 -0.023838 -0.980307 0.196033 -0.143084 -0.628948 0.764167 0.027466 -0.075612 0.996759 0.674604 0.115273 -0.729124 0.206757 -0.299313 -0.931485 0.139919 0.011612 -0.990095 -0.000660 -0.300762 -0.953699 -0.143085 -0.628948 -0.764167 -0.023838 -0.980307 -0.196033 0.027466 -0.075613 -0.996759 0.674766 0.115331 0.728965 0.855436 0.517908 0.000182 0.717488 0.607434 0.340932 0.589425 -0.233001 0.773491 0.717529 0.607462 -0.340797 0.589425 -0.233001 -0.773491 0.169850 -0.337648 0.925821 -0.521735 0.786603 -0.330224 -0.242111 -0.001304 -0.970248 -0.685468 0.728102 -0.000240 -0.521791 0.786626 0.330081 -0.242111 -0.001304 0.970248 -0.091165 -0.214571 0.972444 -0.180426 0.236122 0.954826 -0.127343 0.700183 0.702515 -0.160799 -0.564060 0.809926 -0.291796 -0.576287 0.763380 0.472412 -0.151620 0.868239 0.827869 -0.333549 0.450975 0.070904 0.213753 0.974311 -0.491109 -0.621807 0.610055 0.998045 -0.062505 -0.000226 0.720274 -0.515897 -0.463740 -0.520294 0.853987 0.000074 -0.446801 0.528470 -0.721864 0.169850 -0.337648 -0.925821 -0.180426 0.236122 -0.954826 -0.091165 -0.214571 -0.972444 -0.127343 0.700183 -0.702515 -0.291796 -0.576287 -0.763380 -0.160799 -0.564060 -0.809926 0.472412 -0.151619 -0.868239 0.827869 -0.333549 -0.450975 -0.491109 -0.621808 -0.610055 0.070904 0.213753 -0.974311 0.720310 -0.515922 0.463657 -0.446713 0.528514 0.721887 0.032166 0.999483 -0.000000 0.460775 0.712429 0.529275 0.249605 0.498692 0.830062 0.460769 0.712436 -0.529271 0.249605 0.498696 -0.830060 -0.118933 0.460462 0.879676 -0.219571 0.970071 -0.103685 -0.076058 0.934030 0.349003 -0.676109 0.541254 -0.499921 -0.145077 0.912697 0.382016 -0.076058 0.934030 -0.349003 -0.219571 0.970071 0.103685 -0.676109 0.541254 0.499921 -0.145066 0.912703 -0.382008 0.268119 0.614843 0.741674 0.267421 0.655079 0.706652 0.477301 0.324431 0.816657 0.272783 -0.673704 0.686813 0.524583 0.226469 0.820686 -0.813684 0.279818 0.509529 -0.113990 0.136237 0.984096 -0.722374 -0.619727 -0.306782 -0.910667 0.273253 -0.309868 0.910206 -0.271216 0.312997 -0.088886 0.234820 0.967966 0.103702 0.000265 0.994608 -0.829719 -0.472140 0.297741 -0.966433 0.158478 -0.202220 0.053310 -0.998578 -0.000148 -0.045898 -0.919218 -0.391065 -0.864802 0.502113 0.000207 -0.553126 0.757860 0.345976 -0.781279 0.601962 0.165060 -0.908756 0.355345 -0.218845 -0.552998 0.758042 -0.345783 -0.781187 0.602132 -0.164875 -0.908738 0.355340 0.218927 -0.793798 0.300905 -0.528527 -0.118928 0.460469 -0.879673 0.268119 0.614843 -0.741674 0.267421 0.655079 -0.706652 -0.113990 0.136237 -0.984096 -0.813684 0.279818 -0.509529 0.272783 -0.673704 -0.686813 -0.722374 -0.619727 0.306782 -0.910667 0.273253 0.309868 0.477301 0.324431 -0.816657 0.524583 0.226469 -0.820686 0.910206 -0.271216 -0.312997 -0.088886 0.234820 -0.967966 -0.829719 -0.472140 -0.297741 0.103702 0.000265 -0.994608 -0.966433 0.158478 0.202220 -0.045760 -0.919242 0.391024 -0.793798 0.300905 0.528527 -0.852580 0.397687 -0.339047 -0.650349 0.092781 -0.753948 -0.852580 0.397687 0.339047 -0.650350 0.092781 0.753948 -0.514515 -0.326506 0.792886 -0.574653 -0.771341 0.273508 -0.878923 0.191994 0.436615 -0.815360 -0.409777 0.408988 -0.672172 -0.612253 0.416330 -0.823819 0.505383 0.256732 0.419529 -0.871945 0.252402 0.240565 -0.914558 -0.325134 0.788507 -0.615026 -0.000083 0.240519 -0.914617 0.325001 -0.747844 0.418907 0.515021 -0.865485 0.500935 -0.000634 -0.805053 0.137980 0.576933 -0.747903 0.418899 -0.514942 -0.804845 0.138328 -0.577140 -0.823819 0.505383 -0.256732 -0.815360 -0.409776 -0.408987 -0.878923 0.191994 -0.436615 -0.672172 -0.612253 -0.416330 -0.514515 -0.326506 -0.792886 -0.574653 -0.771341 -0.273509 0.419529 -0.871945 -0.252402 -0.676577 0.096177 0.730064 -0.019292 -0.954371 0.297999 -0.026415 -0.965189 -0.260215 0.720214 -0.693752 0.000053 -0.026415 -0.965189 0.260215 -0.019292 -0.954371 -0.297999 -0.730882 0.682503 -0.001228 -0.675707 0.095913 -0.730904 -0.101799 0.207488 0.972926 -0.059620 -0.008009 0.998189 0.611131 -0.676331 0.411212 0.184480 -0.982836 -0.000450 0.611134 -0.676333 -0.411203 -0.059620 -0.008009 -0.998189 -0.833009 0.065628 0.549354 -0.983202 -0.182520 -0.000958 -0.101083 0.206736 -0.973161 -0.832056 0.065252 -0.550841 -0.282747 -0.670714 0.685709 -0.594667 -0.803972 -0.000891 -0.282006 -0.670451 -0.686272</float_array>
          <technique_common>
            <accessor source="#mesh_13-normals-array" count="212" stride="3">
              <param name="X" type="float"/>
              <param name="Y" type="float"/>
              <param name="Z" type="float"/>
            </accessor>
          </technique_common>
        </source>
        <vertices id="mesh_13-vertices">
           <input semantic="POSITION" source="#mesh_13-positions"/>
        </vertices>
        <triangles count="424">
            <input semantic="VERTEX" source="#mesh_13-vertices" offset="0" />
            <input semantic="NORMAL" source="#mesh_13-normals" offset="0" />
          <p>0 1 2 3 1 0 3 0 4 2 5 0 0 5 6 4 0 6 1 7 2 7 1 3 7 8 2 9 10 2 2 11 9 12 11 2 2 8 12 2 13 5 2 14 13 2 10 15 15 16 2 2 16 17 17 14 2 18 19 3 18 3 4 20 3 19 7 3 20 4 6 18 6 5 13 6 21 18 21 6 22 22 6 13 8 7 20 8 20 23 12 8 23 10 9 24 11 24 9 10 24 25 26 15 10 25 26 10 27 28 11 27 11 12 11 28 29 11 29 24 12 23 27 22 13 14 30 22 14 30 14 17 15 26 16 16 31 32 17 16 32 33 31 16 26 33 16 32 30 17 34 19 18 18 21 34 34 35 19 36 19 35 20 19 36 23 20 36 21 37 34 37 21 38 38 21 22 38 22 30 23 36 39 27 23 39 40 25 24 40 24 29 25 40 41 41 42 25 26 25 42 33 26 42 27 39 43 43 28 27 43 44 28 29 28 45 28 44 45 40 29 45 46 38 30 46 30 32 31 47 48 32 31 48 49 31 33 49 47 31 48 46 32 49 33 42 50 35 34 34 37 50 50 51 35 52 35 51 36 35 52 39 36 52 37 53 50 53 37 54 54 37 38 54 38 46 39 52 55 43 39 55 41 40 56 40 57 56 40 45 57 41 56 58 59 42 41 58 59 41 59 60 42 60 49 42 43 55 61 61 44 43 61 62 44 63 44 64 65 64 44 65 44 62 44 63 45 57 45 66 66 45 63 67 54 46 67 46 48 47 68 69 48 47 69 70 47 71 47 70 72 68 47 72 49 71 47 69 67 48 73 49 60 71 49 73 74 51 50 50 53 74 74 75 51 76 51 75 52 51 76 55 52 76 53 77 74 77 53 78 78 53 54 78 54 67 55 76 79 61 55 79 58 56 80 56 57 81 56 81 80 66 81 57 58 80 82 83 59 58 82 83 58 84 60 59 83 84 59 60 84 73 61 79 85 85 62 61 85 86 62 87 65 62 87 62 86 88 89 63 88 63 90 63 64 65 63 65 90 63 89 91 63 91 66 65 92 93 65 93 90 87 92 65 94 66 95 66 94 96 66 96 97 91 95 66 66 97 81 98 78 67 98 67 69 68 99 100 69 68 100 68 72 101 99 68 101 100 98 69 72 70 71 71 102 103 104 71 103 104 72 71 105 102 71 73 105 71 106 107 72 104 106 72 72 107 101 108 73 94 96 94 73 109 96 73 73 108 105 84 109 73 75 74 110 110 74 77 76 75 111 111 75 110 112 79 76 112 76 111 113 77 78 110 77 113 78 98 114 113 78 114 115 85 79 115 79 112 116 117 80 80 118 116 80 97 118 97 80 81 82 80 110 80 119 110 117 119 80 110 83 82 83 120 121 121 122 83 122 109 83 84 83 109 110 123 83 83 123 120 115 86 85 119 87 86 115 119 86 119 117 87 87 124 92 124 87 125 125 87 117 126 127 88 127 89 88 88 90 124 128 88 124 126 88 128 129 130 89 127 131 89 89 130 91 89 132 129 89 131 132 90 93 124 95 91 133 134 133 91 134 91 130 124 135 92 135 93 92 135 136 93 136 137 93 93 137 124 94 95 138 138 108 94 138 95 139 95 133 139 140 141 96 96 141 142 96 142 143 143 97 96 96 144 140 145 144 96 146 145 96 96 109 146 143 147 97 97 147 118 98 100 148 114 98 148 100 99 148 99 101 123 99 123 148 101 120 123 107 149 101 150 101 149 120 101 150 102 151 152 103 102 153 102 154 153 105 151 102 152 155 102 155 154 102 103 153 156 149 104 103 149 103 157 157 103 156 149 106 104 158 105 108 105 158 159 151 105 159 106 160 161 107 106 161 106 162 160 149 162 106 107 161 149 163 108 138 163 158 108 109 164 146 122 164 109 112 111 110 115 112 110 119 115 110 110 113 114 110 114 148 110 148 123 117 116 125 126 125 116 165 126 116 165 116 166 116 147 166 147 116 118 150 121 120 121 150 156 121 156 167 168 121 167 168 164 121 122 121 164 124 137 135 124 125 128 126 128 125 126 169 127 169 126 165 127 169 170 131 127 170 134 130 129 129 171 172 129 172 173 129 173 134 171 129 174 132 174 129 131 170 165 131 165 166 147 132 131 147 131 166 143 132 147 174 132 142 142 132 143 134 175 133 133 175 139 134 173 175 135 137 136 138 139 176 138 176 177 178 163 138 177 178 138 139 175 176 179 141 140 140 180 181 140 181 179 140 144 182 183 180 140 182 183 140 179 142 141 179 174 142 144 145 182 145 184 182 145 155 184 146 155 145 164 155 146 161 162 149 157 150 149 150 157 156 152 151 159 185 186 152 187 185 152 159 187 152 184 152 186 152 184 155 153 188 156 189 188 153 189 153 154 167 189 154 168 167 154 154 155 164 168 154 164 167 156 188 158 190 159 163 190 158 190 187 159 160 162 161 178 190 163 169 165 170 189 167 188 181 171 174 191 172 171 191 171 181 192 193 172 192 172 191 193 173 172 193 175 173 181 174 179 176 175 193 176 193 192 176 192 194 177 176 194 194 178 177 195 190 178 196 195 178 194 196 178 180 197 191 180 191 181 198 197 180 183 198 180 182 184 183 184 186 183 183 186 198 186 185 198 185 195 196 198 185 196 185 187 195 187 190 195 197 199 191 200 192 191 200 191 199 201 194 192 201 192 200 194 201 202 202 203 194 196 194 203 198 196 204 204 196 203 197 205 199 206 205 197 207 208 197 198 207 197 197 208 206 207 198 204 201 200 199 201 199 209 205 209 199 202 201 209 202 209 210 211 203 202 210 211 202 207 204 203 211 207 203 210 209 205 210 205 206 206 208 210 207 211 208 208 211 210</p>
        </triangles>
      </mesh>
    </geometry>
    <geometry id="mesh_14" name="mesh_14">
      <mesh>
        <source id="mesh_14-positions">
          <float_array id="mesh_14-positions-array" count="636">-0.040259 0.309814 0.000023 -0.040959 0.310136 0.007643 -0.053747 0.310696 0.000003 -0.039511 0.313673 0.009168 -0.039371 0.311158 0.000025 -0.040959 0.310136 -0.007643 -0.039511 0.313673 -0.009168 -0.045003 0.310911 0.015572 -0.051521 0.311553 0.019429 -0.065841 0.310741 0.004596 -0.065958 0.311007 0.000003 -0.066189 0.310993 0.013528 -0.061871 0.311929 0.019533 -0.045003 0.310911 -0.015572 -0.051521 0.311553 -0.019429 -0.065841 0.310741 -0.004596 -0.066189 0.310993 -0.013528 -0.061871 0.311929 -0.019533 -0.039826 0.315362 0.000025 -0.041099 0.315885 0.009816 -0.044566 0.314809 0.016543 -0.041099 0.315885 -0.009816 -0.044566 0.314809 -0.016543 -0.052367 0.316075 0.020094 -0.069445 0.314091 0.004730 -0.069416 0.313973 0.000003 -0.069445 0.314091 -0.004730 -0.062891 0.316836 0.020237 -0.069039 0.311753 0.015192 -0.070307 0.315459 0.008989 -0.052367 0.316075 -0.020094 -0.069039 0.311753 -0.015192 -0.062891 0.316836 -0.020237 -0.070307 0.315459 -0.008989 -0.039180 0.324045 0.000028 -0.040600 0.323213 0.009473 -0.046275 0.317535 0.016131 -0.040600 0.323213 -0.009473 -0.046275 0.317535 -0.016131 -0.052292 0.319875 0.018280 -0.068917 0.320568 0.006064 -0.068431 0.320545 0.000005 -0.068917 0.320568 -0.006064 -0.062630 0.320142 0.019153 -0.067833 0.319249 0.018110 -0.070705 0.321257 0.009275 -0.052292 0.319875 -0.018280 -0.067833 0.319249 -0.018110 -0.062630 0.320142 -0.019153 -0.070705 0.321257 -0.009275 -0.038478 0.327436 0.000029 -0.039099 0.327151 0.010479 -0.046288 0.324293 0.016751 -0.039099 0.327151 -0.010479 -0.046288 0.324293 -0.016751 -0.051078 0.324927 0.018364 -0.067025 0.327829 0.006267 -0.068934 0.328419 0.009698 -0.066310 0.327844 0.000007 -0.067025 0.327829 -0.006267 -0.068935 0.328419 -0.009698 -0.060935 0.326340 0.019291 -0.065536 0.327713 0.019666 -0.073803 0.319520 0.016315 -0.070906 0.321687 0.020003 -0.069319 0.326487 0.023918 -0.078782 0.323674 0.003560 -0.051078 0.324927 -0.018364 -0.065536 0.327713 -0.019666 -0.060935 0.326340 -0.019291 -0.070906 0.321687 -0.020003 -0.073803 0.319520 -0.016315 -0.069319 0.326487 -0.023918 -0.078782 0.323674 -0.003560 -0.038411 0.331305 0.000029 -0.039238 0.331185 0.010672 -0.044207 0.327365 0.017731 -0.039238 0.331185 -0.010672 -0.044207 0.327365 -0.017731 -0.050224 0.327567 0.020305 -0.067194 0.334180 0.007989 -0.068016 0.332766 0.010413 -0.065619 0.333202 0.000009 -0.067194 0.334180 -0.007989 -0.068016 0.332766 -0.010413 -0.058575 0.329829 0.021284 -0.063717 0.329843 0.019004 -0.072393 0.333381 0.019049 -0.081735 0.327146 0.022079 -0.080163 0.323335 0.016409 -0.077628 0.317783 0.023617 -0.075863 0.317397 0.010056 -0.076596 0.325705 0.022714 -0.078554 0.319753 0.020649 -0.079622 0.318977 0.000003 -0.083405 0.308785 0.004883 -0.087086 0.325464 0.000005 -0.080701 0.329057 0.007369 -0.050224 0.327567 -0.020305 -0.063717 0.329843 -0.019004 -0.058575 0.329829 -0.021284 -0.072393 0.333381 -0.019049 -0.080163 0.323335 -0.016409 -0.081735 0.327146 -0.022079 -0.077628 0.317783 -0.023617 -0.075863 0.317397 -0.010056 -0.078554 0.319753 -0.020649 -0.076596 0.325705 -0.022714 -0.083405 0.308785 -0.004883 -0.080701 0.329057 -0.007369 -0.053309 0.333142 0.000009 -0.044149 0.331560 0.017976 -0.050936 0.332489 0.021286 -0.044149 0.331560 -0.017976 -0.050936 0.332489 -0.021286 -0.059748 0.333105 0.021416 -0.079198 0.336864 0.015276 -0.069433 0.333146 0.013466 -0.079079 0.334520 0.009608 -0.065367 0.333549 0.016344 -0.069433 0.333146 -0.013466 -0.079198 0.336864 -0.015276 -0.079079 0.334520 -0.009608 -0.065367 0.333549 -0.016344 -0.078611 0.330611 0.020274 -0.077532 0.333212 0.017562 -0.091946 0.337253 0.033211 -0.086795 0.328872 0.020137 -0.081383 0.332195 0.020312 -0.091594 0.315295 0.012070 -0.087274 0.316287 0.014776 -0.092949 0.328889 0.024182 -0.085228 0.326446 0.012105 -0.076461 0.315667 0.011456 -0.091598 0.311818 0.016275 -0.080323 0.326300 0.025123 -0.081978 0.324546 0.022911 -0.082703 0.330708 0.023234 -0.085799 0.313393 0.000003 -0.083179 0.307887 0.006399 -0.097928 0.315496 0.000004 -0.088267 0.322507 0.004733 -0.084541 0.321286 0.007925 -0.084334 0.324988 0.009933 -0.088267 0.322507 -0.004733 -0.084541 0.321286 -0.007925 -0.084334 0.324988 -0.009933 -0.081735 0.329590 0.010838 -0.059748 0.333105 -0.021416 -0.078611 0.330611 -0.020274 -0.077532 0.333212 -0.017562 -0.087274 0.316287 -0.014776 -0.091594 0.315295 -0.012070 -0.086795 0.328872 -0.020137 -0.092949 0.328889 -0.024182 -0.085228 0.326446 -0.012105 -0.091946 0.337253 -0.033211 -0.081383 0.332195 -0.020312 -0.076461 0.315667 -0.011456 -0.091598 0.311818 -0.016275 -0.081978 0.324546 -0.022911 -0.080323 0.326300 -0.025123 -0.082703 0.330708 -0.023234 -0.083179 0.307887 -0.006399 -0.081735 0.329590 -0.010838 -0.097493 0.335016 0.027837 -0.085479 0.331460 0.013293 -0.097493 0.335016 -0.027837 -0.085479 0.331460 -0.013293 -0.095786 0.333608 0.036798 -0.097617 0.331800 0.028594 -0.094047 0.313086 0.009798 -0.094415 0.309260 0.009271 -0.091814 0.306195 0.016043 -0.091368 0.317049 0.008450 -0.084407 0.306063 0.012717 -0.085377 0.310749 0.005089 -0.088548 0.309169 0.000001 -0.085377 0.310749 -0.005089 -0.096312 0.317496 0.003997 -0.105178 0.305570 -0.000015 -0.096193 0.313660 0.003889 -0.096312 0.317496 -0.003997 -0.096193 0.313660 -0.003889 -0.091368 0.317049 -0.008450 -0.094415 0.309260 -0.009271 -0.094047 0.313086 -0.009798 -0.091815 0.306195 -0.016043 -0.095786 0.333608 -0.036798 -0.097617 0.331800 -0.028594 -0.084407 0.306063 -0.012717 -0.096556 0.310027 0.004057 -0.095709 0.308150 0.004756 -0.090814 0.306609 0.007293 -0.095765 0.303956 -0.000000 -0.090814 0.306609 -0.007293 -0.095709 0.308150 -0.004756 -0.111991 0.299646 -0.000019 -0.096556 0.310027 -0.004057 -0.104439 0.298787 0.004413 -0.098655 0.302059 0.004430 -0.105431 0.291354 0.003440 -0.107200 0.290962 -0.000003 -0.105431 0.291354 -0.003440 -0.098655 0.302059 -0.004430 -0.113489 0.296803 0.004462 -0.114388 0.295669 -0.000021 -0.104439 0.298787 -0.004413 -0.113489 0.296803 -0.004462 -0.111924 0.293661 0.005196 -0.111036 0.292007 -0.000020 -0.111924 0.293661 -0.005196</float_array>
          <technique_common>
            <accessor source="#mesh_14-positions-array" count="212" stride="3">
              <param name="X" type="float"/>
              <param name="Y" type="float"/>
              <param name="Z" type="float"/>
            </accessor>
          </technique_common>
        </source>
        <source id="mesh_14-normals">
          <float_array id="mesh_14-normals-array" count="636">0.647950 -0.761683 0.000341 0.454622 -0.870590 0.188128 -0.026329 -0.999653 0.000014 0.951542 -0.095651 0.292264 0.972360 -0.233485 0.000232 0.454721 -0.870588 -0.187895 0.951642 -0.095565 -0.291968 0.463603 -0.740588 0.486418 0.202953 -0.640718 0.740466 -0.370345 -0.928757 -0.015983 -0.478852 -0.877895 -0.000016 -0.415625 -0.893810 0.168404 -0.189647 -0.668088 0.719509 0.463598 -0.740592 -0.486415 0.202952 -0.640722 -0.740463 -0.370342 -0.928759 0.015954 -0.415620 -0.893813 -0.168401 -0.189642 -0.668093 -0.719505 0.977798 0.209548 0.000172 0.907685 0.242242 0.342675 0.655991 0.143101 0.741079 0.907791 0.242285 -0.342364 0.655991 0.143101 -0.741079 0.235369 0.152268 0.959904 -0.871177 -0.489500 -0.037943 -0.980465 -0.196695 -0.000023 -0.871177 -0.489501 0.037938 -0.252849 -0.035039 0.966871 -0.738314 -0.408611 0.536591 -0.921763 -0.328982 -0.205241 0.235369 0.152268 -0.959904 -0.738314 -0.408611 -0.536591 -0.252849 -0.035039 -0.966871 -0.921763 -0.328982 0.205241 0.993596 -0.112987 0.000376 0.902748 -0.197142 0.382336 0.614365 0.201306 0.762910 0.902868 -0.197148 -0.382049 0.614365 0.201306 -0.762910 0.219319 0.156220 0.963065 -0.948060 0.153029 -0.278864 -0.973779 0.227495 -0.000083 -0.948066 0.153005 0.278854 -0.145267 0.031916 0.988878 -0.121203 -0.530737 0.838825 -0.767428 -0.455276 -0.451418 0.219319 0.156220 -0.963065 -0.121203 -0.530737 -0.838825 -0.145267 0.031916 -0.988878 -0.767427 -0.455282 0.451414 0.980293 -0.197550 0.000221 0.912274 -0.244040 0.328939 0.528757 -0.298404 0.794589 0.912332 -0.244039 -0.328778 0.528757 -0.298404 -0.794589 0.173216 -0.318545 0.931947 -0.944174 0.184071 -0.273229 -0.396275 0.186926 -0.898902 -0.990423 0.138064 -0.000161 -0.944180 0.184086 0.273197 -0.396163 0.186914 0.898954 -0.033277 -0.299157 0.953623 0.191212 0.088240 0.977574 -0.164009 -0.971275 0.172412 -0.298704 -0.612213 0.732101 0.070090 -0.107405 0.991742 0.668317 0.030351 -0.743257 0.173216 -0.318545 -0.931947 0.191212 0.088240 -0.977574 -0.033277 -0.299157 -0.953623 -0.298704 -0.612213 -0.732101 -0.164009 -0.971275 -0.172412 0.070090 -0.107405 -0.991742 0.668501 0.030382 0.743091 0.903271 0.429071 0.000181 0.776156 0.531226 0.339676 0.561588 -0.290675 0.774679 0.776199 0.531250 -0.339542 0.561588 -0.290675 -0.774678 0.132366 -0.352969 0.926225 -0.440494 0.825178 -0.353619 -0.299849 0.022773 -0.953715 -0.653673 0.756777 -0.000246 -0.440546 0.825214 0.353471 -0.299758 0.022785 0.953743 -0.158591 -0.129874 0.978765 -0.228971 0.324711 0.917679 0.049874 0.750500 0.658986 -0.219773 -0.543794 0.809931 -0.351551 -0.542334 0.763076 0.493908 -0.255300 0.831190 0.790180 -0.414653 0.451308 0.145868 0.182950 0.972241 -0.526845 -0.499291 0.687854 0.986774 -0.162104 -0.000226 0.663909 -0.585679 -0.464979 -0.427373 0.904075 0.000074 -0.382997 0.551849 -0.740795 0.132366 -0.352969 -0.926225 -0.228971 0.324711 -0.917679 -0.158591 -0.129874 -0.978765 0.049874 0.750500 -0.658986 -0.351551 -0.542334 -0.763076 -0.219773 -0.543794 -0.809931 0.493908 -0.255300 -0.831190 0.790180 -0.414653 -0.451308 -0.526845 -0.499291 -0.687854 0.145868 0.182950 -0.972241 0.663941 -0.585708 0.464895 -0.382905 0.551881 0.740818 0.089051 0.996027 -0.000006 0.533785 0.660699 0.527778 0.301887 0.470479 0.829165 0.533780 0.660707 -0.527773 0.301888 0.470483 -0.829162 -0.189658 0.446489 0.874458 -0.068702 0.992114 -0.104834 0.110321 0.968666 0.222522 -0.558694 0.634697 -0.533874 -0.085783 0.947704 0.307405 0.110321 0.968666 -0.222522 -0.068702 0.992114 0.104834 -0.558694 0.634697 0.533874 -0.085770 0.947707 -0.307401 0.332438 0.584388 0.740253 0.369440 0.653008 0.661131 0.508500 0.276627 0.815417 0.199791 -0.697558 0.688111 0.545791 0.172671 0.819937 -0.780719 0.359972 0.510782 -0.099057 0.147234 0.984129 -0.782807 -0.542253 -0.305245 -0.877967 0.364064 -0.310856 0.878431 -0.361809 0.312176 -0.063263 0.242756 0.968022 0.103167 -0.010708 0.994606 -0.873415 -0.386642 0.296064 -0.945857 0.252385 -0.204096 -0.050811 -0.998708 -0.000148 -0.140683 -0.909726 -0.390649 -0.808640 0.588303 0.000207 -0.469712 0.811795 0.346929 -0.714595 0.679617 0.165753 -0.867906 0.445387 -0.219929 -0.469565 0.811963 -0.346735 -0.714486 0.679778 -0.165567 -0.867889 0.445381 0.220012 -0.758618 0.379442 -0.529643 -0.189657 0.446492 -0.874457 0.332438 0.584388 -0.740253 0.369440 0.653008 -0.661131 -0.099057 0.147234 -0.984129 -0.780709 0.359997 -0.510780 0.199791 -0.697558 -0.688111 -0.782807 -0.542253 0.305245 -0.877967 0.364064 0.310856 0.508500 0.276627 -0.815417 0.545791 0.172671 -0.819937 0.878431 -0.361809 -0.312176 -0.063269 0.242769 -0.968019 -0.873415 -0.386642 -0.296064 0.103167 -0.010708 -0.994606 -0.945857 0.252385 0.204096 -0.140549 -0.909764 0.390608 -0.758619 0.379442 0.529643 -0.807107 0.482859 -0.339742 -0.636641 0.158209 -0.754757 -0.807107 0.482859 0.339742 -0.636641 0.158209 0.754757 -0.546317 -0.271031 0.792515 -0.651620 -0.707556 0.273416 -0.854937 0.278863 0.437400 -0.852851 -0.325456 0.408318 -0.731992 -0.539870 0.415606 -0.767478 0.587021 0.257652 0.325350 -0.911114 0.253020 0.142614 -0.934773 -0.325362 0.720714 -0.693233 -0.000084 0.142563 -0.934827 0.325230 -0.700149 0.493131 0.516346 -0.809740 0.586788 -0.000635 -0.786735 0.217455 0.577721 -0.700208 0.493128 -0.516268 -0.786492 0.217783 -0.577928 -0.767478 0.587021 -0.257652 -0.852870 -0.325443 -0.408290 -0.854937 0.278863 -0.437400 -0.732032 -0.539814 -0.415608 -0.546317 -0.271031 -0.792515 -0.651620 -0.707556 -0.273416 0.325333 -0.911120 -0.253020 -0.662787 0.162943 0.730865 -0.120786 -0.946957 0.297797 -0.129618 -0.956638 -0.260851 0.644096 -0.764944 0.000053 -0.129623 -0.956632 0.260869 -0.120786 -0.946957 -0.297797 -0.656016 0.754746 -0.001230 -0.661947 0.162592 -0.731703 -0.078864 0.216776 0.973031 -0.060623 -0.001891 0.998159 0.537468 -0.735690 0.412175 0.078604 -0.996906 -0.000450 0.537471 -0.735693 -0.412165 -0.060623 -0.001891 -0.998159 -0.821495 0.150162 0.550089 -0.996681 -0.081403 -0.000955 -0.078231 0.215955 -0.973264 -0.820586 0.149686 -0.551573 -0.352378 -0.637531 0.685116 -0.674822 -0.737980 -0.000887 -0.351616 -0.637348 -0.685677</float_array>
          <technique_common>
            <accessor source="#mesh_14-normals-array" count="212" stride="3">
              <param name="X" type="float"/>
              <param name="Y" type="float"/>
              <param name="Z" type="float"/>
            </accessor>
          </technique_common>
        </source>
        <vertices id="mesh_14-vertices">
           <input semantic="POSITION" source="#mesh_14-positions"/>
        </vertices>
        <triangles count="424">
            <input semantic="VERTEX" source="#mesh_14-vertices" offset="0" />
            <input semantic="NORMAL" source="#mesh_14-normals" offset="0" />
          <p>0 1 2 3 1 0 3 0 4 2 5 0 0 5 6 4 0 6 1 7 2 7 1 3 7 8 2 9 10 2 2 11 9 12 11 2 2 8 12 2 13 5 2 14 13 2 10 15 15 16 2 2 16 17 17 14 2 18 19 3 18 3 4 20 3 19 7 3 20 4 6 18 6 5 13 6 21 18 21 6 22 22 6 13 8 7 20 8 20 23 12 8 23 10 9 24 11 24 9 10 24 25 26 15 10 25 26 10 27 28 11 27 11 12 11 28 29 11 29 24 12 23 27 22 13 14 30 22 14 30 14 17 15 26 16 16 31 32 17 16 32 33 31 16 26 33 16 32 30 17 34 19 18 18 21 34 34 35 19 36 19 35 20 19 36 23 20 36 21 37 34 37 21 38 38 21 22 38 22 30 23 36 39 27 23 39 40 25 24 40 24 29 25 40 41 41 42 25 26 25 42 33 26 42 27 39 43 43 28 27 43 44 28 29 28 45 28 44 45 40 29 45 46 38 30 46 30 32 31 47 48 32 31 48 49 31 33 49 47 31 48 46 32 49 33 42 50 35 34 34 37 50 50 51 35 52 35 51 36 35 52 39 36 52 37 53 50 53 37 54 54 37 38 54 38 46 39 52 55 43 39 55 41 40 56 40 57 56 40 45 57 41 56 58 59 42 41 58 59 41 59 60 42 60 49 42 43 55 61 61 44 43 61 62 44 63 44 64 65 64 44 65 44 62 44 63 45 57 45 66 66 45 63 67 54 46 67 46 48 47 68 69 48 47 69 70 47 71 47 70 72 68 47 72 49 71 47 69 67 48 73 49 60 71 49 73 74 51 50 50 53 74 74 75 51 76 51 75 52 51 76 55 52 76 53 77 74 77 53 78 78 53 54 78 54 67 55 76 79 61 55 79 58 56 80 56 57 81 56 81 80 66 81 57 58 80 82 83 59 58 82 83 58 84 60 59 83 84 59 60 84 73 61 79 85 85 62 61 85 86 62 87 65 62 87 62 86 88 89 63 88 63 90 63 64 65 63 65 90 63 89 91 63 91 66 65 92 93 65 93 90 87 92 65 94 66 95 66 94 96 66 96 97 91 95 66 66 97 81 98 78 67 98 67 69 68 99 100 69 68 100 68 72 101 99 68 101 100 98 69 72 70 71 71 102 103 104 71 103 104 72 71 105 102 71 73 105 71 106 107 72 104 106 72 72 107 101 108 73 94 96 94 73 109 96 73 73 108 105 84 109 73 75 74 110 110 74 77 76 75 111 111 75 110 112 79 76 112 76 111 113 77 78 110 77 113 78 98 114 113 78 114 115 85 79 115 79 112 116 117 80 80 118 116 80 97 118 97 80 81 82 80 110 80 119 110 117 119 80 110 83 82 83 120 121 121 122 83 122 109 83 84 83 109 110 123 83 83 123 120 115 86 85 119 87 86 115 119 86 119 117 87 87 124 92 124 87 125 125 87 117 126 127 88 127 89 88 88 90 124 128 88 124 126 88 128 129 130 89 127 131 89 89 130 91 89 132 129 89 131 132 90 93 124 95 91 133 134 133 91 134 91 130 124 135 92 135 93 92 135 136 93 136 137 93 93 137 124 94 95 138 138 108 94 138 95 139 95 133 139 140 141 96 96 141 142 96 142 143 143 97 96 96 144 140 145 144 96 146 145 96 96 109 146 143 147 97 97 147 118 98 100 148 114 98 148 100 99 148 99 101 123 99 123 148 101 120 123 107 149 101 150 101 149 120 101 150 102 151 152 103 102 153 102 154 153 105 151 102 152 155 102 155 154 102 103 153 156 149 104 103 149 103 157 157 103 156 149 106 104 158 105 108 105 158 159 151 105 159 106 160 161 107 106 161 106 162 160 149 162 106 107 161 149 163 108 138 163 158 108 109 164 146 122 164 109 112 111 110 115 112 110 119 115 110 110 113 114 110 114 148 110 148 123 117 116 125 126 125 116 165 126 116 165 116 166 116 147 166 147 116 118 150 121 120 121 150 156 121 156 167 168 121 167 168 164 121 122 121 164 124 137 135 124 125 128 126 128 125 126 169 127 169 126 165 127 169 170 131 127 170 134 130 129 129 171 172 129 172 173 129 173 134 171 129 174 132 174 129 131 170 165 131 165 166 147 132 131 147 131 166 143 132 147 174 132 142 142 132 143 134 175 133 133 175 139 134 173 175 135 137 136 138 139 176 138 176 177 178 163 138 177 178 138 139 175 176 179 141 140 140 180 181 140 181 179 140 144 182 183 180 140 182 183 140 179 142 141 179 174 142 144 145 182 145 184 182 145 155 184 146 155 145 164 155 146 161 162 149 157 150 149 150 157 156 152 151 159 185 186 152 187 185 152 159 187 152 184 152 186 152 184 155 153 188 156 189 188 153 189 153 154 167 189 154 168 167 154 154 155 164 168 154 164 167 156 188 158 190 159 163 190 158 190 187 159 160 162 161 178 190 163 169 165 170 189 167 188 181 171 174 191 172 171 191 171 181 192 193 172 192 172 191 193 173 172 193 175 173 181 174 179 176 175 193 176 193 192 176 192 194 177 176 194 194 178 177 195 190 178 196 195 178 194 196 178 180 197 191 180 191 181 198 197 180 183 198 180 182 184 183 184 186 183 183 186 198 186 185 198 185 195 196 198 185 196 185 187 195 187 190 195 197 199 191 200 192 191 200 191 199 201 194 192 201 192 200 194 201 202 202 203 194 196 194 203 198 196 204 204 196 203 197 205 199 206 205 197 207 208 197 198 207 197 197 208 206 207 198 204 201 200 199 201 199 209 205 209 199 202 201 209 202 209 210 211 203 202 210 211 202 207 204 203 211 207 203 210 209 205 210 205 206 206 208 210 207 211 208 208 211 210</p>
        </triangles>
      </mesh>
    </geometry>
    <geometry id="mesh_15" name="mesh_15">
      <mesh>
        <source id="mesh_15-positions">
          <float_array id="mesh_15-positions-array" count="636">-0.039673 0.333644 0.000023 -0.040289 0.334033 0.007643 -0.052015 0.335842 0.000003 -0.038642 0.337410 0.009168 -0.038736 0.334895 0.000025 -0.040289 0.334033 -0.007643 -0.038642 0.337410 -0.009168 -0.043944 0.335199 0.015572 -0.049889 0.336477 0.019429 -0.063147 0.337070 0.004596 -0.063232 0.337346 0.000003 -0.063446 0.337354 0.013528 -0.059387 0.337863 0.019533 -0.043944 0.335199 -0.015572 -0.049889 0.336477 -0.019429 -0.063147 0.337070 -0.004596 -0.063446 0.337354 -0.013528 -0.059387 0.337863 -0.019533 -0.038782 0.339122 0.000025 -0.039907 0.339767 0.009816 -0.043196 0.339035 0.016543 -0.039907 0.339767 -0.009816 -0.043196 0.339035 -0.016543 -0.050267 0.341059 0.020094 -0.066169 0.340755 0.004730 -0.066153 0.340635 0.000003 -0.066169 0.340755 -0.004730 -0.059891 0.342846 0.020237 -0.066003 0.338389 0.015192 -0.066842 0.342201 0.008989 -0.050267 0.341059 -0.020094 -0.066003 0.338389 -0.015192 -0.059891 0.342846 -0.020237 -0.066842 0.342201 -0.008989 -0.037417 0.347699 0.000028 -0.038799 0.347009 0.009473 -0.044527 0.341915 0.016131 -0.038799 0.347009 -0.009473 -0.044527 0.341915 -0.016131 -0.049861 0.344833 0.018280 -0.065108 0.347148 0.006064 -0.064663 0.347077 0.000005 -0.065108 0.347148 -0.006064 -0.059357 0.346109 0.019153 -0.064227 0.345730 0.018110 -0.066694 0.348009 0.009275 -0.049861 0.344833 -0.018280 -0.064227 0.345730 -0.018110 -0.059357 0.346109 -0.019153 -0.066694 0.348009 -0.009275 -0.036470 0.351005 0.000029 -0.037067 0.350782 0.010479 -0.043940 0.348641 0.016751 -0.037067 0.350782 -0.010479 -0.043940 0.348641 -0.016751 -0.048294 0.349740 0.018364 -0.064947 0.356210 0.006267 -0.064065 0.355206 0.009698 -0.064287 0.356155 0.000007 -0.064947 0.356210 -0.006267 -0.064065 0.355206 -0.009698 -0.057246 0.352111 0.019291 -0.061361 0.353927 0.019666 -0.069700 0.346583 0.016315 -0.066841 0.348457 0.020003 -0.067179 0.355099 0.023918 -0.073917 0.351204 0.003560 -0.048294 0.349740 -0.018364 -0.061361 0.353927 -0.019666 -0.057246 0.352111 -0.019291 -0.066841 0.348457 -0.020003 -0.069700 0.346583 -0.016315 -0.067179 0.355099 -0.023918 -0.073917 0.351204 -0.003560 -0.036065 0.354847 0.000029 -0.036837 0.354809 0.010672 -0.041752 0.351494 0.017731 -0.036837 0.354809 -0.010672 -0.041752 0.351494 -0.017731 -0.047274 0.352284 0.020305 -0.061952 0.360768 0.007989 -0.062834 0.359441 0.010413 -0.060588 0.359641 0.000009 -0.061952 0.360768 -0.007989 -0.062834 0.359441 -0.010413 -0.054764 0.355351 0.021284 -0.061723 0.357890 0.019004 -0.064585 0.358459 0.019049 -0.076328 0.354948 0.022079 -0.075218 0.351002 0.016409 -0.073377 0.345229 0.023617 -0.071786 0.344673 0.010056 -0.071723 0.353011 0.022714 -0.074055 0.347280 0.020649 -0.075107 0.346612 0.000003 -0.079495 0.336841 0.004883 -0.081405 0.353797 0.000005 -0.075207 0.356748 0.007369 -0.047274 0.352284 -0.020305 -0.061723 0.357890 -0.019004 -0.054764 0.355351 -0.021284 -0.064585 0.358459 -0.019049 -0.075218 0.351002 -0.016409 -0.076328 0.354948 -0.022079 -0.073377 0.345229 -0.023617 -0.071786 0.344673 -0.010056 -0.074055 0.347280 -0.020649 -0.071723 0.353011 -0.022714 -0.079495 0.336841 -0.004883 -0.075207 0.356748 -0.007369 -0.049621 0.358133 0.000009 -0.041325 0.355663 0.017976 -0.047493 0.357251 0.021286 -0.041325 0.355663 -0.017976 -0.047493 0.357251 -0.021286 -0.055553 0.358726 0.021416 -0.073130 0.364368 0.015276 -0.064105 0.359958 0.013466 -0.073228 0.362024 0.009608 -0.060325 0.359962 0.016344 -0.064105 0.359958 -0.013466 -0.073130 0.364368 -0.015276 -0.073228 0.362024 -0.009608 -0.060325 0.359962 -0.016344 -0.073144 0.358090 0.020274 -0.071920 0.360572 0.017562 -0.084834 0.366003 0.033211 -0.080835 0.357160 0.020137 -0.075556 0.359936 0.020312 -0.086458 0.344120 0.012070 -0.082392 0.344684 0.014776 -0.086500 0.357779 0.024182 -0.079607 0.354593 0.012105 -0.072490 0.343009 0.011456 -0.086770 0.340660 0.016275 -0.075103 0.353968 0.025123 -0.076782 0.352384 0.022911 -0.076903 0.358586 0.023234 -0.081291 0.341660 0.000003 -0.079367 0.335925 0.006399 -0.092273 0.344940 0.000004 -0.082755 0.350971 0.004733 -0.079432 0.349391 0.007925 -0.078913 0.353054 0.009933 -0.082755 0.350971 -0.004733 -0.079432 0.349391 -0.007925 -0.078913 0.353054 -0.009933 -0.076111 0.357379 0.010838 -0.055553 0.358726 -0.021416 -0.073144 0.358090 -0.020274 -0.071920 0.360572 -0.017562 -0.082392 0.344684 -0.014776 -0.086458 0.344120 -0.012070 -0.080835 0.357160 -0.020137 -0.086500 0.357779 -0.024182 -0.079607 0.354593 -0.012105 -0.084834 0.366003 -0.033211 -0.075556 0.359936 -0.020312 -0.072490 0.343009 -0.011456 -0.086770 0.340660 -0.016275 -0.076782 0.352384 -0.022911 -0.075103 0.353968 -0.025123 -0.076903 0.358586 -0.023234 -0.079367 0.335925 -0.006399 -0.076111 0.357379 -0.010838 -0.090141 0.364320 0.027837 -0.079393 0.359606 0.013293 -0.090141 0.364320 -0.027837 -0.079393 0.359606 -0.013293 -0.088694 0.362752 0.036798 -0.090540 0.361132 0.028594 -0.088913 0.342162 0.009798 -0.089592 0.338391 0.009271 -0.087469 0.335087 0.016043 -0.086094 0.345843 0.008450 -0.080659 0.334231 0.012717 -0.081137 0.338989 0.005089 -0.084197 0.337726 0.000001 -0.081137 0.338989 -0.005089 -0.090607 0.346772 0.003997 -0.099830 0.335772 -0.000015 -0.090838 0.342943 0.003889 -0.090607 0.346772 -0.003997 -0.090838 0.342943 -0.003889 -0.086094 0.345843 -0.008450 -0.089592 0.338391 -0.009271 -0.088913 0.342162 -0.009798 -0.087469 0.335087 -0.016043 -0.088694 0.362752 -0.036798 -0.090540 0.361132 -0.028594 -0.080659 0.334231 -0.012717 -0.091495 0.339364 0.004057 -0.090881 0.337413 0.004756 -0.086511 0.335401 0.007293 -0.091305 0.333246 -0.000000 -0.086511 0.335401 -0.007293 -0.090881 0.337413 -0.004756 -0.106629 0.330545 -0.000019 -0.091495 0.339364 -0.004057 -0.100749 0.328902 0.002876 -0.094135 0.331641 0.004430 -0.102322 0.321603 0.002242 -0.102988 0.321435 -0.000003 -0.102322 0.321603 -0.002242 -0.094135 0.331641 -0.004430 -0.109259 0.327813 0.002908 -0.110187 0.326772 -0.000014 -0.100749 0.328902 -0.002876 -0.109259 0.327813 -0.002908 -0.108096 0.324533 0.003387 -0.106427 0.322850 -0.000020 -0.108096 0.324533 -0.003387</float_array>
          <technique_common>
            <accessor source="#mesh_15-positions-array" count="212" stride="3">
              <param name="X" type="float"/>
              <param name="Y" type="float"/>
              <param name="Z" type="float"/>
            </accessor>
          </technique_common>
        </source>
        <source id="mesh_15-normals">
          <float_array id="mesh_15-normals-array" count="636">0.589274 -0.807933 0.000332 0.378424 -0.907151 0.184044 -0.133808 -0.991007 0.000014 0.945081 -0.176928 0.274807 0.951119 -0.308826 0.000222 0.378521 -0.907157 -0.183817 0.945177 -0.176850 -0.274527 0.406717 -0.778755 0.477621 0.148107 -0.658289 0.738051 -0.479588 -0.877353 -0.015686 -0.585975 -0.810329 -0.000015 -0.519852 -0.838158 0.165060 -0.264712 -0.647067 0.715005 0.406712 -0.778759 -0.477618 0.148105 -0.658293 -0.738048 -0.479585 -0.877356 0.015657 -0.519847 -0.838162 -0.165057 -0.264707 -0.647073 -0.715002 0.994160 0.107918 0.000160 0.935382 0.145562 0.322292 0.691953 0.074448 0.718094 0.935478 0.145593 -0.322001 0.691953 0.074448 -0.718094 0.265855 0.127332 0.955567 -0.923266 -0.382572 -0.034912 -0.994911 -0.100759 -0.000021 -0.923266 -0.382572 0.034908 -0.263532 -0.011719 0.964579 -0.785901 -0.334142 0.520296 -0.953787 -0.229541 -0.193909 0.265855 0.127332 -0.955567 -0.785902 -0.334142 -0.520296 -0.263532 -0.011719 -0.964579 -0.953787 -0.229541 0.193909 0.981216 -0.192910 0.000350 0.892798 -0.266607 0.363086 0.657004 0.137276 0.741284 0.892904 -0.266620 -0.362816 0.657004 0.137276 -0.741284 0.250268 0.133755 0.958893 -0.976384 0.147667 -0.157701 -0.995396 0.095846 -0.000080 -0.976391 0.147660 0.157664 -0.148176 0.043683 0.987996 -0.182752 -0.475007 0.860796 -0.812825 -0.381528 -0.440173 0.250268 0.133755 -0.958893 -0.182752 -0.475007 -0.860796 -0.148176 0.043683 -0.987996 -0.812825 -0.381528 0.440173 0.962445 -0.271475 0.000206 0.895958 -0.314546 0.313561 0.522784 -0.340523 0.781499 0.896010 -0.314548 -0.313410 0.522784 -0.340523 -0.781499 0.152132 -0.333167 0.930514 -0.967847 0.246662 0.049302 -0.701285 0.167304 -0.692971 -0.882335 0.470622 -0.000158 -0.967847 0.246643 -0.049398 -0.701285 0.167304 0.692971 -0.067336 -0.294674 0.953222 0.143355 -0.031845 0.989159 -0.246711 -0.949002 0.196289 -0.285421 -0.585109 0.759067 0.013165 -0.057822 0.998240 0.684414 -0.032581 -0.728365 0.152132 -0.333167 -0.930514 0.143355 -0.031845 -0.989159 -0.067336 -0.294674 -0.953222 -0.285421 -0.585109 -0.759066 -0.246711 -0.949002 -0.196289 0.013165 -0.057822 -0.998240 0.684590 -0.032564 0.728201 0.940079 0.340955 0.000168 0.834152 0.450456 0.318245 0.555194 -0.338135 0.759884 0.834192 0.450472 -0.318118 0.555194 -0.338135 -0.759884 0.104315 -0.363982 0.925546 -0.205603 0.945257 -0.253411 -0.436257 0.226568 -0.870831 -0.300796 0.953688 -0.000201 -0.205639 0.945284 0.253281 -0.436257 0.226568 0.870831 -0.143459 -0.192740 0.970706 -0.159238 0.394298 0.905082 0.073657 0.746050 0.661804 -0.288714 -0.510865 0.809729 -0.428159 -0.498877 0.753526 0.436570 -0.213818 0.873893 0.760422 -0.464975 0.453383 0.146196 0.267711 0.952343 -0.632691 -0.491948 0.598071 0.971637 -0.236476 -0.000233 0.630719 -0.628036 -0.455810 -0.345574 0.938391 0.000063 -0.341302 0.577141 -0.741903 0.104315 -0.363982 -0.925546 -0.159238 0.394298 -0.905082 -0.143459 -0.192740 -0.970706 0.073657 0.746050 -0.661804 -0.428159 -0.498877 -0.753526 -0.288714 -0.510865 -0.809729 0.436570 -0.213818 -0.873893 0.760422 -0.464975 -0.453383 -0.632691 -0.491948 -0.598071 0.146196 0.267711 -0.952343 0.630741 -0.628076 0.455727 -0.341209 0.577163 0.741929 0.213726 0.976893 -0.000005 0.618441 0.599820 0.507687 0.369659 0.436882 0.820053 0.618437 0.599829 -0.507682 0.369660 0.436886 -0.820050 -0.034069 0.581123 0.813102 0.017302 0.994042 -0.107617 0.178350 0.918486 0.352952 -0.516660 0.674142 -0.527821 0.007325 0.960749 0.277322 0.178350 0.918486 -0.352952 0.017302 0.994042 0.107617 -0.516660 0.674142 0.527821 0.007339 0.960750 -0.277318 0.441907 0.526336 0.726421 0.483957 0.547780 0.682439 0.553885 0.232531 0.799463 0.136065 -0.715103 0.685649 0.585882 0.119214 0.801580 -0.763356 0.416790 0.493532 -0.088490 0.153487 0.984181 -0.849802 -0.446652 -0.279890 -0.856768 0.422540 -0.295651 0.856039 -0.411863 0.312355 -0.025838 0.246280 0.968854 0.114022 -0.023806 0.993193 -0.917228 -0.286249 0.277044 -0.924873 0.324011 -0.199064 -0.151271 -0.988492 -0.000149 -0.244579 -0.888395 -0.388505 -0.767725 0.640779 0.000191 -0.412512 0.843493 0.344025 -0.663595 0.729921 0.163880 -0.837792 0.503488 -0.211199 -0.412339 0.843654 -0.343838 -0.663467 0.730078 -0.163702 -0.837776 0.503480 0.211279 -0.741426 0.433759 -0.511996 -0.034064 0.581127 -0.813099 0.441907 0.526336 -0.726421 0.483957 0.547780 -0.682439 -0.088490 0.153487 -0.984181 -0.763356 0.416790 -0.493532 0.136065 -0.715103 -0.685649 -0.849802 -0.446652 0.279890 -0.856768 0.422540 0.295651 0.553885 0.232531 -0.799463 0.585882 0.119214 -0.801580 0.856039 -0.411863 -0.312355 -0.025838 0.246280 -0.968854 -0.917229 -0.286249 -0.277043 0.114022 -0.023806 -0.993193 -0.924873 0.324011 0.199064 -0.244448 -0.888448 0.388466 -0.741426 0.433759 0.511996 -0.772183 0.545614 -0.325635 -0.642177 0.222225 -0.733638 -0.772183 0.545614 0.325635 -0.642177 0.222225 0.733638 -0.592636 -0.224544 0.773539 -0.720937 -0.637534 0.271662 -0.842423 0.343111 0.415451 -0.893317 -0.232830 0.384415 -0.789028 -0.463885 0.402796 -0.732271 0.635415 0.245004 0.255381 -0.932307 0.256093 0.060627 -0.944506 -0.322852 0.677246 -0.735757 -0.000079 0.060572 -0.944554 0.322722 -0.671997 0.547528 0.498631 -0.774193 0.632950 -0.000668 -0.783335 0.280332 0.554797 -0.672048 0.547530 -0.498560 -0.783056 0.280635 -0.555038 -0.732271 0.635415 -0.245004 -0.893317 -0.232830 -0.384415 -0.842423 0.343111 -0.415451 -0.789028 -0.463885 -0.402796 -0.592636 -0.224544 -0.773539 -0.720937 -0.637534 -0.271662 0.255381 -0.932307 -0.256093 -0.677711 0.208637 0.705108 -0.140403 -0.934738 0.326422 -0.233225 -0.936155 -0.263098 0.577893 -0.816113 0.000048 -0.233225 -0.936155 0.263098 -0.140403 -0.934738 -0.326422 -0.588760 0.808307 -0.001570 -0.676864 0.208062 -0.706092 -0.150724 0.201360 0.967852 -0.192349 0.020100 0.981121 0.426604 -0.764591 0.483125 -0.031909 -0.999490 -0.000888 0.426612 -0.764573 -0.483146 -0.192349 0.020100 -0.981121 -0.785775 0.201989 0.584601 -0.999001 0.044680 -0.001163 -0.149844 0.199837 -0.968304 -0.784824 0.201138 -0.586170 -0.457771 -0.621823 0.635439 -0.714804 -0.699325 -0.000935 -0.456759 -0.621855 -0.636135</float_array>
          <technique_common>
            <accessor source="#mesh_15-normals-array" count="212" stride="3">
              <param name="X" type="float"/>
              <param name="Y" type="float"/>
              <param name="Z" type="float"/>
            </accessor>
          </technique_common>
        </source>
        <vertices id="mesh_15-vertices">
           <input semantic="POSITION" source="#mesh_15-positions"/>
        </vertices>
        <triangles count="424">
            <input semantic="VERTEX" source="#mesh_15-vertices" offset="0" />
            <input semantic="NORMAL" source="#mesh_15-normals" offset="0" />
          <p>0 1 2 3 1 0 3 0 4 2 5 0 0 5 6 4 0 6 1 7 2 7 1 3 7 8 2 9 10 2 2 11 9 12 11 2 2 8 12 2 13 5 2 14 13 2 10 15 15 16 2 2 16 17 17 14 2 18 19 3 18 3 4 20 3 19 7 3 20 4 6 18 6 5 13 6 21 18 21 6 22 22 6 13 8 7 20 8 20 23 12 8 23 10 9 24 11 24 9 10 24 25 26 15 10 25 26 10 27 28 11 27 11 12 11 28 29 11 29 24 12 23 27 22 13 14 30 22 14 30 14 17 15 26 16 16 31 32 17 16 32 33 31 16 26 33 16 32 30 17 34 19 18 18 21 34 34 35 19 36 19 35 20 19 36 23 20 36 21 37 34 37 21 38 38 21 22 38 22 30 23 36 39 27 23 39 40 25 24 40 24 29 25 40 41 41 42 25 26 25 42 33 26 42 27 39 43 43 28 27 43 44 28 29 28 45 28 44 45 40 29 45 46 38 30 46 30 32 31 47 48 32 31 48 49 31 33 49 47 31 48 46 32 49 33 42 50 35 34 34 37 50 50 51 35 52 35 51 36 35 52 39 36 52 37 53 50 53 37 54 54 37 38 54 38 46 39 52 55 43 39 55 41 40 56 40 57 56 40 45 57 41 56 58 59 42 41 58 59 41 59 60 42 60 49 42 43 55 61 61 44 43 61 62 44 63 44 64 65 64 44 65 44 62 44 63 45 57 45 66 66 45 63 67 54 46 67 46 48 47 68 69 48 47 69 70 47 71 47 70 72 68 47 72 49 71 47 69 67 48 73 49 60 71 49 73 74 51 50 50 53 74 74 75 51 76 51 75 52 51 76 55 52 76 53 77 74 77 53 78 78 53 54 78 54 67 55 76 79 61 55 79 58 56 80 56 57 81 56 81 80 66 81 57 58 80 82 83 59 58 82 83 58 84 60 59 83 84 59 60 84 73 61 79 85 85 62 61 85 86 62 87 65 62 87 62 86 88 89 63 88 63 90 63 64 65 63 65 90 63 89 91 63 91 66 65 92 93 65 93 90 87 92 65 94 66 95 66 94 96 66 96 97 91 95 66 66 97 81 98 78 67 98 67 69 68 99 100 69 68 100 68 72 101 99 68 101 100 98 69 72 70 71 71 102 103 104 71 103 104 72 71 105 102 71 73 105 71 106 107 72 104 106 72 72 107 101 108 73 94 96 94 73 109 96 73 73 108 105 84 109 73 75 74 110 110 74 77 76 75 111 111 75 110 112 79 76 112 76 111 113 77 78 110 77 113 78 98 114 113 78 114 115 85 79 115 79 112 116 117 80 80 118 116 80 97 118 97 80 81 82 80 110 80 119 110 117 119 80 110 83 82 83 120 121 121 122 83 122 109 83 84 83 109 110 123 83 83 123 120 115 86 85 119 87 86 115 119 86 119 117 87 87 124 92 124 87 125 125 87 117 126 127 88 127 89 88 88 90 124 128 88 124 126 88 128 129 130 89 127 131 89 89 130 91 89 132 129 89 131 132 90 93 124 95 91 133 134 133 91 134 91 130 124 135 92 135 93 92 135 136 93 136 137 93 93 137 124 94 95 138 138 108 94 138 95 139 95 133 139 140 141 96 96 141 142 96 142 143 143 97 96 96 144 140 145 144 96 146 145 96 96 109 146 143 147 97 97 147 118 98 100 148 114 98 148 100 99 148 99 101 123 99 123 148 101 120 123 107 149 101 150 101 149 120 101 150 102 151 152 103 102 153 102 154 153 105 151 102 152 155 102 155 154 102 103 153 156 149 104 103 149 103 157 157 103 156 149 106 104 158 105 108 105 158 159 151 105 159 106 160 161 107 106 161 106 162 160 149 162 106 107 161 149 163 108 138 163 158 108 109 164 146 122 164 109 112 111 110 115 112 110 119 115 110 110 113 114 110 114 148 110 148 123 117 116 125 126 125 116 165 126 116 165 116 166 116 147 166 147 116 118 150 121 120 121 150 156 121 156 167 168 121 167 168 164 121 122 121 164 124 137 135 124 125 128 126 128 125 126 169 127 169 126 165 127 169 170 131 127 170 134 130 129 129 171 172 129 172 173 129 173 134 171 129 174 132 174 129 131 170 165 131 165 166 147 132 131 147 131 166 143 132 147 174 132 142 142 132 143 134 175 133 133 175 139 134 173 175 135 137 136 138 139 176 138 176 177 178 163 138 177 178 138 139 175 176 179 141 140 140 180 181 140 181 179 140 144 182 183 180 140 182 183 140 179 142 141 179 174 142 144 145 182 145 184 182 145 155 184 146 155 145 164 155 146 161 162 149 157 150 149 150 157 156 152 151 159 185 186 152 187 185 152 159 187 152 184 152 186 152 184 155 153 188 156 189 188 153 189 153 154 167 189 154 168 167 154 154 155 164 168 154 164 167 156 188 158 190 159 163 190 158 190 187 159 160 162 161 178 190 163 169 165 170 189 167 188 181 171 174 191 172 171 191 171 181 192 193 172 192 172 191 193 173 172 193 175 173 181 174 179 176 175 193 176 193 192 176 192 194 177 176 194 194 178 177 195 190 178 196 195 178 194 196 178 180 197 191 180 191 181 198 197 180 183 198 180 182 184 183 184 186 183 183 186 198 186 185 198 185 195 196 198 185 196 185 187 195 187 190 195 197 199 191 200 192 191 200 191 199 201 194 192 201 192 200 194 201 202 202 203 194 196 194 203 198 196 204 204 196 203 197 205 199 206 205 197 207 208 197 198 207 197 197 208 206 207 198 204 201 200 199 201 199 209 205 209 199 202 201 209 202 209 210 211 203 202 210 211 202 207 204 203 211 207 203 210 209 205 210 205 206 206 208 210 207 211 208 208 211 210</p>
        </triangles>
      </mesh>
    </geometry>
    <geometry id="mesh_16" name="mesh_16">
      <mesh>
        <source id="mesh_16-positions">
          <float_array id="mesh_16-positions-array" count="636">-0.036030 0.358278 0.001522 -0.036630 0.358695 0.009142 -0.048272 0.361036 0.001502 -0.034843 0.361993 0.010667 -0.035042 0.359484 0.001524 -0.036630 0.358695 -0.006144 -0.034843 0.361993 -0.007670 -0.040233 0.360026 0.017071 -0.046121 0.361573 0.020928 -0.059345 0.362770 0.006095 -0.059418 0.363050 0.001502 -0.059632 0.363068 0.015027 -0.055554 0.363391 0.021032 -0.040233 0.360026 -0.014073 -0.046121 0.361573 -0.017930 -0.059345 0.362770 -0.003097 -0.059632 0.363068 -0.012029 -0.055554 0.363391 -0.018034 -0.034913 0.363708 0.001524 -0.036011 0.364404 0.011315 -0.039327 0.363824 0.018042 -0.036011 0.364404 -0.008317 -0.039327 0.363824 -0.015045 -0.046309 0.366167 0.021593 -0.062212 0.366589 0.006229 -0.062201 0.366468 0.001502 -0.062212 0.366589 -0.003231 -0.055852 0.368391 0.021736 -0.062144 0.364218 0.016691 -0.062825 0.368064 0.010488 -0.046309 0.366167 -0.018595 -0.062144 0.364218 -0.013693 -0.055852 0.368391 -0.018738 -0.062825 0.368064 -0.007490 -0.033194 0.372214 0.001526 -0.034603 0.371588 0.010972 -0.040538 0.366761 0.017629 -0.034603 0.371588 -0.007975 -0.040538 0.366761 -0.014632 -0.045747 0.369918 0.019779 -0.060887 0.372926 0.007563 -0.060445 0.372835 0.001503 -0.060887 0.372926 -0.004566 -0.055183 0.371626 0.020652 -0.060066 0.371469 0.019609 -0.062436 0.373858 0.010774 -0.045747 0.369918 -0.016781 -0.060066 0.371469 -0.016612 -0.055183 0.371626 -0.017654 -0.062436 0.373858 -0.007777 -0.032110 0.375472 0.001528 -0.032716 0.375277 0.011978 -0.039673 0.373452 0.018249 -0.032716 0.375277 -0.008980 -0.039673 0.373452 -0.015252 -0.043979 0.374749 0.019863 -0.057763 0.380192 0.007765 -0.059436 0.381043 0.011197 -0.057106 0.380107 0.001506 -0.057763 0.380192 -0.004768 -0.059436 0.381043 -0.008199 -0.052826 0.377525 0.020790 -0.056863 0.379527 0.021165 -0.065500 0.372571 0.017814 -0.062564 0.374312 0.021502 -0.060039 0.379185 0.025417 -0.069522 0.377379 0.005059 -0.043979 0.374749 -0.016865 -0.056863 0.379527 -0.018167 -0.052826 0.377525 -0.017792 -0.062564 0.374312 -0.018504 -0.065500 0.372571 -0.014816 -0.060039 0.379185 -0.022419 -0.069522 0.377379 -0.002061 -0.031547 0.379292 0.001528 -0.032320 0.379289 0.012170 -0.037368 0.376202 0.019230 -0.032320 0.379289 -0.009173 -0.037368 0.376202 -0.016232 -0.042854 0.377243 0.021804 -0.057094 0.386503 0.009488 -0.058031 0.385218 0.011912 -0.055778 0.385314 0.001507 -0.057094 0.386503 -0.006490 -0.058031 0.385218 -0.008914 -0.050211 0.380648 0.022783 -0.054472 0.381724 0.020503 -0.059821 0.384317 0.020548 -0.071776 0.381229 0.023578 -0.070831 0.377237 0.017908 -0.069229 0.371387 0.025116 -0.067663 0.370758 0.011555 -0.067255 0.379084 0.024213 -0.069822 0.373466 0.022148 -0.070901 0.372847 0.001502 -0.075690 0.363287 0.006382 -0.076897 0.380311 0.001504 -0.070581 0.382976 0.008868 -0.042854 0.377243 -0.018806 -0.054472 0.381724 -0.017506 -0.050211 0.380648 -0.019785 -0.059821 0.384317 -0.017550 -0.070831 0.377237 -0.014910 -0.071776 0.381229 -0.020580 -0.069229 0.371387 -0.022118 -0.067663 0.370758 -0.008557 -0.069822 0.373466 -0.019151 -0.067255 0.379084 -0.021215 -0.075690 0.363287 -0.003384 -0.070581 0.382976 -0.005870 -0.044957 0.383192 0.001508 -0.036769 0.380346 0.019475 -0.042867 0.382214 0.022785 -0.036769 0.380346 -0.016477 -0.042867 0.382214 -0.019787 -0.050860 0.384055 0.022915 -0.068190 0.390493 0.016775 -0.059279 0.385792 0.014965 -0.068386 0.388156 0.011107 -0.055502 0.385623 0.017843 -0.059279 0.385792 -0.011967 -0.068190 0.390493 -0.013777 -0.068386 0.388156 -0.008109 -0.055502 0.385623 -0.014845 -0.068464 0.384222 0.021773 -0.067139 0.386646 0.019061 -0.079819 0.392659 0.034710 -0.076188 0.383644 0.021636 -0.070798 0.386177 0.021810 -0.082347 0.370876 0.013569 -0.078260 0.371254 0.016275 -0.081823 0.384521 0.025681 -0.075067 0.381024 0.013604 -0.068435 0.369129 0.012954 -0.082802 0.367434 0.017774 -0.070593 0.380194 0.026622 -0.072336 0.378689 0.024410 -0.072200 0.384889 0.024733 -0.077285 0.368183 0.001501 -0.075600 0.362367 0.007898 -0.088124 0.371959 0.001503 -0.078363 0.377550 0.006232 -0.075108 0.375820 0.009424 -0.074438 0.379455 0.011431 -0.078363 0.377550 -0.003235 -0.075108 0.375820 -0.006426 -0.074438 0.379455 -0.008434 -0.071459 0.383647 0.012337 -0.050860 0.384055 -0.019917 -0.068464 0.384222 -0.018776 -0.067139 0.386646 -0.016063 -0.078260 0.371254 -0.013277 -0.082347 0.370876 -0.010571 -0.076188 0.383644 -0.018639 -0.081823 0.384521 -0.022683 -0.075067 0.381024 -0.010607 -0.079819 0.392659 -0.031712 -0.070798 0.386177 -0.018813 -0.068435 0.369129 -0.009957 -0.082802 0.367434 -0.014777 -0.072336 0.378689 -0.021412 -0.070593 0.380194 -0.023624 -0.072200 0.384889 -0.021735 -0.075600 0.362367 -0.004900 -0.071459 0.383647 -0.009339 -0.085191 0.391220 0.029336 -0.074646 0.386021 0.014792 -0.085191 0.391220 -0.026338 -0.074646 0.386021 -0.011794 -0.083810 0.389588 0.038297 -0.085721 0.388054 0.030093 -0.084881 0.369031 0.011297 -0.085715 0.365296 0.010770 -0.083731 0.361899 0.017542 -0.081912 0.372580 0.009949 -0.076962 0.360733 0.014216 -0.077242 0.365507 0.006588 -0.080352 0.364386 0.001500 -0.077242 0.365507 -0.003590 -0.086383 0.373713 0.005496 -0.096054 0.363148 0.001484 -0.086772 0.369899 0.005387 -0.086383 0.373713 -0.002498 -0.086772 0.369899 -0.002390 -0.081912 0.372580 -0.006951 -0.085715 0.365296 -0.007772 -0.084881 0.369031 -0.008299 -0.083731 0.361899 -0.014544 -0.083810 0.389588 -0.035300 -0.085722 0.388054 -0.027095 -0.076962 0.360733 -0.011218 -0.087577 0.366354 0.005555 -0.087044 0.364378 0.006255 -0.082761 0.362169 0.008792 -0.087640 0.360235 0.001498 -0.082761 0.362169 -0.005795 -0.087044 0.364378 -0.003257 -0.102841 0.354636 0.001479 -0.087577 0.366354 -0.002558 -0.097553 0.352701 0.004375 -0.090534 0.358761 0.005929 -0.099263 0.346278 0.003741 -0.099874 0.346144 0.001496 -0.099263 0.346278 -0.000743 -0.090534 0.358761 -0.002931 -0.105322 0.352040 0.004407 -0.106200 0.351047 0.001485 -0.097553 0.352701 -0.001377 -0.105322 0.352040 -0.001409 -0.104374 0.348707 0.004885 -0.102914 0.346942 0.001479 -0.104374 0.348707 -0.001888</float_array>
          <technique_common>
            <accessor source="#mesh_16-positions-array" count="212" stride="3">
              <param name="X" type="float"/>
              <param name="Y" type="float"/>
              <param name="Z" type="float"/>
            </accessor>
          </technique_common>
        </source>
        <source id="mesh_16-normals">
          <float_array id="mesh_16-normals-array" count="636">0.553305 -0.832979 0.000336 0.337809 -0.922969 0.184426 -0.178672 -0.983909 0.000014 0.936694 -0.216634 0.275088 0.937158 -0.348906 0.000227 0.337876 -0.922992 -0.184190 0.936793 -0.216572 -0.274801 0.371762 -0.795555 0.478419 0.118191 -0.663784 0.738527 -0.517874 -0.855313 -0.015691 -0.620809 -0.783962 -0.000015 -0.556145 -0.814544 0.164987 -0.293640 -0.634974 0.714551 0.371688 -0.795616 -0.478376 0.118138 -0.663820 -0.738503 -0.517871 -0.855316 0.015663 -0.556139 -0.814548 -0.164984 -0.293635 -0.634980 -0.714548 0.997778 0.066628 0.000159 0.940670 0.106644 0.322129 0.694452 0.045706 0.718085 0.940773 0.106685 -0.321813 0.694426 0.045677 -0.718113 0.271296 0.116205 0.955455 -0.938657 -0.343071 -0.034994 -0.998268 -0.058828 -0.000018 -0.938659 -0.343066 0.034992 -0.263834 -0.000780 0.964568 -0.799492 -0.300601 0.520049 -0.962621 -0.189227 -0.193789 0.271238 0.116204 -0.955472 -0.799467 -0.300665 -0.520051 -0.263834 -0.000780 -0.964568 -0.962622 -0.189209 0.193800 0.972289 -0.233784 0.000345 0.880639 -0.303933 0.363455 0.662375 0.109850 0.741075 0.880753 -0.303932 -0.363181 0.662340 0.109842 -0.741108 0.256104 0.123227 0.958763 -0.922907 0.280695 -0.263539 -0.932635 0.360822 -0.000076 -0.922909 0.280700 0.263526 -0.146124 0.049852 0.988009 -0.195438 -0.509529 0.837964 -0.828565 -0.346616 -0.439702 0.256026 0.123246 -0.958781 -0.195405 -0.509520 -0.837978 -0.146054 0.049806 -0.988022 -0.828544 -0.346658 0.439709 0.950195 -0.311657 0.000203 0.881763 -0.351968 0.314027 0.507140 -0.362390 0.781973 0.881821 -0.351954 -0.313879 0.507104 -0.362290 -0.782043 0.136826 -0.339373 0.930648 -0.914349 0.312270 -0.257787 -0.377658 0.245337 -0.892852 -0.963361 0.268209 -0.000146 -0.914372 0.312245 0.257733 -0.377619 0.245274 0.892886 -0.080682 -0.291611 0.953128 0.227812 0.038774 0.972933 -0.337016 -0.925538 0.172624 -0.418551 -0.523167 0.742369 0.081693 -0.074208 0.993891 0.681523 -0.061356 -0.729220 0.136785 -0.339306 -0.930678 0.227762 0.038711 -0.972947 -0.080639 -0.291606 -0.953133 -0.418648 -0.523087 -0.742370 -0.337022 -0.925535 -0.172628 0.081661 -0.074160 -0.993897 0.681706 -0.061366 0.729048 0.953634 0.300969 0.000170 0.852733 0.414446 0.317932 0.539611 -0.361298 0.760450 0.852780 0.414431 -0.317827 0.539599 -0.361253 -0.760479 0.087630 -0.368117 0.925641 -0.314048 0.881980 -0.351405 -0.298811 0.059779 -0.952438 -0.529358 0.848398 -0.000209 -0.314088 0.882016 0.351279 -0.298779 0.059763 0.952449 -0.197653 -0.114036 0.973617 -0.233378 0.335347 0.912731 0.173000 0.692196 0.700668 -0.310971 -0.497718 0.809675 -0.449715 -0.479690 0.753428 0.456178 -0.290020 0.841303 0.740015 -0.496847 0.453344 0.206989 0.200938 0.957486 -0.610989 -0.406230 0.679463 0.960759 -0.277383 -0.000188 0.602978 -0.654442 -0.456205 -0.303415 0.952858 0.000082 -0.316395 0.591661 -0.741506 0.087630 -0.368117 -0.925641 -0.233388 0.335305 -0.912743 -0.197605 -0.114088 -0.973620 0.172980 0.692202 -0.700667 -0.449693 -0.479734 -0.753413 -0.310996 -0.497739 -0.809653 0.455998 -0.290104 -0.841371 0.740059 -0.496761 -0.453366 -0.610944 -0.406163 -0.679543 0.207018 0.200936 -0.957480 0.602961 -0.654501 0.456144 -0.316305 0.591672 0.741536 0.263490 0.964662 -0.000002 0.644347 0.572268 0.507274 0.388861 0.420372 0.819802 0.644329 0.572276 -0.507287 0.388862 0.420376 -0.819799 -0.133318 0.463228 0.876154 0.056277 0.992600 -0.107604 0.211623 0.911551 0.352549 -0.489437 0.694834 -0.526932 0.005319 0.929887 0.367808 0.211623 0.911551 -0.352549 0.056277 0.992600 0.107604 -0.489437 0.694834 0.526932 0.005334 0.929902 -0.367768 0.462584 0.508221 0.726448 0.501920 0.529277 0.684063 0.563634 0.209535 0.799007 0.104186 -0.720087 0.686017 0.590543 0.094520 0.801452 -0.744591 0.448801 0.494127 -0.081566 0.157165 0.984198 -0.868189 -0.410103 -0.279398 -0.837706 0.458981 -0.295946 0.837661 -0.448297 0.312017 -0.014803 0.247225 0.968845 0.112617 -0.028811 0.993221 -0.928610 -0.247632 0.276335 -0.910455 0.362043 -0.199993 -0.194274 -0.980947 -0.000096 -0.282612 -0.877248 -0.388029 -0.739080 0.673618 0.000221 -0.374228 0.861029 0.344358 -0.630957 0.758245 0.164185 -0.815396 0.538894 -0.211477 -0.374012 0.861187 -0.344198 -0.630778 0.758428 -0.164033 -0.815375 0.538886 0.211578 -0.721836 0.465091 -0.512488 -0.133252 0.463269 -0.876143 0.462591 0.508204 -0.726456 0.501957 0.529341 -0.683986 -0.081548 0.157264 -0.984184 -0.744590 0.448800 -0.494130 0.104163 -0.720095 -0.686012 -0.868161 -0.410156 0.279407 -0.837715 0.458969 0.295941 0.563664 0.209597 -0.798970 0.590554 0.094554 -0.801439 0.837682 -0.448269 -0.311999 -0.014824 0.247322 -0.968820 -0.928632 -0.247604 -0.276288 0.112576 -0.028781 -0.993226 -0.910415 0.362075 0.200116 -0.282522 -0.877288 0.388003 -0.721863 0.465049 0.512487 -0.747788 0.578382 -0.326018 -0.631575 0.249268 -0.734152 -0.747710 0.578467 0.326046 -0.631575 0.249268 0.734152 -0.601943 -0.198419 0.773495 -0.747877 -0.605807 0.271436 -0.826981 0.378364 0.415864 -0.902363 -0.194989 0.384344 -0.808392 -0.429433 0.402603 -0.703906 0.666566 0.245368 0.213647 -0.942698 0.256271 0.018568 -0.946264 -0.322863 0.644250 -0.764815 -0.000067 0.018513 -0.946315 0.322714 -0.647254 0.575947 0.499348 -0.820443 0.571728 -0.000634 -0.770478 0.312969 0.555351 -0.647282 0.575965 -0.499290 -0.770181 0.313315 -0.555567 -0.703877 0.666591 -0.245385 -0.902354 -0.195011 -0.384355 -0.826967 0.378360 -0.415896 -0.808377 -0.429481 -0.402582 -0.601918 -0.198170 -0.773579 -0.747963 -0.605703 -0.271431 0.213601 -0.942717 -0.256240 -0.669916 0.189964 0.717723 -0.081881 -0.917475 0.389275 -0.274887 -0.924752 -0.263194 0.586203 -0.810165 0.000005 -0.274906 -0.924757 0.263158 -0.081780 -0.917422 -0.389421 -0.634961 0.772542 -0.001764 -0.668911 0.189344 -0.718824 -0.154405 0.202979 0.966933 -0.086529 -0.042294 0.995351 0.482911 -0.724857 0.491303 0.046782 -0.998904 -0.001125 0.482938 -0.724832 -0.491314 -0.086293 -0.042472 -0.995364 -0.785751 0.234550 0.572348 -0.996933 0.078247 -0.001066 -0.153407 0.201441 -0.967413 -0.784846 0.233613 -0.573970 -0.416303 -0.620062 0.664992 -0.727082 -0.686549 -0.001240 -0.414796 -0.619836 -0.666143</float_array>
          <technique_common>
            <accessor source="#mesh_16-normals-array" count="212" stride="3">
              <param name="X" type="float"/>
              <param name="Y" type="float"/>
              <param name="Z" type="float"/>
            </accessor>
          </technique_common>
        </source>
        <vertices id="mesh_16-vertices">
           <input semantic="POSITION" source="#mesh_16-positions"/>
        </vertices>
        <triangles count="424">
            <input semantic="VERTEX" source="#mesh_16-vertices" offset="0" />
            <input semantic="NORMAL" source="#mesh_16-normals" offset="0" />
          <p>0 1 2 3 1 0 3 0 4 2 5 0 0 5 6 4 0 6 1 7 2 7 1 3 7 8 2 9 10 2 2 11 9 12 11 2 2 8 12 2 13 5 2 14 13 2 10 15 15 16 2 2 16 17 17 14 2 18 19 3 18 3 4 20 3 19 7 3 20 4 6 18 6 5 13 6 21 18 21 6 22 22 6 13 8 7 20 8 20 23 12 8 23 10 9 24 11 24 9 10 24 25 26 15 10 25 26 10 27 28 11 27 11 12 11 28 29 11 29 24 12 23 27 22 13 14 30 22 14 30 14 17 15 26 16 16 31 32 17 16 32 33 31 16 26 33 16 32 30 17 34 19 18 18 21 34 34 35 19 36 19 35 20 19 36 23 20 36 21 37 34 37 21 38 38 21 22 38 22 30 23 36 39 27 23 39 40 25 24 40 24 29 25 40 41 41 42 25 26 25 42 33 26 42 27 39 43 43 28 27 43 44 28 29 28 45 28 44 45 40 29 45 46 38 30 46 30 32 31 47 48 32 31 48 49 31 33 49 47 31 48 46 32 49 33 42 50 35 34 34 37 50 50 51 35 52 35 51 36 35 52 39 36 52 37 53 50 53 37 54 54 37 38 54 38 46 39 52 55 43 39 55 41 40 56 40 57 56 40 45 57 41 56 58 59 42 41 58 59 41 59 60 42 60 49 42 43 55 61 61 44 43 61 62 44 63 44 64 65 64 44 65 44 62 44 63 45 57 45 66 66 45 63 67 54 46 67 46 48 47 68 69 48 47 69 70 47 71 47 70 72 68 47 72 49 71 47 69 67 48 73 49 60 71 49 73 74 51 50 50 53 74 74 75 51 76 51 75 52 51 76 55 52 76 53 77 74 77 53 78 78 53 54 78 54 67 55 76 79 61 55 79 58 56 80 56 57 81 56 81 80 66 81 57 58 80 82 83 59 58 82 83 58 84 60 59 83 84 59 60 84 73 61 79 85 85 62 61 85 86 62 87 65 62 87 62 86 88 89 63 88 63 90 63 64 65 63 65 90 63 89 91 63 91 66 65 92 93 65 93 90 87 92 65 94 66 95 66 94 96 66 96 97 91 95 66 66 97 81 98 78 67 98 67 69 68 99 100 69 68 100 68 72 101 99 68 101 100 98 69 72 70 71 71 102 103 104 71 103 104 72 71 105 102 71 73 105 71 106 107 72 104 106 72 72 107 101 108 73 94 96 94 73 109 96 73 73 108 105 84 109 73 75 74 110 110 74 77 76 75 111 111 75 110 112 79 76 112 76 111 113 77 78 110 77 113 78 98 114 113 78 114 115 85 79 115 79 112 116 117 80 80 118 116 80 97 118 97 80 81 82 80 110 80 119 110 117 119 80 110 83 82 83 120 121 121 122 83 122 109 83 84 83 109 110 123 83 83 123 120 115 86 85 119 87 86 115 119 86 119 117 87 87 124 92 124 87 125 125 87 117 126 127 88 127 89 88 88 90 124 128 88 124 126 88 128 129 130 89 127 131 89 89 130 91 89 132 129 89 131 132 90 93 124 95 91 133 134 133 91 134 91 130 124 135 92 135 93 92 135 136 93 136 137 93 93 137 124 94 95 138 138 108 94 138 95 139 95 133 139 140 141 96 96 141 142 96 142 143 143 97 96 96 144 140 145 144 96 146 145 96 96 109 146 143 147 97 97 147 118 98 100 148 114 98 148 100 99 148 99 101 123 99 123 148 101 120 123 107 149 101 150 101 149 120 101 150 102 151 152 103 102 153 102 154 153 105 151 102 152 155 102 155 154 102 103 153 156 149 104 103 149 103 157 157 103 156 149 106 104 158 105 108 105 158 159 151 105 159 106 160 161 107 106 161 106 162 160 149 162 106 107 161 149 163 108 138 163 158 108 109 164 146 122 164 109 112 111 110 115 112 110 119 115 110 110 113 114 110 114 148 110 148 123 117 116 125 126 125 116 165 126 116 165 116 166 116 147 166 147 116 118 150 121 120 121 150 156 121 156 167 168 121 167 168 164 121 122 121 164 124 137 135 124 125 128 126 128 125 126 169 127 169 126 165 127 169 170 131 127 170 134 130 129 129 171 172 129 172 173 129 173 134 171 129 174 132 174 129 131 170 165 131 165 166 147 132 131 147 131 166 143 132 147 174 132 142 142 132 143 134 175 133 133 175 139 134 173 175 135 137 136 138 139 176 138 176 177 178 163 138 177 178 138 139 175 176 179 141 140 140 180 181 140 181 179 140 144 182 183 180 140 182 183 140 179 142 141 179 174 142 144 145 182 145 184 182 145 155 184 146 155 145 164 155 146 161 162 149 157 150 149 150 157 156 152 151 159 185 186 152 187 185 152 159 187 152 184 152 186 152 184 155 153 188 156 189 188 153 189 153 154 167 189 154 168 167 154 154 155 164 168 154 164 167 156 188 158 190 159 163 190 158 190 187 159 160 162 161 178 190 163 169 165 170 189 167 188 181 171 174 191 172 171 191 171 181 192 193 172 192 172 191 193 173 172 193 175 173 181 174 179 176 175 193 176 193 192 176 192 194 177 176 194 194 178 177 195 190 178 196 195 178 194 196 178 180 197 191 180 191 181 198 197 180 183 198 180 182 184 183 184 186 183 183 186 198 186 185 198 185 195 196 198 185 196 185 187 195 187 190 195 197 199 191 200 192 191 200 191 199 201 194 192 201 192 200 194 201 202 202 203 194 196 194 203 198 196 204 204 196 203 197 205 199 206 205 197 207 208 197 198 207 197 197 208 206 207 198 204 201 200 199 201 199 209 205 209 199 202 201 209 202 209 210 211 203 202 210 211 202 207 204 203 211 207 203 210 209 205 210 205 206 206 208 210 207 211 208 208 211 210</p>
        </triangles>
      </mesh>
    </geometry>
    <geometry id="mesh_17" name="mesh_17">
      <mesh>
        <source id="mesh_17-positions">
          <float_array id="mesh_17-positions-array" count="636">-0.031074 0.382232 0.000658 -0.031628 0.382657 0.007916 -0.042610 0.385420 0.000638 -0.029790 0.385712 0.009369 -0.030083 0.383335 0.000659 -0.031628 0.382657 -0.006645 -0.029790 0.385712 -0.008098 -0.035002 0.384089 0.015469 -0.040541 0.385832 0.019143 -0.053076 0.387580 0.005013 -0.053134 0.387850 0.000638 -0.053337 0.387877 0.013521 -0.049442 0.387997 0.019242 -0.035002 0.384089 -0.014198 -0.040541 0.385832 -0.017871 -0.053076 0.387580 -0.003742 -0.053337 0.387877 -0.012250 -0.049442 0.387997 -0.017971 -0.029784 0.387347 0.000660 -0.030800 0.388060 0.009985 -0.033980 0.387660 0.016394 -0.030800 0.388060 -0.008714 -0.033980 0.387660 -0.015123 -0.040528 0.390211 0.019776 -0.055645 0.391345 0.005141 -0.055639 0.391230 0.000638 -0.055645 0.391345 -0.003870 -0.049516 0.392767 0.019912 -0.055679 0.389087 0.015107 -0.056166 0.392777 0.009198 -0.040528 0.390211 -0.018505 -0.055679 0.389087 -0.013836 -0.049516 0.392767 -0.018641 -0.056166 0.392777 -0.007927 -0.027792 0.395359 0.000662 -0.029159 0.394829 0.009659 -0.035010 0.390510 0.016001 -0.029159 0.394829 -0.008388 -0.035010 0.390510 -0.014730 -0.039835 0.393754 0.018048 -0.054119 0.397313 0.006412 -0.053703 0.397207 0.000640 -0.054119 0.397313 -0.005141 -0.048745 0.395814 0.018879 -0.053398 0.395889 0.017886 -0.055554 0.398271 0.009471 -0.039835 0.393754 -0.016777 -0.053398 0.395889 -0.016615 -0.048745 0.395814 -0.017608 -0.055554 0.398271 -0.008200 -0.026625 0.398409 0.000663 -0.027210 0.398251 0.010617 -0.033907 0.396836 0.016591 -0.027210 0.398251 -0.009346 -0.033907 0.396836 -0.015320 -0.037950 0.398268 0.018128 -0.050842 0.404082 0.006605 -0.052399 0.404968 0.009873 -0.050220 0.403971 0.000642 -0.050842 0.404082 -0.005334 -0.052399 0.404968 -0.008602 -0.046255 0.401316 0.019011 -0.050013 0.403407 0.019368 -0.058524 0.397188 0.016176 -0.055657 0.398709 0.019689 -0.053050 0.403228 0.023418 -0.062150 0.401947 0.004026 -0.037950 0.398268 -0.016857 -0.050013 0.403407 -0.018097 -0.046255 0.401316 -0.017740 -0.055657 0.398709 -0.018418 -0.058524 0.397188 -0.014905 -0.053050 0.403228 -0.022147 -0.062150 0.401947 -0.002756 -0.025929 0.402017 0.000664 -0.026664 0.402050 0.010800 -0.031598 0.399346 0.017525 -0.026664 0.402050 -0.009529 -0.031598 0.399346 -0.016254 -0.036776 0.400589 0.019977 -0.049941 0.410054 0.008245 -0.050887 0.408875 0.010554 -0.048738 0.408863 0.000644 -0.049941 0.410054 -0.006974 -0.050887 0.408875 -0.009283 -0.043635 0.404167 0.020909 -0.047646 0.405387 0.018738 -0.052628 0.408100 0.018780 -0.064136 0.405714 0.021666 -0.063402 0.401872 0.016265 -0.062123 0.396233 0.023131 -0.060658 0.395563 0.010214 -0.059922 0.403465 0.022272 -0.062600 0.398239 0.020305 -0.063653 0.397700 0.000639 -0.068611 0.388826 0.005287 -0.069047 0.405077 0.000640 -0.062925 0.407320 0.007655 -0.036776 0.400589 -0.018706 -0.047646 0.405387 -0.017467 -0.043635 0.404167 -0.019638 -0.052628 0.408100 -0.017510 -0.063402 0.401872 -0.014994 -0.064136 0.405714 -0.020395 -0.062123 0.396233 -0.021860 -0.060658 0.395563 -0.008943 -0.062600 0.398239 -0.019034 -0.059922 0.403465 -0.021000 -0.068611 0.388826 -0.004016 -0.062925 0.407320 -0.006384 -0.038528 0.406345 0.000644 -0.030855 0.403261 0.017758 -0.036580 0.405319 0.020911 -0.030855 0.403261 -0.016487 -0.036580 0.405319 -0.019640 -0.044110 0.407438 0.021035 -0.060335 0.414361 0.015187 -0.052051 0.409479 0.013463 -0.060619 0.412147 0.009788 -0.048463 0.409144 0.016204 -0.052051 0.409479 -0.012192 -0.060335 0.414361 -0.013916 -0.060619 0.412147 -0.008517 -0.048463 0.409144 -0.014933 -0.060858 0.408408 0.019948 -0.059495 0.410653 0.017364 -0.071311 0.416958 0.034466 -0.068233 0.408215 0.019817 -0.062998 0.410375 0.019983 -0.074629 0.396352 0.012133 -0.070723 0.396523 0.014710 -0.073560 0.409308 0.023670 -0.067276 0.405670 0.012166 -0.061461 0.394049 0.011547 -0.075206 0.393099 0.016138 -0.063052 0.404675 0.024566 -0.064774 0.403323 0.022459 -0.064386 0.409215 0.022767 -0.069924 0.393557 0.000638 -0.068563 0.387946 0.006731 -0.080082 0.397649 0.000639 -0.070558 0.402517 0.005144 -0.067532 0.400722 0.008185 -0.066742 0.404149 0.010097 -0.070558 0.402517 -0.003873 -0.067532 0.400722 -0.006914 -0.066742 0.404149 -0.008826 -0.063732 0.408000 0.010959 -0.044110 0.407438 -0.019764 -0.060858 0.408408 -0.018677 -0.059495 0.410653 -0.016093 -0.070723 0.396523 -0.013439 -0.074629 0.396352 -0.010862 -0.068233 0.408215 -0.018546 -0.073560 0.409308 -0.022399 -0.067276 0.405670 -0.010895 -0.071311 0.416958 -0.033108 -0.062998 0.410375 -0.018712 -0.061461 0.394049 -0.010276 -0.075206 0.393099 -0.014867 -0.064774 0.403323 -0.021188 -0.063052 0.404675 -0.023295 -0.064386 0.409215 -0.021496 -0.068563 0.387946 -0.005460 -0.063732 0.408000 -0.009688 -0.076485 0.415837 0.028999 -0.066666 0.410405 0.013298 -0.076485 0.415837 -0.027641 -0.066666 0.410405 -0.012027 -0.075239 0.414220 0.038116 -0.077122 0.412849 0.029769 -0.077117 0.394714 0.009968 -0.078068 0.391198 0.009466 -0.076321 0.387876 0.015917 -0.074144 0.397953 0.008684 -0.069928 0.386454 0.012749 -0.069994 0.391009 0.005483 -0.073002 0.390086 0.000637 -0.069994 0.391009 -0.004212 -0.078352 0.399237 0.004443 -0.087998 0.389631 0.000621 -0.078881 0.395627 0.004339 -0.078352 0.399237 -0.003172 -0.078881 0.395627 -0.003069 -0.074144 0.397953 -0.007413 -0.078068 0.391198 -0.008195 -0.077117 0.394714 -0.008698 -0.076321 0.387876 -0.014646 -0.075239 0.414220 -0.036758 -0.077122 0.412849 -0.028412 -0.069928 0.386454 -0.011478 -0.079795 0.392291 0.004500 -0.079371 0.390386 0.005166 -0.075386 0.388088 0.007583 -0.080112 0.386473 0.000635 -0.075386 0.388088 -0.006312 -0.079371 0.390386 -0.003895 -0.094231 0.382729 0.000659 -0.079795 0.392291 -0.003229 -0.089279 0.380644 0.003605 -0.082928 0.385204 0.004855 -0.091175 0.374613 0.002959 -0.091762 0.374513 0.000676 -0.091175 0.374613 -0.001602 -0.082928 0.385204 -0.003584 -0.096700 0.380374 0.003637 -0.097578 0.379470 0.000665 -0.089279 0.380644 -0.002247 -0.096700 0.380374 -0.002280 -0.095938 0.377159 0.004124 -0.094621 0.375413 0.000659 -0.095938 0.377159 -0.002766</float_array>
          <technique_common>
            <accessor source="#mesh_17-positions-array" count="212" stride="3">
              <param name="X" type="float"/>
              <param name="Y" type="float"/>
              <param name="Z" type="float"/>
            </accessor>
          </technique_common>
        </source>
        <source id="mesh_17-normals">
          <float_array id="mesh_17-normals-array" count="636">0.514284 -0.857620 0.000327 0.294128 -0.937713 0.184889 -0.225792 -0.974175 0.000014 0.925941 -0.258435 0.275401 0.920625 -0.390449 0.000209 0.294229 -0.937727 -0.184654 0.926034 -0.258390 -0.275128 0.333853 -0.811723 0.479217 0.086173 -0.668142 0.739027 -0.557224 -0.830215 -0.015660 -0.656383 -0.754428 -0.000014 -0.593470 -0.787774 0.164943 -0.323696 -0.620671 0.714135 0.333822 -0.811726 -0.479233 0.086131 -0.668202 -0.738977 -0.557221 -0.830217 0.015635 -0.593465 -0.787777 -0.164941 -0.323667 -0.620720 -0.714106 0.999750 0.022363 0.000164 0.944512 0.064795 0.322024 0.695698 0.014809 0.718182 0.944611 0.064813 -0.321730 0.695675 0.014774 -0.718205 0.276426 0.104108 0.955379 -0.953122 -0.300550 -0.035053 -0.999898 -0.014266 -0.000020 -0.953122 -0.300551 0.035049 -0.263649 0.010922 0.964557 -0.812301 -0.264446 0.519842 -0.970145 -0.146102 -0.193580 0.276426 0.104033 -0.955388 -0.812301 -0.264446 -0.519842 -0.263649 0.010922 -0.964557 -0.970145 -0.146102 0.193580 0.960990 -0.276584 0.000352 0.866074 -0.342798 0.363876 0.666684 0.080441 0.740987 0.866178 -0.342819 -0.363607 0.666684 0.080441 -0.740987 0.261630 0.111815 0.958670 -0.909459 0.321388 -0.263806 -0.915589 0.402115 -0.000074 -0.909470 0.321384 0.263773 -0.143659 0.056286 0.988025 -0.219603 -0.500074 0.837676 -0.843630 -0.308932 -0.439145 0.261630 0.111815 -0.958670 -0.219603 -0.500074 -0.837676 -0.143659 0.056286 -0.988025 -0.843634 -0.308915 0.439151 0.935398 -0.353596 0.000205 0.864919 -0.391164 0.314493 0.489480 -0.384715 0.782562 0.864973 -0.391166 -0.314341 0.489480 -0.384715 -0.782562 0.120284 -0.345161 0.930804 -0.899383 0.352758 -0.258209 -0.365868 0.261908 -0.893054 -0.950456 0.310860 -0.000148 -0.899413 0.352748 0.258119 -0.365890 0.261916 0.893042 -0.094662 -0.287712 0.953027 0.229311 0.028569 0.972934 -0.380106 -0.908759 0.172271 -0.442946 -0.503736 0.741653 0.078177 -0.078006 0.993883 0.678165 -0.091516 -0.729189 0.120284 -0.345161 -0.930804 0.229341 0.028521 -0.972928 -0.094662 -0.287712 -0.953027 -0.442946 -0.503736 -0.741653 -0.380113 -0.908756 -0.172268 0.078132 -0.077991 -0.993888 0.678328 -0.091485 0.729042 0.966242 0.257636 0.000171 0.870792 0.375227 0.317689 0.521994 -0.385057 0.761087 0.870834 0.375239 -0.317558 0.521994 -0.385057 -0.761087 0.069786 -0.371649 0.925747 -0.272213 0.895477 -0.352167 -0.295994 0.072800 -0.952412 -0.489475 0.872017 -0.000237 -0.272254 0.895518 0.352029 -0.295996 0.072774 0.952413 -0.202859 -0.105118 0.973549 -0.217101 0.345350 0.913017 0.205963 0.683539 0.700253 -0.329477 -0.504098 0.798329 -0.471502 -0.458469 0.753321 0.442510 -0.310103 0.841440 0.716819 -0.529852 0.453241 0.216385 0.191486 0.957346 -0.628992 -0.378296 0.679163 0.947263 -0.320458 -0.000238 0.572154 -0.681166 -0.456785 -0.258110 0.966116 0.000033 -0.288513 0.605704 -0.741541 0.069786 -0.371649 -0.925747 -0.217048 0.345328 -0.913038 -0.202859 -0.105118 -0.973549 0.205972 0.683506 -0.700282 -0.471502 -0.458469 -0.753321 -0.329627 -0.503337 -0.798748 0.442510 -0.310103 -0.841440 0.716831 -0.529840 -0.453236 -0.629010 -0.378159 -0.679222 0.216380 0.191468 -0.957350 0.572129 -0.681212 0.456748 -0.288408 0.605682 0.741600 0.309376 0.950940 -0.000004 0.670362 0.541912 0.506899 0.408353 0.402030 0.819524 0.670358 0.541921 -0.506894 0.408354 0.402034 -0.819522 -0.111043 0.468308 0.876560 0.102544 0.989314 -0.103646 0.254967 0.900555 0.352125 -0.456379 0.716606 -0.527442 0.049946 0.928519 0.367910 0.254969 0.900562 -0.352106 0.102648 0.989283 0.103835 -0.456379 0.716606 0.527442 0.049997 0.928525 -0.367888 0.486100 0.487016 0.725619 0.537930 0.495191 0.682215 0.620794 0.128136 0.773431 0.036202 -0.790728 0.611096 0.610588 0.029351 0.791404 -0.723110 0.481991 0.494769 -0.073955 0.160799 0.984212 -0.890033 -0.372967 -0.262176 -0.815527 0.496926 -0.296614 0.816497 -0.486104 0.311504 -0.003125 0.247797 0.968807 0.110898 -0.033981 0.993251 -0.938794 -0.206338 0.275844 -0.893419 0.401779 -0.200939 -0.239514 -0.970893 -0.000131 -0.322536 -0.863545 -0.387636 -0.707043 0.707170 0.000196 -0.332695 0.877806 0.344632 -0.594711 0.786985 0.164239 -0.789744 0.575579 -0.212163 -0.332517 0.877944 -0.344452 -0.594576 0.787121 -0.164070 -0.789730 0.575570 0.212238 -0.699469 0.497436 -0.513128 -0.111038 0.468311 -0.876559 0.486100 0.486985 -0.725639 0.537511 0.495543 -0.682290 -0.073955 0.160799 -0.984212 -0.723089 0.481966 -0.494824 0.037519 -0.788540 -0.613838 -0.889558 -0.374030 0.262276 -0.815527 0.496927 0.296614 0.619263 0.130416 -0.774277 0.610014 0.030700 -0.791795 0.816497 -0.486104 -0.311504 -0.003125 0.247797 -0.968807 -0.938794 -0.206338 -0.275844 0.111002 -0.034000 -0.993238 -0.893419 0.401779 0.200939 -0.322427 -0.863600 0.387601 -0.699469 0.497436 0.513128 -0.721278 0.633887 -0.279188 -0.622624 0.324209 -0.712200 -0.721425 0.632826 0.281206 -0.622549 0.322083 0.713228 -0.625272 -0.212271 0.750983 -0.769976 -0.605966 0.199857 -0.808865 0.415218 0.416332 -0.910204 -0.154477 0.384274 -0.827172 -0.392203 0.402448 -0.672182 0.698362 0.245890 0.168767 -0.951692 0.256516 -0.026204 -0.946108 -0.322790 0.607729 -0.794144 -0.000092 -0.026249 -0.946153 0.322653 -0.619547 0.605017 0.500117 -0.790083 0.612996 -0.002191 -0.755290 0.347052 0.555961 -0.619564 0.605072 -0.500028 -0.754968 0.347332 -0.556223 -0.672140 0.698402 -0.245891 -0.910167 -0.154556 -0.384328 -0.808852 0.415156 -0.416417 -0.827172 -0.392203 -0.402448 -0.625403 -0.210319 -0.751424 -0.769743 -0.605485 -0.202199 0.168767 -0.951692 -0.256516 -0.658560 0.224128 0.718377 -0.133211 -0.915974 0.378479 -0.318201 -0.910744 -0.263238 0.544456 -0.838789 -0.000145 -0.318201 -0.910743 0.263238 -0.129160 -0.914099 -0.384370 -0.591440 0.806344 -0.002903 -0.659193 0.222170 -0.718405 -0.135161 0.213795 0.967483 -0.072902 -0.044344 0.996353 0.450121 -0.752525 0.480725 -0.004315 -0.999990 -0.001043 0.447087 -0.751224 -0.485567 -0.081352 -0.042979 -0.995758 -0.778576 0.277743 0.562742 -0.992860 0.119278 -0.000972 -0.140722 0.213740 -0.966702 -0.777788 0.276717 -0.564335 -0.445324 -0.604672 0.660347 -0.757302 -0.653064 -0.001140 -0.443872 -0.604582 -0.661407</float_array>
          <technique_common>
            <accessor source="#mesh_17-normals-array" count="212" stride="3">
              <param name="X" type="float"/>
              <param name="Y" type="float"/>
              <param name="Z" type="float"/>
            </accessor>
          </technique_common>
        </source>
        <vertices id="mesh_17-vertices">
           <input semantic="POSITION" source="#mesh_17-positions"/>
        </vertices>
        <triangles count="424">
            <input semantic="VERTEX" source="#mesh_17-vertices" offset="0" />
            <input semantic="NORMAL" source="#mesh_17-normals" offset="0" />
          <p>0 1 2 3 1 0 3 0 4 2 5 0 0 5 6 4 0 6 1 7 2 7 1 3 7 8 2 9 10 2 2 11 9 12 11 2 2 8 12 2 13 5 2 14 13 2 10 15 15 16 2 2 16 17 17 14 2 18 19 3 18 3 4 20 3 19 7 3 20 4 6 18 6 5 13 6 21 18 21 6 22 22 6 13 8 7 20 8 20 23 12 8 23 10 9 24 11 24 9 10 24 25 26 15 10 25 26 10 27 28 11 27 11 12 11 28 29 11 29 24 12 23 27 22 13 14 30 22 14 30 14 17 15 26 16 16 31 32 17 16 32 33 31 16 26 33 16 32 30 17 34 19 18 18 21 34 34 35 19 36 19 35 20 19 36 23 20 36 21 37 34 37 21 38 38 21 22 38 22 30 23 36 39 27 23 39 40 25 24 40 24 29 25 40 41 41 42 25 26 25 42 33 26 42 27 39 43 43 28 27 43 44 28 29 28 45 28 44 45 40 29 45 46 38 30 46 30 32 31 47 48 32 31 48 49 31 33 49 47 31 48 46 32 49 33 42 50 35 34 34 37 50 50 51 35 52 35 51 36 35 52 39 36 52 37 53 50 53 37 54 54 37 38 54 38 46 39 52 55 43 39 55 41 40 56 40 57 56 40 45 57 41 56 58 59 42 41 58 59 41 59 60 42 60 49 42 43 55 61 61 44 43 61 62 44 63 44 64 65 64 44 65 44 62 44 63 45 57 45 66 66 45 63 67 54 46 67 46 48 47 68 69 48 47 69 70 47 71 47 70 72 68 47 72 49 71 47 69 67 48 73 49 60 71 49 73 74 51 50 50 53 74 74 75 51 76 51 75 52 51 76 55 52 76 53 77 74 77 53 78 78 53 54 78 54 67 55 76 79 61 55 79 58 56 80 56 57 81 56 81 80 66 81 57 58 80 82 83 59 58 82 83 58 84 60 59 83 84 59 60 84 73 61 79 85 85 62 61 85 86 62 87 65 62 87 62 86 88 89 63 88 63 90 63 64 65 63 65 90 63 89 91 63 91 66 65 92 93 65 93 90 87 92 65 94 66 95 66 94 96 66 96 97 91 95 66 66 97 81 98 78 67 98 67 69 68 99 100 69 68 100 68 72 101 99 68 101 100 98 69 72 70 71 71 102 103 104 71 103 104 72 71 105 102 71 73 105 71 106 107 72 104 106 72 72 107 101 108 73 94 96 94 73 109 96 73 73 108 105 84 109 73 75 74 110 110 74 77 76 75 111 111 75 110 112 79 76 112 76 111 113 77 78 110 77 113 78 98 114 113 78 114 115 85 79 115 79 112 116 117 80 80 118 116 80 97 118 97 80 81 82 80 110 80 119 110 117 119 80 110 83 82 83 120 121 121 122 83 122 109 83 84 83 109 110 123 83 83 123 120 115 86 85 119 87 86 115 119 86 119 117 87 87 124 92 124 87 125 125 87 117 126 127 88 127 89 88 88 90 124 128 88 124 126 88 128 129 130 89 127 131 89 89 130 91 89 132 129 89 131 132 90 93 124 95 91 133 134 133 91 134 91 130 124 135 92 135 93 92 135 136 93 136 137 93 93 137 124 94 95 138 138 108 94 138 95 139 95 133 139 140 141 96 96 141 142 96 142 143 143 97 96 96 144 140 145 144 96 146 145 96 96 109 146 143 147 97 97 147 118 98 100 148 114 98 148 100 99 148 99 101 123 99 123 148 101 120 123 107 149 101 150 101 149 120 101 150 102 151 152 103 102 153 102 154 153 105 151 102 152 155 102 155 154 102 103 153 156 149 104 103 149 103 157 157 103 156 149 106 104 158 105 108 105 158 159 151 105 159 106 160 161 107 106 161 106 162 160 149 162 106 107 161 149 163 108 138 163 158 108 109 164 146 122 164 109 112 111 110 115 112 110 119 115 110 110 113 114 110 114 148 110 148 123 117 116 125 126 125 116 165 126 116 165 116 166 116 147 166 147 116 118 150 121 120 121 150 156 121 156 167 168 121 167 168 164 121 122 121 164 124 137 135 124 125 128 126 128 125 126 169 127 169 126 165 127 169 170 131 127 170 134 130 129 129 171 172 129 172 173 129 173 134 171 129 174 132 174 129 131 170 165 131 165 166 147 132 131 147 131 166 143 132 147 174 132 142 142 132 143 134 175 133 133 175 139 134 173 175 135 137 136 138 139 176 138 176 177 178 163 138 177 178 138 139 175 176 179 141 140 140 180 181 140 181 179 140 144 182 183 180 140 182 183 140 179 142 141 179 174 142 144 145 182 145 184 182 145 155 184 146 155 145 164 155 146 161 162 149 157 150 149 150 157 156 152 151 159 185 186 152 187 185 152 159 187 152 184 152 186 152 184 155 153 188 156 189 188 153 189 153 154 167 189 154 168 167 154 154 155 164 168 154 164 167 156 188 158 190 159 163 190 158 190 187 159 160 162 161 178 190 163 169 165 170 189 167 188 181 171 174 191 172 171 191 171 181 192 193 172 192 172 191 193 173 172 193 175 173 181 174 179 176 175 193 176 193 192 176 192 194 177 176 194 194 178 177 195 190 178 196 195 178 194 196 178 180 197 191 180 191 181 198 197 180 183 198 180 182 184 183 184 186 183 183 186 198 186 185 198 185 195 196 198 185 196 185 187 195 187 190 195 197 199 191 200 192 191 200 191 199 201 194 192 201 192 200 194 201 202 202 203 194 196 194 203 198 196 204 204 196 203 197 205 199 206 205 197 207 208 197 198 207 197 197 208 206 207 198 204 201 200 199 201 199 209 205 209 199 202 201 209 202 209 210 211 203 202 210 211 202 207 204 203 211 207 203 210 209 205 210 205 206 206 208 210 207 211 208 208 211 210</p>
        </triangles>
      </mesh>
    </geometry>
    <geometry id="mesh_18" name="mesh_18">
      <mesh>
        <source id="mesh_18-positions">
          <float_array id="mesh_18-positions-array" count="636">-0.026216 0.405048 0.000620 -0.026714 0.405479 0.007455 -0.036901 0.408702 0.000601 -0.024828 0.408246 0.008824 -0.025227 0.406028 0.000621 -0.026714 0.405479 -0.006258 -0.024828 0.408246 -0.007627 -0.029814 0.407017 0.014569 -0.034933 0.408971 0.018029 -0.046633 0.411328 0.004721 -0.046673 0.411584 0.000601 -0.046863 0.411622 0.012734 -0.043194 0.411512 0.018122 -0.029814 0.407017 -0.013372 -0.034933 0.408971 -0.016832 -0.046633 0.411328 -0.003524 -0.046863 0.411622 -0.011537 -0.043194 0.411512 -0.016925 -0.024738 0.409783 0.000621 -0.025657 0.410510 0.009404 -0.028668 0.410316 0.015440 -0.025657 0.410510 -0.008207 -0.028668 0.410316 -0.014243 -0.034695 0.413087 0.018625 -0.048855 0.415013 0.004842 -0.048855 0.414905 0.000601 -0.048855 0.415013 -0.003645 -0.043017 0.416000 0.018753 -0.049003 0.412892 0.014228 -0.049271 0.416388 0.008663 -0.034695 0.413087 -0.017428 -0.049003 0.412892 -0.013031 -0.043017 0.416000 -0.017556 -0.049271 0.416388 -0.007466 -0.022451 0.417200 0.000623 -0.023764 0.416780 0.009097 -0.029490 0.413054 0.015070 -0.023764 0.416780 -0.007900 -0.029490 0.413054 -0.013873 -0.033861 0.416377 0.016998 -0.047111 0.420536 0.006039 -0.046725 0.420412 0.000602 -0.047111 0.420536 -0.004842 -0.042134 0.418821 0.017781 -0.046506 0.419157 0.016846 -0.048411 0.421519 0.008920 -0.033861 0.416377 -0.015801 -0.046506 0.419157 -0.015649 -0.042134 0.418821 -0.016584 -0.048411 0.421519 -0.007723 -0.021195 0.420001 0.000624 -0.021754 0.419886 0.009999 -0.028126 0.418937 0.015626 -0.021754 0.419886 -0.008802 -0.028126 0.418937 -0.014429 -0.031855 0.420513 0.017073 -0.043679 0.426712 0.006220 -0.045097 0.427634 0.009299 -0.043100 0.426572 0.000605 -0.043679 0.426712 -0.005023 -0.045097 0.427634 -0.008102 -0.039507 0.423851 0.017905 -0.042934 0.426031 0.018241 -0.050555 0.420310 0.015235 -0.048486 0.421936 0.018543 -0.045800 0.426035 0.022056 -0.053470 0.425002 0.003792 -0.031855 0.420513 -0.015876 -0.042934 0.426031 -0.017044 -0.039507 0.423851 -0.016708 -0.048486 0.421936 -0.017346 -0.050555 0.420310 -0.014038 -0.045800 0.426035 -0.020859 -0.053470 0.425002 -0.002595 -0.020354 0.423353 0.000625 -0.021045 0.423425 0.010172 -0.025825 0.421165 0.016505 -0.021045 0.423425 -0.008975 -0.025825 0.421165 -0.015308 -0.030630 0.422628 0.018814 -0.042523 0.432275 0.007766 -0.043473 0.431220 0.009940 -0.041454 0.431086 0.000606 -0.042523 0.432275 -0.006569 -0.043473 0.431220 -0.008743 -0.036897 0.426382 0.019693 -0.040605 0.427757 0.017648 -0.045151 0.430591 0.017688 -0.055143 0.428656 0.020406 -0.054651 0.425003 0.015319 -0.053989 0.419617 0.021786 -0.052646 0.418904 0.009620 -0.051296 0.426302 0.020976 -0.054085 0.421542 0.019123 -0.055353 0.421083 0.000602 -0.060474 0.413024 0.004980 -0.059795 0.428336 0.000603 -0.053921 0.430097 0.007209 -0.030630 0.422628 -0.017617 -0.040605 0.427757 -0.016451 -0.036897 0.426382 -0.018496 -0.045151 0.430591 -0.016491 -0.054651 0.425003 -0.014122 -0.055143 0.428656 -0.019209 -0.053989 0.419617 -0.020588 -0.052646 0.418904 -0.008423 -0.054085 0.421542 -0.017926 -0.051296 0.426302 -0.019779 -0.060474 0.413024 -0.003782 -0.053921 0.430097 -0.006012 -0.031981 0.428139 0.000607 -0.024924 0.424802 0.016725 -0.030202 0.427063 0.019694 -0.024924 0.424802 -0.015528 -0.030202 0.427063 -0.018497 -0.037174 0.429484 0.019811 -0.051122 0.436568 0.014303 -0.044537 0.431854 0.012679 -0.051503 0.434503 0.009218 -0.041180 0.431335 0.015261 -0.044537 0.431854 -0.011482 -0.051122 0.436568 -0.013106 -0.051503 0.434503 -0.008021 -0.041180 0.431335 -0.014064 -0.051921 0.431002 0.018787 -0.050523 0.433034 0.016354 -0.061316 0.441012 0.032461 -0.058867 0.431240 0.018664 -0.053832 0.432973 0.018820 -0.065467 0.419863 0.011427 -0.062063 0.420379 0.013854 -0.063826 0.433949 0.022293 -0.058099 0.428793 0.011459 -0.053480 0.417526 0.010875 -0.066178 0.416838 0.015199 -0.054178 0.427617 0.023137 -0.055867 0.426445 0.021152 -0.055197 0.431961 0.021442 -0.061465 0.417546 0.000601 -0.060474 0.412194 0.006339 -0.070528 0.421393 0.000602 -0.061348 0.426016 0.004845 -0.058595 0.424157 0.007708 -0.057675 0.427333 0.009509 -0.061348 0.426016 -0.003648 -0.058595 0.424157 -0.006511 -0.057675 0.427333 -0.008312 -0.054645 0.430782 0.010321 -0.037174 0.429484 -0.018614 -0.051921 0.431002 -0.017590 -0.050523 0.433034 -0.015157 -0.062063 0.420379 -0.012657 -0.065467 0.419863 -0.010230 -0.058867 0.431240 -0.017467 -0.063826 0.433949 -0.021096 -0.058099 0.428793 -0.010262 -0.061316 0.441012 -0.031182 -0.053832 0.432973 -0.017623 -0.053480 0.417526 -0.009678 -0.066178 0.416838 -0.014002 -0.055867 0.426445 -0.019955 -0.054178 0.427617 -0.021940 -0.055197 0.431961 -0.020245 -0.060474 0.412194 -0.005142 -0.054645 0.430782 -0.009124 -0.066239 0.440252 0.027311 -0.057280 0.433210 0.012524 -0.066239 0.440252 -0.026033 -0.057280 0.433210 -0.011327 -0.065151 0.438662 0.035898 -0.066993 0.437481 0.028037 -0.067892 0.418465 0.009388 -0.068967 0.415215 0.008916 -0.067496 0.411992 0.014991 -0.064928 0.421341 0.008179 -0.061835 0.410870 0.012008 -0.061662 0.415155 0.005164 -0.064260 0.413880 0.000600 -0.061662 0.415155 -0.003967 -0.068819 0.422787 0.004184 -0.078387 0.414307 0.000585 -0.069504 0.419424 0.004087 -0.068819 0.422787 -0.002987 -0.069504 0.419424 -0.002890 -0.064928 0.421341 -0.006982 -0.068967 0.415215 -0.007719 -0.067892 0.418465 -0.008192 -0.067496 0.411992 -0.013794 -0.065151 0.438662 -0.034620 -0.066993 0.437481 -0.026759 -0.061835 0.410870 -0.010811 -0.070536 0.416341 0.004238 -0.070235 0.414526 0.004865 -0.066606 0.412139 0.007142 -0.071134 0.410889 0.000598 -0.066606 0.412139 -0.005945 -0.070235 0.414526 -0.003668 -0.084607 0.408173 0.000621 -0.070536 0.416341 -0.003041 -0.080057 0.405932 0.003395 -0.073848 0.409857 0.004573 -0.082152 0.400370 0.002787 -0.082709 0.400311 0.000636 -0.082152 0.400370 -0.001509 -0.073848 0.409857 -0.003376 -0.087051 0.406100 0.003426 -0.087923 0.405301 0.000626 -0.080057 0.405932 -0.002116 -0.087051 0.406100 -0.002147 -0.086500 0.403035 0.003884 -0.085352 0.401319 0.000620 -0.086500 0.403035 -0.002606</float_array>
          <technique_common>
            <accessor source="#mesh_18-positions-array" count="212" stride="3">
              <param name="X" type="float"/>
              <param name="Y" type="float"/>
              <param name="Z" type="float"/>
            </accessor>
          </technique_common>
        </source>
        <source id="mesh_18-normals">
          <float_array id="mesh_18-normals-array" count="636">0.463607 -0.886041 0.000334 0.238592 -0.953268 0.185348 -0.283761 -0.958895 0.000014 0.909832 -0.310020 0.275851 0.897092 -0.441845 0.000214 0.238694 -0.953289 -0.185109 0.909930 -0.309978 -0.275575 0.285464 -0.829379 0.480251 0.046078 -0.671454 0.739613 -0.604463 -0.796482 -0.015556 -0.698606 -0.715506 -0.000014 -0.638039 -0.752169 0.164766 -0.360151 -0.600955 0.713544 0.285458 -0.829382 -0.480248 0.046076 -0.671457 -0.739610 -0.604460 -0.796484 0.015530 -0.638035 -0.752173 -0.164763 -0.360147 -0.600961 -0.713541 0.999460 -0.032855 0.000160 0.946662 0.012604 0.321981 0.695262 -0.023629 0.718368 0.946760 0.012617 -0.321692 0.695262 -0.023629 -0.718368 0.282066 0.088763 0.955280 -0.968432 -0.246787 -0.035154 -0.999133 0.041639 -0.000016 -0.968432 -0.246787 0.035151 -0.262683 0.025400 0.964548 -0.825947 -0.218597 0.519641 -0.976793 -0.091927 -0.193455 0.282066 0.088763 -0.955280 -0.825947 -0.218597 -0.519641 -0.262683 0.025400 -0.964548 -0.976793 -0.091927 0.193455 0.944128 -0.329578 0.000345 0.845302 -0.390673 0.364470 0.670181 0.043551 0.740919 0.845405 -0.390699 -0.364206 0.670181 0.043551 -0.740919 0.267781 0.097209 0.958563 -0.889961 0.371651 -0.264281 -0.891565 0.452893 -0.000070 -0.889970 0.371650 0.264253 -0.140133 0.064140 0.988053 -0.243575 -0.490247 0.836857 -0.852931 -0.275841 -0.443193 0.267781 0.097208 -0.958563 -0.243575 -0.490247 -0.836857 -0.140133 0.064140 -0.988053 -0.852931 -0.275841 0.443193 0.914134 -0.405412 0.000202 0.841361 -0.439041 0.315207 0.465904 -0.411535 0.783309 0.841415 -0.439046 -0.315056 0.465904 -0.411535 -0.783309 0.099272 -0.351236 0.931009 -0.878135 0.402484 -0.258622 -0.333458 0.274941 -0.901783 -0.931673 0.363297 -0.000147 -0.878169 0.402470 0.258530 -0.333458 0.274941 0.901783 -0.111820 -0.281995 0.952877 0.230568 0.015736 0.972929 -0.468760 -0.871857 0.141879 -0.558638 -0.418282 0.716215 0.034740 -0.024878 0.999087 0.680237 -0.149202 -0.717646 0.099272 -0.351236 -0.931009 0.230568 0.015736 -0.972929 -0.111820 -0.281996 -0.952877 -0.558638 -0.418282 -0.716215 -0.468763 -0.871856 -0.141874 0.034735 -0.024898 -0.999086 0.680430 -0.149181 0.717468 0.979184 0.202975 0.000169 0.890714 0.325238 0.317565 0.498358 -0.413661 0.761922 0.890757 0.325249 -0.317436 0.498358 -0.413661 -0.761922 0.047338 -0.374964 0.925830 -0.213960 0.912221 -0.349390 -0.270047 0.081576 -0.959385 -0.438367 0.898796 -0.000219 -0.213993 0.912266 0.349254 -0.270047 0.081576 0.959385 -0.208808 -0.093587 0.973468 -0.196175 0.356998 0.913273 0.238589 0.673105 0.700003 -0.364601 -0.466255 0.806022 -0.530127 -0.405502 0.744670 0.414688 -0.280927 0.865514 0.682143 -0.566345 0.462530 0.212623 0.182333 0.959972 -0.658890 -0.331736 0.675141 0.919254 -0.393666 -0.000227 0.527352 -0.714417 -0.459900 -0.213781 0.976882 0.000046 -0.249031 0.625517 -0.739400 0.047338 -0.374964 -0.925830 -0.196175 0.356999 -0.913273 -0.208808 -0.093587 -0.973468 0.238589 0.673105 -0.700003 -0.530127 -0.405502 -0.744670 -0.364666 -0.465481 -0.806440 0.414709 -0.281037 -0.865468 0.682151 -0.566329 -0.462537 -0.658868 -0.331774 -0.675143 0.212624 0.182333 -0.959972 0.527334 -0.714512 0.459774 -0.248935 0.625526 0.739425 0.365541 0.930795 -0.000002 0.700792 0.502219 0.506623 0.431339 0.377682 0.819331 0.700789 0.502228 -0.506618 0.431340 0.377686 -0.819328 -0.083031 0.473258 0.877002 0.185849 0.974336 -0.127000 0.322843 0.879402 0.349891 -0.420709 0.740585 -0.523963 0.105427 0.923856 0.367933 0.322843 0.879402 -0.349891 0.186009 0.974275 0.127234 -0.420709 0.740585 0.523963 0.105443 0.923857 -0.367928 0.511198 0.453390 0.730147 0.572254 0.468870 0.672820 0.632753 0.126930 0.763880 -0.116916 -0.790844 0.600747 0.609610 0.015670 0.792547 -0.714110 0.525466 0.462529 -0.121543 0.224109 0.966955 -0.908762 -0.330799 -0.254407 -0.799997 0.523451 -0.293264 0.786411 -0.535630 0.307666 -0.009938 0.251647 0.967768 0.108253 -0.040335 0.993305 -0.949064 -0.154010 0.274881 -0.869566 0.450528 -0.202186 -0.266351 -0.963876 -0.000226 -0.371057 -0.844090 -0.387077 -0.686263 0.727354 0.000191 -0.319913 0.878641 0.354465 -0.578060 0.796145 0.178884 -0.755378 0.619817 -0.212676 -0.319721 0.878788 -0.354273 -0.577918 0.796288 -0.178707 -0.755364 0.619807 0.212755 -0.674319 0.524946 -0.519351 -0.083026 0.473261 -0.877001 0.511212 0.453380 -0.730143 0.571869 0.469278 -0.672863 -0.121543 0.224109 -0.966955 -0.714091 0.525440 -0.462587 -0.115262 -0.789111 -0.603339 -0.908043 -0.333233 0.253799 -0.799997 0.523451 0.293264 0.631443 0.129234 -0.764577 0.609119 0.017053 -0.792896 0.786378 -0.535648 -0.307718 -0.009938 0.251647 -0.967768 -0.949064 -0.154010 -0.274880 0.108253 -0.040335 -0.993305 -0.869566 0.450528 0.202186 -0.371109 -0.844157 0.386882 -0.674319 0.524946 0.519351 -0.671203 0.675847 -0.304495 -0.598850 0.343684 -0.723367 -0.671505 0.674637 0.306506 -0.599105 0.341274 0.724296 -0.664806 -0.111534 0.738643 -0.857065 -0.499872 0.124770 -0.783750 0.460107 0.417178 -0.917341 -0.103544 0.384401 -0.834774 -0.364724 0.412468 -0.651778 0.715312 0.252021 0.172970 -0.951969 0.252658 -0.024749 -0.953354 -0.300838 0.613071 -0.790028 -0.000052 -0.024782 -0.953390 0.300722 -0.609655 0.604628 0.512588 -0.753543 0.657395 -0.002181 -0.734040 0.388931 0.556702 -0.609709 0.604640 -0.512509 -0.733719 0.389205 -0.556934 -0.651761 0.715329 -0.252014 -0.917307 -0.103630 -0.384458 -0.783740 0.460062 -0.417246 -0.834774 -0.364724 -0.412468 -0.664776 -0.109586 -0.738962 -0.856266 -0.500697 -0.126931 0.172970 -0.951969 -0.252658 -0.644380 0.260182 0.719082 -0.161116 -0.913270 0.374138 -0.325053 -0.905790 -0.271819 0.504308 -0.863524 -0.000114 -0.325053 -0.905790 0.271819 -0.157028 -0.911508 -0.380124 -0.543126 0.839646 -0.002890 -0.645142 0.258309 -0.719075 -0.122082 0.220962 0.967611 -0.074913 -0.040644 0.996361 0.405565 -0.777401 0.480796 -0.063347 -0.997991 -0.001047 0.402653 -0.775924 -0.485606 -0.083269 -0.038813 -0.995771 -0.761136 0.321530 0.563285 -0.984406 0.175911 -0.001032 -0.127660 0.221327 -0.966808 -0.760367 0.320597 -0.564854 -0.480004 -0.578134 0.659816 -0.793188 -0.608975 -0.001189 -0.478557 -0.578053 -0.660938</float_array>
          <technique_common>
            <accessor source="#mesh_18-normals-array" count="212" stride="3">
              <param name="X" type="float"/>
              <param name="Y" type="float"/>
              <param name="Z" type="float"/>
            </accessor>
          </technique_common>
        </source>
        <vertices id="mesh_18-vertices">
           <input semantic="POSITION" source="#mesh_18-positions"/>
        </vertices>
        <triangles count="424">
            <input semantic="VERTEX" source="#mesh_18-vertices" offset="0" />
            <input semantic="NORMAL" source="#mesh_18-normals" offset="0" />
          <p>0 1 2 3 1 0 3 0 4 2 5 0 0 5 6 4 0 6 1 7 2 7 1 3 7 8 2 9 10 2 2 11 9 12 11 2 2 8 12 2 13 5 2 14 13 2 10 15 15 16 2 2 16 17 17 14 2 18 19 3 18 3 4 20 3 19 7 3 20 4 6 18 6 5 13 6 21 18 21 6 22 22 6 13 8 7 20 8 20 23 12 8 23 10 9 24 11 24 9 10 24 25 26 15 10 25 26 10 27 28 11 27 11 12 11 28 29 11 29 24 12 23 27 22 13 14 30 22 14 30 14 17 15 26 16 16 31 32 17 16 32 33 31 16 26 33 16 32 30 17 34 19 18 18 21 34 34 35 19 36 19 35 20 19 36 23 20 36 21 37 34 37 21 38 38 21 22 38 22 30 23 36 39 27 23 39 40 25 24 40 24 29 25 40 41 41 42 25 26 25 42 33 26 42 27 39 43 43 28 27 43 44 28 29 28 45 28 44 45 40 29 45 46 38 30 46 30 32 31 47 48 32 31 48 49 31 33 49 47 31 48 46 32 49 33 42 50 35 34 34 37 50 50 51 35 52 35 51 36 35 52 39 36 52 37 53 50 53 37 54 54 37 38 54 38 46 39 52 55 43 39 55 41 40 56 40 57 56 40 45 57 41 56 58 59 42 41 58 59 41 59 60 42 60 49 42 43 55 61 61 44 43 61 62 44 63 44 64 65 64 44 65 44 62 44 63 45 57 45 66 66 45 63 67 54 46 67 46 48 47 68 69 48 47 69 70 47 71 47 70 72 68 47 72 49 71 47 69 67 48 73 49 60 71 49 73 74 51 50 50 53 74 74 75 51 76 51 75 52 51 76 55 52 76 53 77 74 77 53 78 78 53 54 78 54 67 55 76 79 61 55 79 58 56 80 56 57 81 56 81 80 66 81 57 58 80 82 83 59 58 82 83 58 84 60 59 83 84 59 60 84 73 61 79 85 85 62 61 85 86 62 87 65 62 87 62 86 88 89 63 88 63 90 63 64 65 63 65 90 63 89 91 63 91 66 65 92 93 65 93 90 87 92 65 94 66 95 66 94 96 66 96 97 91 95 66 66 97 81 98 78 67 98 67 69 68 99 100 69 68 100 68 72 101 99 68 101 100 98 69 72 70 71 71 102 103 104 71 103 104 72 71 105 102 71 73 105 71 106 107 72 104 106 72 72 107 101 108 73 94 96 94 73 109 96 73 73 108 105 84 109 73 75 74 110 110 74 77 76 75 111 111 75 110 112 79 76 112 76 111 113 77 78 110 77 113 78 98 114 113 78 114 115 85 79 115 79 112 116 117 80 80 118 116 80 97 118 97 80 81 82 80 110 80 119 110 117 119 80 110 83 82 83 120 121 121 122 83 122 109 83 84 83 109 110 123 83 83 123 120 115 86 85 119 87 86 115 119 86 119 117 87 87 124 92 124 87 125 125 87 117 126 127 88 127 89 88 88 90 124 128 88 124 126 88 128 129 130 89 127 131 89 89 130 91 89 132 129 89 131 132 90 93 124 95 91 133 134 133 91 134 91 130 124 135 92 135 93 92 135 136 93 136 137 93 93 137 124 94 95 138 138 108 94 138 95 139 95 133 139 140 141 96 96 141 142 96 142 143 143 97 96 96 144 140 145 144 96 146 145 96 96 109 146 143 147 97 97 147 118 98 100 148 114 98 148 100 99 148 99 101 123 99 123 148 101 120 123 107 149 101 150 101 149 120 101 150 102 151 152 103 102 153 102 154 153 105 151 102 152 155 102 155 154 102 103 153 156 149 104 103 149 103 157 157 103 156 149 106 104 158 105 108 105 158 159 151 105 159 106 160 161 107 106 161 106 162 160 149 162 106 107 161 149 163 108 138 163 158 108 109 164 146 122 164 109 112 111 110 115 112 110 119 115 110 110 113 114 110 114 148 110 148 123 117 116 125 126 125 116 165 126 116 165 116 166 116 147 166 147 116 118 150 121 120 121 150 156 121 156 167 168 121 167 168 164 121 122 121 164 124 137 135 124 125 128 126 128 125 126 169 127 169 126 165 127 169 170 131 127 170 134 130 129 129 171 172 129 172 173 129 173 134 171 129 174 132 174 129 131 170 165 131 165 166 147 132 131 147 131 166 143 132 147 174 132 142 142 132 143 134 175 133 133 175 139 134 173 175 135 137 136 138 139 176 138 176 177 178 163 138 177 178 138 139 175 176 179 141 140 140 180 181 140 181 179 140 144 182 183 180 140 182 183 140 179 142 141 179 174 142 144 145 182 145 184 182 145 155 184 146 155 145 164 155 146 161 162 149 157 150 149 150 157 156 152 151 159 185 186 152 187 185 152 159 187 152 184 152 186 152 184 155 153 188 156 189 188 153 189 153 154 167 189 154 168 167 154 154 155 164 168 154 164 167 156 188 158 190 159 163 190 158 190 187 159 160 162 161 178 190 163 169 165 170 189 167 188 181 171 174 191 172 171 191 171 181 192 193 172 192 172 191 193 173 172 193 175 173 181 174 179 176 175 193 176 193 192 176 192 194 177 176 194 194 178 177 195 190 178 196 195 178 194 196 178 180 197 191 180 191 181 198 197 180 183 198 180 182 184 183 184 186 183 183 186 198 186 185 198 185 195 196 198 185 196 185 187 195 187 190 195 197 199 191 200 192 191 200 191 199 201 194 192 201 192 200 194 201 202 202 203 194 196 194 203 198 196 204 204 196 203 197 205 199 206 205 197 207 208 197 198 207 197 197 208 206 207 198 204 201 200 199 201 199 209 205 209 199 202 201 209 202 209 210 211 203 202 210 211 202 207 204 203 211 207 203 210 209 205 210 205 206 206 208 210 207 211 208 208 211 210</p>
        </triangles>
      </mesh>
    </geometry>
    <geometry id="mesh_19" name="mesh_19">
      <mesh>
        <source id="mesh_19-positions">
          <float_array id="mesh_19-positions-array" count="636">-0.020033 0.426599 0.000106 -0.020508 0.427021 0.007257 -0.030295 0.430278 0.000087 -0.018651 0.429664 0.008689 -0.019065 0.427530 0.000108 -0.020508 0.427021 -0.007088 -0.018651 0.429664 -0.008520 -0.023478 0.428551 0.014698 -0.028392 0.430510 0.018318 -0.039651 0.432953 0.004397 -0.039686 0.433201 0.000087 -0.039869 0.433240 0.012780 -0.036330 0.433081 0.018416 -0.023478 0.428551 -0.014529 -0.028392 0.430510 -0.018149 -0.039651 0.432953 -0.004228 -0.039869 0.433240 -0.012611 -0.036330 0.433081 -0.018247 -0.018544 0.431146 0.000108 -0.019421 0.431861 0.009296 -0.022330 0.431717 0.015610 -0.019421 0.431861 -0.009127 -0.022330 0.431717 -0.015441 -0.028108 0.434477 0.018942 -0.041746 0.436541 0.004523 -0.041748 0.436436 0.000087 -0.041746 0.436541 -0.004354 -0.036100 0.437409 0.019076 -0.041917 0.434497 0.014342 -0.042130 0.437874 0.008520 -0.028108 0.434477 -0.018773 -0.041917 0.434497 -0.014173 -0.036100 0.437409 -0.018907 -0.042130 0.437874 -0.008351 -0.016240 0.438269 0.000110 -0.017512 0.437882 0.008975 -0.023086 0.434370 0.015223 -0.017512 0.437882 -0.008806 -0.023086 0.434370 -0.015053 -0.027260 0.437640 0.017240 -0.039991 0.441844 0.005776 -0.039620 0.441719 0.000089 -0.039991 0.441844 -0.005607 -0.035211 0.440117 0.018059 -0.039426 0.440505 0.017080 -0.041233 0.442811 0.008789 -0.027260 0.437640 -0.017071 -0.039426 0.440505 -0.016911 -0.035211 0.440117 -0.017890 -0.041233 0.442811 -0.008620 -0.014991 0.440953 0.000111 -0.015532 0.440850 0.009919 -0.021693 0.440026 0.015804 -0.015532 0.440850 -0.009750 -0.021693 0.440026 -0.015635 -0.025270 0.441601 0.017319 -0.036599 0.447753 0.005965 -0.037955 0.448663 0.009186 -0.036042 0.447610 0.000091 -0.036599 0.447753 -0.005796 -0.037955 0.448663 -0.009017 -0.032611 0.444933 0.018188 -0.035888 0.447085 0.018540 -0.043317 0.441676 0.015396 -0.041299 0.443215 0.018856 -0.038654 0.447131 0.022531 -0.046069 0.446245 0.003425 -0.025270 0.441601 -0.017150 -0.035888 0.447085 -0.018371 -0.032611 0.444933 -0.018019 -0.041299 0.443215 -0.018687 -0.043317 0.441676 -0.015227 -0.038654 0.447131 -0.022362 -0.046069 0.446245 -0.003256 -0.014136 0.444175 0.000112 -0.014801 0.444254 0.010099 -0.019443 0.442142 0.016724 -0.014801 0.444254 -0.009930 -0.019443 0.442142 -0.016555 -0.024061 0.443624 0.019140 -0.035410 0.453103 0.007582 -0.036341 0.452099 0.009857 -0.034394 0.451942 0.000093 -0.035410 0.453103 -0.007413 -0.036341 0.452099 -0.009688 -0.030058 0.447337 0.020059 -0.033619 0.448717 0.017919 -0.037968 0.451517 0.017961 -0.047635 0.449794 0.020805 -0.047209 0.446263 0.015483 -0.046640 0.441057 0.022248 -0.045354 0.440350 0.009522 -0.043954 0.447468 0.021401 -0.046707 0.442916 0.019463 -0.047937 0.442491 0.000088 -0.052984 0.434790 0.004667 -0.052128 0.449554 0.000089 -0.046437 0.451167 0.007000 -0.024061 0.443624 -0.018971 -0.033619 0.448717 -0.017750 -0.030058 0.447337 -0.019890 -0.037968 0.451517 -0.017792 -0.047209 0.446263 -0.015314 -0.047635 0.449794 -0.020636 -0.046640 0.441057 -0.022079 -0.045354 0.440350 -0.009353 -0.046707 0.442916 -0.019294 -0.043954 0.447468 -0.021232 -0.052984 0.434790 -0.004498 -0.046437 0.451167 -0.006831 -0.025291 0.448960 0.000093 -0.018526 0.445639 0.016954 -0.023589 0.447896 0.020060 -0.018526 0.445639 -0.016785 -0.023589 0.447896 -0.019891 -0.030285 0.450333 0.020183 -0.043651 0.457370 0.014420 -0.037359 0.452727 0.012722 -0.044046 0.455383 0.009102 -0.034126 0.452177 0.015423 -0.037359 0.452727 -0.012553 -0.043651 0.457370 -0.014252 -0.044046 0.455383 -0.008932 -0.034126 0.452177 -0.015254 -0.044495 0.452012 0.019111 -0.043119 0.453952 0.016566 -0.058433 0.465633 0.041375 -0.051195 0.452342 0.018983 -0.046313 0.453941 0.019146 -0.057712 0.441461 0.011412 -0.054421 0.441909 0.013951 -0.055944 0.455027 0.022779 -0.050485 0.449970 0.011445 -0.046176 0.439032 0.010835 -0.058438 0.438552 0.015358 -0.046717 0.448779 0.023661 -0.048363 0.447672 0.021585 -0.047644 0.452984 0.021889 -0.053881 0.439167 0.000087 -0.052996 0.433989 0.006090 -0.062576 0.443010 0.000088 -0.053657 0.447338 0.004527 -0.051025 0.445504 0.007522 -0.050096 0.448555 0.009406 -0.053657 0.447338 -0.004358 -0.051025 0.445504 -0.007353 -0.050096 0.448555 -0.009237 -0.047127 0.451838 0.010256 -0.030285 0.450333 -0.020014 -0.044495 0.452012 -0.018942 -0.043119 0.453952 -0.016397 -0.054421 0.441909 -0.013782 -0.057712 0.441461 -0.011243 -0.051195 0.452342 -0.018814 -0.055944 0.455027 -0.022610 -0.050485 0.449970 -0.011276 -0.058433 0.465633 -0.041060 -0.046313 0.453941 -0.018977 -0.046176 0.439032 -0.010666 -0.058438 0.438552 -0.015189 -0.048363 0.447672 -0.021416 -0.046717 0.448779 -0.023492 -0.047644 0.452984 -0.021720 -0.052996 0.433989 -0.005921 -0.047127 0.451838 -0.010087 -0.063194 0.464971 0.034705 -0.049638 0.454219 0.012560 -0.063194 0.464971 -0.034390 -0.049638 0.454219 -0.012391 -0.062164 0.463421 0.045827 -0.063957 0.462308 0.035645 -0.060071 0.440147 0.009280 -0.061151 0.437027 0.008785 -0.059774 0.433896 0.015140 -0.057173 0.442879 0.008015 -0.054326 0.432731 0.012019 -0.054103 0.436863 0.004860 -0.056627 0.435671 0.000086 -0.054103 0.436863 -0.004691 -0.060908 0.444331 0.003836 -0.070253 0.436287 0.000070 -0.061613 0.441095 0.003734 -0.060908 0.444331 -0.003667 -0.061613 0.441095 -0.003565 -0.057173 0.442879 -0.007846 -0.061151 0.437027 -0.008616 -0.060071 0.440147 -0.009111 -0.059774 0.433896 -0.014972 -0.062164 0.463421 -0.045512 -0.063957 0.462308 -0.035330 -0.054326 0.432731 -0.011850 -0.062650 0.438136 0.003892 -0.062384 0.436380 0.004548 -0.058913 0.434024 0.006929 -0.063299 0.432885 0.000084 -0.058913 0.434024 -0.006760 -0.062384 0.436380 -0.004379 -0.076335 0.430459 0.000108 -0.062650 0.438136 -0.003723 -0.071974 0.428231 0.003010 -0.065931 0.431928 0.004242 -0.074069 0.422896 0.002374 -0.074607 0.422846 0.000124 -0.074069 0.422896 -0.002120 -0.065931 0.431928 -0.004073 -0.078720 0.428495 0.003042 -0.079572 0.427736 0.000113 -0.071974 0.428231 -0.002756 -0.078720 0.428495 -0.002788 -0.078229 0.425530 0.003521 -0.077144 0.423857 0.000108 -0.078229 0.425530 -0.003267</float_array>
          <technique_common>
            <accessor source="#mesh_19-positions-array" count="212" stride="3">
              <param name="X" type="float"/>
              <param name="Y" type="float"/>
              <param name="Z" type="float"/>
            </accessor>
          </technique_common>
        </source>
        <source id="mesh_19-normals">
          <float_array id="mesh_19-normals-array" count="636">0.450872 -0.892589 0.000310 0.227099 -0.958475 0.172485 -0.297966 -0.954576 0.000013 0.909932 -0.324867 0.257848 0.890567 -0.454852 0.000210 0.227193 -0.958491 -0.172274 0.910031 -0.324797 -0.257585 0.285119 -0.842130 0.457738 0.048550 -0.683725 0.728123 -0.615964 -0.787643 -0.014392 -0.708728 -0.705482 -0.000013 -0.650033 -0.743855 0.155361 -0.376659 -0.603519 0.702775 0.285114 -0.842133 -0.457736 0.048548 -0.683728 -0.728120 -0.615961 -0.787645 0.014369 -0.650029 -0.743859 -0.155359 -0.376655 -0.603525 -0.702772 0.998912 -0.046641 0.000148 0.953495 -0.000449 0.301409 0.719039 -0.037187 0.693974 0.953576 -0.000409 -0.301153 0.719057 -0.037111 -0.693960 0.301649 0.089015 0.949255 -0.971938 -0.232969 -0.032584 -0.998460 0.055474 -0.000019 -0.971938 -0.232969 0.032581 -0.272674 0.034993 0.961470 -0.839152 -0.215095 0.499559 -0.980441 -0.078775 -0.180361 0.301685 0.089057 -0.949239 -0.839152 -0.215095 -0.499559 -0.272674 0.034993 -0.961470 -0.980441 -0.078775 0.180361 0.939472 -0.342626 0.000318 0.847148 -0.405823 0.342999 0.696366 0.035387 0.716814 0.847225 -0.405858 -0.342767 0.696393 0.035408 -0.716787 0.288451 0.099413 0.952320 -0.888907 0.385938 -0.246772 -0.885184 0.465241 -0.000070 -0.888917 0.385934 0.246741 -0.145230 0.068243 0.987042 -0.260231 -0.505193 0.822836 -0.865331 -0.268012 -0.423522 0.288485 0.099373 -0.952314 -0.260231 -0.505193 -0.822836 -0.145230 0.068242 -0.987042 -0.865331 -0.268012 0.423522 0.908433 -0.418031 0.000186 0.840015 -0.454853 0.295776 0.478348 -0.434898 0.762920 0.840062 -0.454856 -0.295637 0.478345 -0.434939 -0.762899 0.101357 -0.373867 0.921928 -0.876391 0.416882 -0.241139 -0.337300 0.292143 -0.894919 -0.926553 0.376163 -0.000139 -0.876419 0.416873 0.241053 -0.337300 0.292143 0.894919 -0.124073 -0.299054 0.946135 0.239250 0.012638 0.970876 -0.485387 -0.864120 0.133028 -0.582307 -0.431532 0.688983 0.032138 -0.028493 0.999077 0.702973 -0.156354 -0.693817 0.101357 -0.373867 -0.921927 0.239250 0.012638 -0.970876 -0.124073 -0.299054 -0.946136 -0.582307 -0.431532 -0.688984 -0.485387 -0.864120 -0.133027 0.032139 -0.028493 -0.999077 0.703149 -0.156346 0.693641 0.981933 0.189229 0.000154 0.902993 0.309374 0.298146 0.511288 -0.438529 0.739106 0.903030 0.309382 -0.298027 0.511288 -0.438529 -0.739106 0.044942 -0.398799 0.915936 -0.200683 0.921092 -0.333642 -0.272580 0.097759 -0.957154 -0.426139 0.904658 -0.000224 -0.200700 0.921133 0.333517 -0.272580 0.097759 0.957154 -0.225144 -0.099646 0.969217 -0.202199 0.382002 0.901770 0.257002 0.689868 0.676781 -0.378306 -0.490278 0.785183 -0.551087 -0.409572 0.727017 0.419957 -0.273844 0.865243 0.682412 -0.575840 0.450246 0.227964 0.189450 0.955061 -0.692350 -0.334522 0.639333 0.915152 -0.403108 -0.000247 0.524910 -0.732146 -0.434088 -0.186255 0.982501 0.000027 -0.238458 0.653929 -0.717993 0.044942 -0.398799 -0.915936 -0.202199 0.382002 -0.901770 -0.225143 -0.099646 -0.969217 0.257002 0.689868 -0.676781 -0.551087 -0.409572 -0.727017 -0.378446 -0.489509 -0.785595 0.419957 -0.273844 -0.865243 0.682412 -0.575840 -0.450246 -0.692350 -0.334523 -0.639333 0.227963 0.189450 -0.955061 0.524883 -0.732204 0.434022 -0.238372 0.653894 0.718054 0.379232 0.925302 -0.000004 0.723683 0.486688 0.489303 0.453878 0.362087 0.814179 0.723680 0.486697 -0.489299 0.453879 0.362091 -0.814177 -0.088877 0.478170 0.873759 0.218026 0.967530 -0.127870 0.341148 0.880792 0.328366 -0.412398 0.760179 -0.502051 0.117609 0.929369 0.349917 0.341167 0.880774 -0.328393 0.218317 0.967436 0.128082 -0.412410 0.760168 0.502058 0.117625 0.929368 -0.349913 0.531577 0.466218 0.707154 0.597806 0.476043 0.644989 0.706098 0.141082 0.693918 -0.128261 -0.820643 0.556861 0.631004 0.017788 0.775576 -0.716329 0.542803 0.438449 -0.117000 0.232428 0.965551 -0.897354 -0.362626 -0.251512 -0.794577 0.543130 -0.271399 0.783276 -0.540544 0.307069 0.013254 0.259155 0.965745 0.117046 -0.048869 0.991923 -0.958014 -0.141945 0.249121 -0.864960 0.459662 -0.201384 -0.272131 -0.962260 -0.000130 -0.387322 -0.848091 -0.361557 -0.676450 0.736488 0.000173 -0.308770 0.890290 0.334732 -0.565203 0.808436 0.164246 -0.748249 0.632580 -0.199915 -0.308582 0.890420 -0.334558 -0.565066 0.808564 -0.164087 -0.748237 0.632571 0.199986 -0.677470 0.546195 -0.492651 -0.088872 0.478173 -0.873757 0.531577 0.466218 -0.707154 0.597385 0.476461 -0.645070 -0.117000 0.232428 -0.965551 -0.716329 0.542808 -0.438443 -0.126803 -0.819219 -0.559286 -0.896394 -0.365582 0.250656 -0.794577 0.543130 0.271399 0.704663 0.143724 -0.694834 0.630489 0.019394 -0.775956 0.783276 -0.540544 -0.307068 0.013294 0.259192 -0.965734 -0.958014 -0.141945 -0.249121 0.117046 -0.048870 -0.991923 -0.864960 0.459662 0.201384 -0.387214 -0.848154 0.361525 -0.677473 0.546202 0.492639 -0.668339 0.665060 -0.333193 -0.620384 0.327427 -0.712682 -0.668685 0.663733 0.335139 -0.620535 0.324717 0.713789 -0.709611 -0.008788 0.704539 -0.863560 -0.501682 0.050792 -0.787584 0.474890 0.392671 -0.928032 -0.089290 0.361641 -0.841626 -0.358101 0.404264 -0.644905 0.727861 0.233059 0.169771 -0.951580 0.256270 -0.037745 -0.959106 -0.280519 0.602006 -0.798492 -0.000047 -0.037777 -0.959135 0.280414 -0.611794 0.623086 0.487312 -0.745648 0.666336 -0.002282 -0.743997 0.406403 0.530382 -0.611839 0.623097 -0.487241 -0.743641 0.406662 -0.530682 -0.644905 0.727861 -0.233059 -0.928034 -0.089285 -0.361636 -0.787584 0.474890 -0.392671 -0.841639 -0.358068 -0.404267 -0.709326 -0.006233 -0.704853 -0.862799 -0.502809 -0.052539 0.169818 -0.951572 -0.256265 -0.659451 0.280905 0.697293 -0.175618 -0.919645 0.351299 -0.334805 -0.906080 -0.258697 0.489628 -0.871931 -0.000113 -0.334806 -0.906081 0.258693 -0.171924 -0.918002 -0.357371 -0.532010 0.846733 -0.002940 -0.660286 0.278994 -0.697270 -0.128030 0.233858 0.963804 -0.094764 -0.032541 0.994968 0.396159 -0.785461 0.475510 -0.078713 -0.996897 -0.000944 0.392927 -0.784135 -0.480355 -0.104136 -0.030111 -0.994107 -0.761140 0.342177 0.550981 -0.982716 0.185114 -0.000976 -0.133984 0.234338 -0.962878 -0.760431 0.341181 -0.552576 -0.488683 -0.576368 0.654973 -0.801323 -0.598232 -0.001094 -0.487311 -0.576435 -0.655935</float_array>
          <technique_common>
            <accessor source="#mesh_19-normals-array" count="212" stride="3">
              <param name="X" type="float"/>
              <param name="Y" type="float"/>
              <param name="Z" type="float"/>
            </accessor>
          </technique_common>
        </source>
        <vertices id="mesh_19-vertices">
           <input semantic="POSITION" source="#mesh_19-positions"/>
        </vertices>
        <triangles count="424">
            <input semantic="VERTEX" source="#mesh_19-vertices" offset="0" />
            <input semantic="NORMAL" source="#mesh_19-normals" offset="0" />
          <p>0 1 2 3 1 0 3 0 4 2 5 0 0 5 6 4 0 6 1 7 2 7 1 3 7 8 2 9 10 2 2 11 9 12 11 2 2 8 12 2 13 5 2 14 13 2 10 15 15 16 2 2 16 17 17 14 2 18 19 3 18 3 4 20 3 19 7 3 20 4 6 18 6 5 13 6 21 18 21 6 22 22 6 13 8 7 20 8 20 23 12 8 23 10 9 24 11 24 9 10 24 25 26 15 10 25 26 10 27 28 11 27 11 12 11 28 29 11 29 24 12 23 27 22 13 14 30 22 14 30 14 17 15 26 16 16 31 32 17 16 32 33 31 16 26 33 16 32 30 17 34 19 18 18 21 34 34 35 19 36 19 35 20 19 36 23 20 36 21 37 34 37 21 38 38 21 22 38 22 30 23 36 39 27 23 39 40 25 24 40 24 29 25 40 41 41 42 25 26 25 42 33 26 42 27 39 43 43 28 27 43 44 28 29 28 45 28 44 45 40 29 45 46 38 30 46 30 32 31 47 48 32 31 48 49 31 33 49 47 31 48 46 32 49 33 42 50 35 34 34 37 50 50 51 35 52 35 51 36 35 52 39 36 52 37 53 50 53 37 54 54 37 38 54 38 46 39 52 55 43 39 55 41 40 56 40 57 56 40 45 57 41 56 58 59 42 41 58 59 41 59 60 42 60 49 42 43 55 61 61 44 43 61 62 44 63 44 64 65 64 44 65 44 62 44 63 45 57 45 66 66 45 63 67 54 46 67 46 48 47 68 69 48 47 69 70 47 71 47 70 72 68 47 72 49 71 47 69 67 48 73 49 60 71 49 73 74 51 50 50 53 74 74 75 51 76 51 75 52 51 76 55 52 76 53 77 74 77 53 78 78 53 54 78 54 67 55 76 79 61 55 79 58 56 80 56 57 81 56 81 80 66 81 57 58 80 82 83 59 58 82 83 58 84 60 59 83 84 59 60 84 73 61 79 85 85 62 61 85 86 62 87 65 62 87 62 86 88 89 63 88 63 90 63 64 65 63 65 90 63 89 91 63 91 66 65 92 93 65 93 90 87 92 65 94 66 95 66 94 96 66 96 97 91 95 66 66 97 81 98 78 67 98 67 69 68 99 100 69 68 100 68 72 101 99 68 101 100 98 69 72 70 71 71 102 103 104 71 103 104 72 71 105 102 71 73 105 71 106 107 72 104 106 72 72 107 101 108 73 94 96 94 73 109 96 73 73 108 105 84 109 73 75 74 110 110 74 77 76 75 111 111 75 110 112 79 76 112 76 111 113 77 78 110 77 113 78 98 114 113 78 114 115 85 79 115 79 112 116 117 80 80 118 116 80 97 118 97 80 81 82 80 110 80 119 110 117 119 80 110 83 82 83 120 121 121 122 83 122 109 83 84 83 109 110 123 83 83 123 120 115 86 85 119 87 86 115 119 86 119 117 87 87 124 92 124 87 125 125 87 117 126 127 88 127 89 88 88 90 124 128 88 124 126 88 128 129 130 89 127 131 89 89 130 91 89 132 129 89 131 132 90 93 124 95 91 133 134 133 91 134 91 130 124 135 92 135 93 92 135 136 93 136 137 93 93 137 124 94 95 138 138 108 94 138 95 139 95 133 139 140 141 96 96 141 142 96 142 143 143 97 96 96 144 140 145 144 96 146 145 96 96 109 146 143 147 97 97 147 118 98 100 148 114 98 148 100 99 148 99 101 123 99 123 148 101 120 123 107 149 101 150 101 149 120 101 150 102 151 152 103 102 153 102 154 153 105 151 102 152 155 102 155 154 102 103 153 156 149 104 103 149 103 157 157 103 156 149 106 104 158 105 108 105 158 159 151 105 159 106 160 161 107 106 161 106 162 160 149 162 106 107 161 149 163 108 138 163 158 108 109 164 146 122 164 109 112 111 110 115 112 110 119 115 110 110 113 114 110 114 148 110 148 123 117 116 125 126 125 116 165 126 116 165 116 166 116 147 166 147 116 118 150 121 120 121 150 156 121 156 167 168 121 167 168 164 121 122 121 164 124 137 135 124 125 128 126 128 125 126 169 127 169 126 165 127 169 170 131 127 170 134 130 129 129 171 172 129 172 173 129 173 134 171 129 174 132 174 129 131 170 165 131 165 166 147 132 131 147 131 166 143 132 147 174 132 142 142 132 143 134 175 133 133 175 139 134 173 175 135 137 136 138 139 176 138 176 177 178 163 138 177 178 138 139 175 176 179 141 140 140 180 181 140 181 179 140 144 182 183 180 140 182 183 140 179 142 141 179 174 142 144 145 182 145 184 182 145 155 184 146 155 145 164 155 146 161 162 149 157 150 149 150 157 156 152 151 159 185 186 152 187 185 152 159 187 152 184 152 186 152 184 155 153 188 156 189 188 153 189 153 154 167 189 154 168 167 154 154 155 164 168 154 164 167 156 188 158 190 159 163 190 158 190 187 159 160 162 161 178 190 163 169 165 170 189 167 188 181 171 174 191 172 171 191 171 181 192 193 172 192 172 191 193 173 172 193 175 173 181 174 179 176 175 193 176 193 192 176 192 194 177 176 194 194 178 177 195 190 178 196 195 178 194 196 178 180 197 191 180 191 181 198 197 180 183 198 180 182 184 183 184 186 183 183 186 198 186 185 198 185 195 196 198 185 196 185 187 195 187 190 195 197 199 191 200 192 191 200 191 199 201 194 192 201 192 200 194 201 202 202 203 194 196 194 203 198 196 204 204 196 203 197 205 199 206 205 197 207 208 197 198 207 197 197 208 206 207 198 204 201 200 199 201 199 209 205 209 199 202 201 209 202 209 210 211 203 202 210 211 202 207 204 203 211 207 203 210 209 205 210 205 206 206 208 210 207 211 208 208 211 210</p>
        </triangles>
      </mesh>
    </geometry>
    <geometry id="mesh_20" name="mesh_20">
      <mesh>
        <source id="mesh_20-positions">
          <float_array id="mesh_20-positions-array" count="8256">-0.056128 0.453620 0.034436 -0.049934 0.448043 0.036263 -0.061220 0.453112 0.041284 -0.053503 0.456066 0.033985 -0.059125 0.449607 0.026620 -0.051425 0.446226 0.030446 -0.055413 0.453369 0.024781 -0.049316 0.448163 0.042299 -0.047518 0.449843 0.034306 -0.045901 0.450322 0.040342 -0.061745 0.452557 0.046593 -0.065844 0.456926 0.047166 -0.049020 0.443883 0.023943 -0.047516 0.446950 0.029149 -0.055268 0.442364 0.026568 -0.047455 0.446593 0.048031 -0.043519 0.448647 0.045878 -0.061670 0.459273 0.054631 -0.061057 0.452669 0.056504 -0.040721 0.447038 0.051397 -0.044060 0.444314 0.053358 -0.052178 0.455969 0.059513 -0.053641 0.450298 0.062876 -0.044839 0.451193 0.065808 -0.037886 0.443164 0.055772 -0.039969 0.441323 0.058171 -0.044624 0.447027 0.068019 -0.036191 0.446651 0.071186 -0.035801 0.442347 0.072430 -0.031619 0.441054 0.058525 -0.034434 0.438458 0.061097 -0.026440 0.441910 0.074900 -0.027064 0.436815 0.075704 -0.027014 0.436098 0.060750 -0.025138 0.437533 0.059824 -0.017152 0.432206 0.078135 -0.016708 0.436480 0.077607 -0.021370 0.432518 0.058753 -0.020037 0.433058 0.059114 -0.019648 0.426813 0.056344 -0.007314 0.427059 0.077384 -0.007313 0.430181 0.077958 -0.016254 0.428206 0.056226 -0.015231 0.422813 0.053307 -0.011525 0.424560 0.052905 0.000509 0.420736 0.074229 0.001067 0.423573 0.074969 -0.006422 0.420894 0.049982 -0.009533 0.419310 0.050873 0.007634 0.417640 0.069317 0.006123 0.414261 0.068991 0.011367 0.412566 0.061550 -0.001265 0.417524 0.046798 -0.005187 0.415530 0.047720 0.010618 0.408608 0.062378 0.015743 0.407375 0.054101 0.013816 0.402617 0.055579 0.003272 0.414306 0.042984 -0.002071 0.411694 0.043490 0.020541 0.401871 0.047043 0.017208 0.397679 0.048159 0.001319 0.408079 0.039328 0.006898 0.410988 0.038587 0.093075 0.124703 0.129320 0.103183 0.130992 0.129961 0.085501 0.140107 0.136591 0.075801 0.134268 0.135414 0.100898 0.123536 0.120697 0.083209 0.130378 0.128545 0.085178 0.143172 0.136413 0.104405 0.134552 0.129716 0.067508 0.150508 0.141109 0.065903 0.154090 0.140166 0.057919 0.144562 0.139639 0.100887 0.125984 0.120518 0.103319 0.133379 0.126487 0.065615 0.140147 0.134081 0.083506 0.133097 0.128606 0.065314 0.152177 0.139181 0.083104 0.141665 0.135281 0.045924 0.164654 0.144917 0.048259 0.159982 0.146216 0.046784 0.162386 0.144151 0.038611 0.153744 0.143396 0.046817 0.149381 0.140185 0.065851 0.142441 0.134406 0.048294 0.153723 0.140665 0.025266 0.174221 0.145924 0.026982 0.170493 0.146478 0.029555 0.170869 0.148612 0.029592 0.163647 0.144141 0.018626 0.161834 0.145640 0.027138 0.157720 0.143039 0.004411 0.183203 0.145975 0.007246 0.178172 0.145562 0.009013 0.169730 0.143809 0.010309 0.180695 0.149187 0.007350 0.165840 0.143996 -0.001171 0.169182 0.144027 -0.012165 0.185362 0.139696 -0.015776 0.192072 0.139891 -0.009466 0.179243 0.138641 -0.012005 0.173275 0.138105 -0.009231 0.189179 0.144621 -0.019940 0.177850 0.138066 -0.030738 0.194257 0.133741 -0.028375 0.187003 0.132121 -0.035458 0.200829 0.132511 -0.030962 0.181287 0.131869 -0.038525 0.184833 0.130183 -0.028188 0.197623 0.138218 -0.048971 0.200123 0.124470 -0.046505 0.193435 0.123002 -0.048416 0.187787 0.121643 -0.054402 0.207015 0.121822 -0.055559 0.191166 0.119326 -0.046728 0.205229 0.130131 -0.064912 0.205606 0.112074 -0.063052 0.198503 0.111060 -0.064182 0.194187 0.109288 -0.071229 0.196570 0.106499 -0.070510 0.210615 0.107667 -0.063690 0.208777 0.117774 -0.076033 0.204604 0.096396 -0.077727 0.213508 0.098532 -0.076354 0.198909 0.093726 -0.082865 0.202384 0.090898 -0.078528 0.212523 0.103535 -0.084158 0.216610 0.093484 -0.085126 0.207086 0.077780 -0.084011 0.212076 0.080068 -0.087204 0.221006 0.082818 -0.089626 0.212504 0.075489 -0.090826 0.219762 0.088670 -0.089530 0.227170 0.077774 -0.089007 0.224747 0.060453 -0.085483 0.219711 0.063334 -0.084759 0.223261 0.064234 -0.086162 0.229580 0.065721 -0.093549 0.228001 0.071193 -0.090497 0.237616 0.060251 -0.092965 0.236349 0.053584 -0.088347 0.233858 0.043776 -0.083635 0.231723 0.048702 -0.082323 0.233968 0.048450 -0.084103 0.237883 0.048503 -0.086212 0.248152 0.043381 -0.090042 0.241259 0.035235 -0.080899 0.239407 0.029100 -0.078250 0.239100 0.033049 -0.075086 0.240529 0.032105 -0.077016 0.244720 0.032019 -0.081172 0.254412 0.025007 -0.079560 0.248101 0.021668 -0.065911 0.241184 0.016506 -0.062020 0.244918 0.018294 -0.066808 0.247577 0.021386 -0.064109 0.249079 0.018270 0.110351 0.160404 0.123859 0.113137 0.172287 0.126234 0.096911 0.182000 0.137518 0.108101 0.159056 0.120385 0.094309 0.168846 0.134372 0.111577 0.175958 0.123422 0.095700 0.184377 0.136914 0.077852 0.193904 0.146536 0.079927 0.192235 0.146977 0.092525 0.166966 0.133774 0.105251 0.167043 0.118573 0.079853 0.179250 0.145658 0.105508 0.177019 0.125639 0.074808 0.194146 0.146583 0.075674 0.185013 0.142612 0.091216 0.174773 0.132555 0.058250 0.203470 0.151477 0.056779 0.203233 0.151565 0.060681 0.201168 0.152105 0.077000 0.178061 0.145225 0.062025 0.188149 0.152192 0.058175 0.194617 0.149095 0.058605 0.188199 0.151775 0.037692 0.211412 0.153724 0.038077 0.212681 0.154305 0.038769 0.201675 0.152299 0.041328 0.210843 0.155033 0.042740 0.195914 0.155095 0.040896 0.196326 0.153020 0.019868 0.210750 0.151810 0.019134 0.221055 0.154230 0.018115 0.222447 0.153305 0.020605 0.204341 0.152528 0.021506 0.219944 0.154579 0.022981 0.202656 0.155670 0.000428 0.217864 0.149730 -0.001478 0.212753 0.153066 -0.000233 0.228388 0.151875 -0.002446 0.230819 0.151384 0.003945 0.211157 0.153359 0.001551 0.228305 0.152420 -0.017883 0.226825 0.146605 -0.021784 0.220646 0.150989 -0.015210 0.219465 0.151891 -0.018965 0.237006 0.148664 -0.022234 0.240168 0.147280 -0.018622 0.235879 0.149880 -0.037452 0.231086 0.140942 -0.041105 0.228881 0.144771 -0.033902 0.227405 0.146695 -0.038056 0.243041 0.143752 -0.037439 0.243481 0.141687 -0.042894 0.246052 0.141574 -0.059869 0.231848 0.134163 -0.054770 0.237516 0.131113 -0.052038 0.234573 0.139187 -0.057159 0.247505 0.134410 -0.061582 0.250537 0.130310 -0.055270 0.247420 0.131634 -0.069047 0.236911 0.127175 -0.075185 0.236283 0.118862 -0.070837 0.241933 0.118294 -0.074219 0.251882 0.121509 -0.078369 0.254336 0.115889 -0.071447 0.250598 0.118656 -0.084357 0.241827 0.113409 -0.089108 0.250619 0.106406 -0.086335 0.240170 0.101550 -0.081518 0.250063 0.102371 -0.090941 0.259785 0.099142 -0.085010 0.257870 0.104157 -0.091919 0.245813 0.094412 -0.094931 0.257413 0.087005 -0.093320 0.267201 0.077659 -0.089746 0.250109 0.081986 -0.086525 0.255888 0.082320 -0.089000 0.264748 0.084361 -0.091864 0.254236 0.074749 -0.095104 0.264767 0.066103 -0.089986 0.275615 0.056733 -0.088700 0.271123 0.063918 -0.089417 0.260277 0.062347 -0.084866 0.264005 0.062424 -0.090991 0.262856 0.055025 -0.092335 0.269180 0.044403 -0.087314 0.280945 0.034890 -0.083360 0.274990 0.043531 -0.079236 0.268034 0.042217 -0.083527 0.267294 0.043902 -0.085205 0.269649 0.038123 -0.081919 0.275244 0.027727 -0.070727 0.278698 0.027576 -0.070239 0.277331 0.023945 -0.070579 0.267623 0.025735 0.094290 0.219853 0.126958 0.094797 0.217326 0.128274 0.107400 0.212118 0.111186 0.091598 0.218082 0.125534 0.104972 0.210418 0.109906 0.078024 0.227130 0.139118 0.077430 0.224122 0.140608 0.075890 0.211700 0.139562 0.092351 0.203943 0.126173 0.109441 0.207235 0.114044 0.107277 0.194593 0.111767 0.076735 0.224455 0.137366 0.102435 0.201748 0.108596 0.088690 0.207898 0.123857 0.059423 0.234780 0.147172 0.058414 0.233192 0.147994 0.057313 0.220750 0.148654 0.056194 0.219664 0.147807 0.074644 0.211172 0.138502 0.090069 0.202479 0.125381 0.104175 0.195110 0.109649 0.074211 0.216536 0.137118 0.056981 0.232193 0.145994 0.039203 0.240640 0.152816 0.039893 0.242638 0.151994 0.035454 0.230005 0.153370 0.035420 0.228417 0.151734 0.055690 0.222572 0.145420 0.036478 0.230429 0.149598 0.038059 0.241214 0.150752 0.017472 0.247380 0.155831 0.017632 0.237146 0.154207 0.019799 0.250210 0.154249 0.016532 0.236187 0.153210 0.017287 0.238616 0.151914 0.018899 0.248453 0.150936 -0.003476 0.246189 0.153025 -0.001963 0.257670 0.154150 -0.003855 0.245001 0.151414 -0.000801 0.259024 0.151533 -0.001771 0.247995 0.150384 -0.000627 0.257494 0.149801 -0.024298 0.253407 0.147064 -0.022778 0.252183 0.145937 -0.022289 0.264927 0.150361 -0.020737 0.254076 0.145162 -0.019124 0.265797 0.148207 -0.020418 0.264900 0.146249 -0.044282 0.260843 0.140099 -0.043695 0.259970 0.138945 -0.038941 0.262534 0.138347 -0.042687 0.273104 0.144364 -0.039163 0.273030 0.139918 -0.038436 0.273790 0.142480 -0.063883 0.265583 0.130412 -0.063212 0.265526 0.129792 -0.056789 0.270843 0.129928 -0.056362 0.279819 0.129792 -0.060681 0.278415 0.132968 -0.057269 0.280898 0.131894 -0.079532 0.270114 0.114840 -0.079458 0.269533 0.115073 -0.072041 0.275897 0.115968 -0.073121 0.286293 0.117529 -0.074882 0.286935 0.118838 -0.076768 0.283633 0.118710 -0.091850 0.277153 0.097230 -0.089131 0.275275 0.095467 -0.083770 0.283298 0.099605 -0.084200 0.291494 0.100224 -0.084595 0.291756 0.104029 -0.090136 0.286096 0.101063 -0.093777 0.289856 0.077250 -0.090595 0.287666 0.076453 -0.086477 0.290142 0.079319 -0.087359 0.299957 0.080453 -0.087374 0.300393 0.083613 -0.093002 0.297175 0.081729 -0.089589 0.296818 0.054117 -0.091552 0.297624 0.056074 -0.084278 0.297683 0.057492 -0.084739 0.305037 0.057663 -0.086513 0.308553 0.063160 -0.091509 0.305771 0.060423 -0.077280 0.300038 0.037578 -0.083722 0.299353 0.038225 -0.085580 0.303996 0.036819 -0.078580 0.306433 0.036929 -0.081580 0.311859 0.040886 -0.085305 0.309126 0.038142 -0.063427 0.304148 0.022404 -0.062698 0.299176 0.023684 -0.068476 0.293971 0.024128 -0.075045 0.307050 0.019782 -0.072498 0.300694 0.020922 -0.069101 0.308527 0.022162 0.083078 0.242149 0.118447 0.095374 0.252937 0.104968 0.095292 0.238746 0.101283 0.084775 0.258837 0.122306 0.070453 0.242056 0.133808 0.084323 0.235222 0.118837 0.070524 0.253040 0.129542 0.100698 0.237844 0.105794 0.097087 0.253653 0.106007 0.094872 0.233051 0.099888 0.068025 0.259285 0.132025 0.085911 0.256899 0.122779 0.052536 0.249932 0.145973 0.070947 0.246491 0.136246 0.052699 0.246137 0.143971 0.086956 0.239928 0.123113 0.053251 0.258620 0.138560 0.086646 0.253763 0.124712 0.098890 0.250139 0.107536 0.069746 0.260999 0.132843 0.050561 0.262920 0.140552 0.033597 0.256792 0.152546 0.033789 0.268355 0.151160 0.051980 0.261879 0.144750 0.069490 0.259190 0.134632 0.034507 0.254126 0.150371 0.035698 0.265152 0.146049 0.052910 0.263893 0.141960 0.033143 0.269115 0.147307 0.014317 0.264535 0.156444 0.015424 0.276498 0.154507 0.018129 0.277042 0.151515 0.035695 0.269682 0.148653 0.016079 0.262990 0.154730 0.017483 0.272879 0.149347 0.015043 0.275911 0.149989 -0.005028 0.272629 0.154973 -0.003130 0.285042 0.153701 0.000545 0.285242 0.151908 -0.002659 0.284875 0.148965 -0.002890 0.271046 0.154352 -0.000880 0.280735 0.148579 -0.023950 0.281755 0.151249 -0.021724 0.292381 0.149752 -0.017014 0.292785 0.148498 -0.020261 0.293067 0.144595 -0.019245 0.287738 0.144718 -0.021822 0.278408 0.149609 -0.039575 0.298619 0.142009 -0.042835 0.286797 0.143142 -0.034807 0.297990 0.143158 -0.037761 0.299578 0.137819 -0.037743 0.290529 0.138298 -0.040610 0.283780 0.142539 -0.050925 0.304311 0.133657 -0.056809 0.303864 0.132129 -0.060437 0.293450 0.132658 -0.054389 0.304476 0.127782 -0.054717 0.295637 0.128329 -0.058099 0.289941 0.132405 -0.069883 0.310173 0.115994 -0.066699 0.309454 0.122907 -0.072671 0.309627 0.120051 -0.076599 0.297950 0.118607 -0.070450 0.302058 0.116603 -0.073857 0.295815 0.119159 -0.081428 0.311673 0.099058 -0.083913 0.304562 0.101454 -0.078941 0.313950 0.107880 -0.086836 0.310124 0.104755 -0.089723 0.301986 0.101220 -0.087156 0.298390 0.101943 -0.086782 0.316442 0.079100 -0.088003 0.310343 0.081679 -0.090475 0.305831 0.081817 -0.085620 0.318302 0.088801 -0.091129 0.318253 0.085387 -0.092192 0.308825 0.079821 -0.085030 0.326548 0.060015 -0.084849 0.317669 0.061160 -0.087904 0.317303 0.062565 -0.090277 0.318090 0.058268 -0.085108 0.326586 0.069140 -0.090258 0.323827 0.063637 -0.079353 0.323403 0.048146 -0.082083 0.333439 0.049641 -0.079093 0.319447 0.043749 -0.081169 0.321460 0.044755 -0.083677 0.329763 0.045487 -0.065543 0.321879 0.024419 -0.064779 0.326331 0.026265 -0.073761 0.336882 0.030963 -0.068176 0.317413 0.025097 -0.072192 0.321786 0.022938 -0.070452 0.338823 0.116922 -0.057949 0.331603 0.127996 -0.055353 0.333819 0.128368 -0.067202 0.338953 0.113495 -0.081047 0.342901 0.100570 -0.073009 0.336941 0.115696 -0.078984 0.343734 0.099172 -0.059045 0.323985 0.127167 -0.042528 0.316571 0.136216 -0.041655 0.326049 0.138230 -0.053151 0.333976 0.125123 -0.039123 0.328910 0.137956 -0.078840 0.335392 0.097002 -0.068157 0.329934 0.112214 -0.084684 0.341536 0.099360 -0.084320 0.348460 0.080813 -0.089034 0.346348 0.082250 -0.074183 0.328015 0.114141 -0.084211 0.339111 0.078260 -0.061067 0.320995 0.123354 -0.044358 0.316046 0.133702 -0.025004 0.313531 0.143852 -0.026913 0.310035 0.141636 -0.023772 0.321147 0.145169 -0.053491 0.325128 0.123446 -0.037950 0.327391 0.134085 -0.021868 0.323392 0.144562 -0.088307 0.337692 0.073285 -0.086641 0.330348 0.092703 -0.075481 0.325713 0.109641 -0.086457 0.333635 0.098633 -0.089018 0.347036 0.079880 -0.083222 0.352594 0.061470 -0.082336 0.343893 0.058727 -0.086841 0.353397 0.063118 -0.087007 0.345161 0.053176 -0.038352 0.319158 0.133535 -0.022494 0.312944 0.141141 -0.008161 0.305220 0.146302 -0.006965 0.305606 0.148239 -0.004824 0.308156 0.145191 -0.005326 0.315599 0.149214 -0.021180 0.322807 0.140553 -0.003434 0.318859 0.146621 -0.089841 0.346539 0.059023 -0.091894 0.338231 0.078940 -0.088049 0.352500 0.059248 -0.073824 0.346057 0.040896 -0.076418 0.354992 0.043236 -0.081119 0.347238 0.038136 -0.078874 0.357171 0.045022 -0.083095 0.352449 0.042926 -0.003665 0.318198 0.143909 0.013421 0.304005 0.144959 0.010963 0.299966 0.147586 0.012564 0.302476 0.148784 0.014189 0.313849 0.143311 0.013304 0.309505 0.149362 0.015089 0.314522 0.146872 -0.080663 0.357250 0.043502 -0.068544 0.343281 0.022442 -0.062850 0.342853 0.024961 -0.063557 0.357023 0.029109 -0.069806 0.350877 0.026806 -0.066843 0.357950 0.028970 -0.068737 0.355534 0.026565 0.031418 0.308282 0.139432 0.030963 0.298557 0.140869 0.029921 0.294785 0.144184 0.031369 0.296661 0.145700 0.032759 0.310550 0.141552 0.032189 0.305489 0.145545 0.047564 0.303165 0.131627 0.049685 0.305558 0.133519 0.047335 0.292557 0.133211 0.047639 0.290139 0.135789 0.048960 0.291956 0.136841 0.049372 0.300725 0.136521 0.061499 0.296401 0.120384 0.064515 0.299344 0.122173 0.064948 0.295928 0.124731 0.062169 0.287149 0.122282 0.063150 0.283434 0.124270 0.065250 0.286530 0.125867 0.073084 0.292019 0.105441 0.075742 0.293196 0.106620 0.076767 0.289917 0.108736 0.077806 0.280395 0.110299 0.074556 0.280881 0.108366 0.075542 0.276453 0.109030 0.083244 0.285501 0.090033 0.086911 0.286645 0.091021 0.088729 0.284194 0.092825 0.089686 0.273998 0.094258 0.086781 0.269661 0.092519 0.084011 0.273819 0.092355 0.013006 0.336230 0.140782 0.030603 0.320861 0.137417 0.031613 0.331544 0.134537 -0.006518 0.339028 0.142893 0.011783 0.326526 0.142893 -0.008657 0.341883 0.140069 0.010762 0.339054 0.137113 0.047466 0.317067 0.128783 0.048702 0.319309 0.128008 0.029398 0.319498 0.138327 0.029471 0.334866 0.131700 0.049224 0.327610 0.125466 -0.007819 0.331890 0.143736 -0.027079 0.348298 0.136041 -0.027481 0.344107 0.140535 0.009824 0.323921 0.142241 -0.006388 0.340485 0.135963 -0.024478 0.345381 0.133088 0.012193 0.337286 0.134730 0.061246 0.311094 0.114159 0.045128 0.318554 0.123927 0.059798 0.313445 0.111782 0.063127 0.313889 0.114203 0.028192 0.321449 0.132970 0.029989 0.335156 0.129226 0.046964 0.330380 0.122864 0.063711 0.323500 0.111585 -0.010118 0.328293 0.141514 -0.026831 0.338182 0.139926 -0.041391 0.351553 0.127069 -0.045154 0.354513 0.129954 -0.043090 0.351102 0.132332 0.010094 0.325343 0.138129 -0.026132 0.337645 0.135429 -0.008083 0.331777 0.137893 -0.044561 0.341164 0.131545 0.069345 0.306395 0.095698 0.071379 0.303667 0.096940 0.046539 0.331060 0.120709 0.061384 0.327154 0.109038 0.070131 0.320046 0.093119 0.072434 0.306031 0.096786 0.061589 0.326054 0.109288 0.073006 0.316474 0.094611 -0.029308 0.334279 0.137885 -0.045345 0.343996 0.133618 -0.059848 0.349619 0.122396 -0.057252 0.357879 0.118371 -0.061097 0.361868 0.119886 -0.058877 0.359241 0.122782 -0.047776 0.341505 0.132638 -0.064283 0.349138 0.122331 0.073973 0.314006 0.074598 0.074950 0.300170 0.077198 0.079767 0.298086 0.078034 0.071163 0.320196 0.092150 0.075023 0.313779 0.072537 0.080710 0.301567 0.077781 0.079373 0.311814 0.075307 -0.062114 0.351089 0.123948 -0.073545 0.357994 0.110939 -0.078507 0.358396 0.109888 -0.070050 0.367225 0.106940 -0.074806 0.369372 0.106812 -0.073781 0.366049 0.110551 -0.076304 0.359253 0.111087 -0.083667 0.367206 0.096456 -0.087654 0.367701 0.095828 -0.080208 0.372961 0.091296 -0.084691 0.377463 0.090498 -0.085210 0.373447 0.095152 -0.085206 0.374073 0.077369 -0.090954 0.373715 0.073478 -0.091776 0.378110 0.076484 -0.084512 0.379760 0.073504 -0.087324 0.385586 0.073241 -0.083886 0.378195 0.057525 -0.089279 0.384496 0.056482 -0.090299 0.379587 0.056501 -0.084921 0.388391 0.056007 -0.080921 0.383537 0.054568 -0.077185 0.375685 0.040679 -0.075612 0.376217 0.039478 -0.079443 0.387929 0.042885 -0.081317 0.385877 0.043044 -0.081151 0.379765 0.041045 -0.072413 0.379897 0.038034 -0.072049 0.374060 0.022650 -0.068081 0.369986 0.022197 -0.065614 0.371980 0.022738 -0.067141 0.385731 0.026787 -0.061548 0.377045 0.023517 -0.072719 0.378792 0.025124 -0.022293 0.376461 0.125026 -0.023123 0.368347 0.128894 -0.005812 0.363431 0.131437 -0.038681 0.381901 0.119890 -0.032878 0.382207 0.117047 -0.017547 0.376920 0.121942 -0.005609 0.370844 0.127799 -0.025760 0.366129 0.128555 -0.008621 0.359675 0.131231 -0.039360 0.375142 0.123399 0.008280 0.353065 0.128068 0.010599 0.356144 0.127708 -0.046846 0.389027 0.109689 -0.052619 0.389765 0.110753 -0.034939 0.379168 0.115073 -0.047846 0.387389 0.107985 -0.020197 0.372848 0.119051 -0.001616 0.371527 0.123141 0.011100 0.366084 0.123504 -0.042076 0.373444 0.123021 -0.025468 0.364068 0.128908 -0.008423 0.358699 0.130076 0.008448 0.354301 0.127130 -0.053982 0.382514 0.114510 0.024045 0.351788 0.118306 0.024144 0.348695 0.119255 0.026114 0.351710 0.118831 -0.059146 0.395490 0.098015 -0.058563 0.397784 0.100123 -0.064373 0.397853 0.098746 -0.041170 0.370243 0.122653 -0.055452 0.378380 0.114459 -0.067957 0.386795 0.103675 -0.004571 0.369330 0.119856 0.013929 0.367620 0.117823 0.026874 0.362443 0.115341 -0.055684 0.382607 0.113182 0.010742 0.364599 0.116412 0.025526 0.361989 0.110024 -0.066051 0.392236 0.103644 0.038910 0.356750 0.101281 0.037975 0.347427 0.107282 0.038388 0.345042 0.107467 0.040585 0.348934 0.107408 -0.068128 0.401733 0.084648 -0.077901 0.396039 0.090411 -0.068070 0.404668 0.086783 -0.074488 0.406143 0.085299 -0.069478 0.389442 0.102188 -0.079088 0.397559 0.087304 0.029220 0.364987 0.111017 0.041302 0.357665 0.105259 0.042819 0.360812 0.101417 -0.076929 0.400235 0.090205 0.053595 0.354281 0.089356 0.050594 0.352646 0.089824 0.049860 0.341711 0.094209 0.050268 0.338462 0.094003 0.052832 0.343667 0.094014 -0.078496 0.403235 0.072989 -0.072937 0.406150 0.068380 -0.082331 0.404447 0.069149 -0.072850 0.411061 0.070788 -0.077859 0.413116 0.068460 -0.081093 0.407545 0.072594 0.053761 0.352041 0.092758 0.061461 0.348864 0.074487 0.061496 0.347797 0.076068 0.058008 0.347315 0.075052 0.058905 0.335732 0.078922 0.059898 0.332807 0.078399 0.062037 0.337268 0.078642 -0.075141 0.405708 0.054924 -0.080098 0.413152 0.051766 -0.070637 0.409509 0.051505 -0.079483 0.413469 0.053943 -0.071947 0.416415 0.053494 -0.076664 0.417121 0.051971 0.063488 0.344905 0.056881 0.067070 0.343436 0.058266 0.068757 0.333178 0.061005 0.060704 0.343240 0.058229 0.062592 0.332572 0.060054 0.065434 0.329451 0.059925 -0.068425 0.402950 0.037439 -0.073835 0.405435 0.039781 -0.071807 0.411528 0.040490 -0.063856 0.406693 0.035720 -0.069513 0.413881 0.040934 -0.065639 0.414100 0.037332 -0.065845 0.399540 0.022891 -0.059764 0.396447 0.022128 -0.063362 0.405514 0.024218 -0.061926 0.407415 0.025121 -0.051968 0.402195 0.025266 -0.057061 0.407841 0.023544 -0.020230 0.399211 0.112721 -0.022229 0.392883 0.113051 -0.010324 0.385510 0.108870 -0.031516 0.408475 0.106827 -0.026565 0.410662 0.096610 -0.015782 0.403457 0.099947 -0.008825 0.389364 0.110090 -0.001127 0.394879 0.094311 -0.033002 0.402775 0.107897 -0.011490 0.401942 0.095258 0.001701 0.379857 0.102440 0.009706 0.390413 0.090283 -0.037349 0.418458 0.091205 -0.043252 0.416425 0.100175 -0.032337 0.414605 0.089162 -0.022382 0.407711 0.093247 -0.004146 0.395864 0.099492 0.003034 0.383292 0.102677 0.007430 0.389783 0.095017 -0.043538 0.411397 0.100660 0.014365 0.376773 0.095486 0.020076 0.387154 0.084293 0.018963 0.386255 0.088426 -0.045931 0.425521 0.082898 -0.041407 0.421245 0.083065 -0.052416 0.425661 0.090980 -0.053280 0.420020 0.092222 0.015628 0.379184 0.095275 0.025686 0.373174 0.086553 0.029470 0.383524 0.076979 0.029617 0.382904 0.080290 0.027607 0.374786 0.087069 -0.051742 0.431995 0.071235 -0.048660 0.427089 0.073814 -0.059821 0.427356 0.080073 -0.059338 0.432893 0.078488 0.034529 0.369148 0.075257 0.036548 0.379061 0.067518 0.037593 0.378314 0.069805 0.036952 0.370169 0.075978 -0.051594 0.431904 0.060857 -0.056269 0.438517 0.058996 -0.064696 0.432364 0.066665 -0.063263 0.439536 0.064503 0.041838 0.364611 0.062928 0.042724 0.375061 0.057173 0.044256 0.373352 0.058335 0.044664 0.365161 0.063443 -0.065210 0.432604 0.052171 -0.052631 0.433675 0.050748 -0.058770 0.439349 0.047279 -0.066701 0.439773 0.050331 0.045591 0.360933 0.048453 0.046440 0.369422 0.046176 0.047194 0.367945 0.045425 0.049021 0.359157 0.049582 -0.061406 0.429622 0.037927 -0.059986 0.427400 0.039403 -0.051535 0.432534 0.038612 -0.056255 0.432652 0.038263 -0.053205 0.429950 0.025981 -0.057789 0.423310 0.026262 -0.045970 0.430630 0.027489 -0.037651 0.115292 0.074223 -0.034905 0.122707 0.079100 -0.030082 0.116190 0.082805 -0.032307 0.110264 0.079457 -0.037542 0.113600 0.077010 -0.042779 0.120891 0.069141 -0.042586 0.119071 0.071611 -0.039264 0.128619 0.073844 -0.034485 0.121763 0.081346 -0.030549 0.113626 0.084605 -0.029073 0.113366 0.083501 -0.031779 0.111470 0.082989 -0.033838 0.116967 0.081150 -0.039038 0.122759 0.075543 -0.045986 0.126626 0.062781 -0.046101 0.125036 0.065578 -0.044328 0.127582 0.069252 -0.039655 0.128311 0.075533 -0.042027 0.134865 0.067589 -0.044294 0.135139 0.069543 -0.048465 0.132484 0.056170 -0.049390 0.130746 0.059160 -0.048055 0.133821 0.063042 -0.046998 0.140654 0.061437 -0.043938 0.140919 0.060925 -0.047631 0.138694 0.049585 -0.049356 0.136567 0.052114 -0.049937 0.139236 0.055445 -0.047638 0.147279 0.053846 -0.043856 0.145802 0.053146 -0.047352 0.143539 0.041762 -0.050130 0.141590 0.044480 -0.051175 0.144990 0.047964 -0.047941 0.154175 0.046730 -0.043302 0.151689 0.046209 -0.044121 0.147723 0.034435 -0.049551 0.146790 0.037123 -0.051106 0.150879 0.040458 -0.044273 0.159536 0.038942 -0.041736 0.156803 0.038660 -0.041534 0.150750 0.026137 -0.047511 0.150512 0.029056 -0.048907 0.154997 0.032198 -0.039247 0.164649 0.031885 -0.037179 0.159767 0.031571 -0.035704 0.154961 0.021047 -0.047568 0.154731 0.021234 -0.049106 0.159304 0.023805 -0.035162 0.167675 0.024024 -0.033455 0.164015 0.024437 0.003332 0.102930 0.120974 0.016351 0.095591 0.117762 0.014263 0.097506 0.120295 0.007705 0.109632 0.124712 -0.007494 0.108633 0.120109 0.004652 0.097344 0.117638 -0.003503 0.115414 0.125049 0.014565 0.095562 0.113889 0.016502 0.100881 0.122297 0.018443 0.101225 0.118050 0.009380 0.108818 0.121255 -0.001794 0.114724 0.122657 -0.006234 0.103522 0.117535 -0.017872 0.115191 0.119676 -0.014494 0.121559 0.123753 0.003615 0.098488 0.116607 -0.012776 0.120836 0.120791 -0.006321 0.104522 0.115926 -0.016534 0.110597 0.117593 -0.027956 0.122170 0.118416 -0.025308 0.127942 0.121918 -0.023425 0.127822 0.119652 -0.016521 0.110126 0.115197 -0.026636 0.118107 0.116692 -0.037567 0.129480 0.115320 -0.035701 0.134307 0.117945 -0.033992 0.133682 0.115186 -0.025472 0.117400 0.112577 -0.036736 0.123299 0.110994 -0.047478 0.134935 0.109706 -0.045539 0.140626 0.112102 -0.044350 0.139209 0.109425 -0.035555 0.121856 0.108017 -0.046939 0.129654 0.106961 -0.056889 0.141400 0.104084 -0.055147 0.146701 0.105466 -0.053696 0.146610 0.103806 -0.044103 0.128345 0.102454 -0.056777 0.135564 0.101029 -0.064668 0.147730 0.095613 -0.063828 0.153795 0.098403 -0.062171 0.153781 0.096123 -0.051695 0.136199 0.097514 -0.064741 0.142533 0.093048 -0.071315 0.154181 0.086117 -0.071946 0.159406 0.088914 -0.069102 0.160967 0.086539 -0.059316 0.142229 0.089814 -0.069593 0.150026 0.082346 -0.074890 0.161719 0.075134 -0.074518 0.165772 0.076275 -0.072223 0.167685 0.074032 -0.064824 0.149305 0.080757 -0.071567 0.155987 0.069370 -0.075053 0.167094 0.061776 -0.076044 0.171679 0.063328 -0.072875 0.174222 0.060892 -0.068566 0.155444 0.069517 -0.071935 0.162985 0.056938 -0.076287 0.174842 0.050601 -0.075151 0.179410 0.051159 -0.071649 0.181269 0.048210 -0.068450 0.162236 0.057997 -0.070128 0.168970 0.044157 -0.072343 0.180193 0.037967 -0.071546 0.186655 0.039421 -0.066664 0.187713 0.037879 -0.068354 0.169250 0.046621 -0.067632 0.177563 0.033317 -0.063894 0.191796 0.029129 -0.065784 0.186780 0.028296 -0.058089 0.193118 0.028336 -0.063834 0.176189 0.036538 -0.058669 0.182032 0.024449 -0.054816 0.194116 0.020730 -0.057966 0.186979 0.018349 -0.056839 0.181453 0.027537 -0.048054 0.190267 0.021683 -0.052489 0.183077 0.017120 -0.046909 0.184551 0.021503 0.050619 0.106917 0.129705 0.047686 0.107991 0.126973 0.069494 0.101671 0.119912 0.070851 0.099828 0.122700 0.034795 0.124268 0.138122 0.032640 0.115272 0.134284 0.054171 0.115824 0.134514 0.028437 0.116777 0.130386 0.068890 0.105054 0.121462 0.048124 0.111856 0.127305 0.085526 0.099456 0.118321 0.085356 0.102366 0.119442 0.076198 0.107731 0.129136 0.086465 0.097681 0.121833 0.015936 0.134266 0.139418 0.013610 0.137497 0.137348 0.033014 0.127548 0.135870 0.014029 0.124255 0.135531 0.052905 0.118810 0.133040 0.008689 0.125677 0.131555 0.030062 0.119760 0.131071 0.072295 0.110469 0.125958 0.089307 0.106377 0.124394 0.051116 0.117968 0.132240 0.091762 0.106925 0.126634 0.091917 0.103815 0.127976 0.075042 0.109873 0.127686 -0.003308 0.143527 0.136941 -0.005483 0.147680 0.134459 0.013904 0.136381 0.137211 -0.005130 0.145305 0.134795 0.031886 0.126008 0.134564 -0.004489 0.132745 0.132114 -0.010621 0.134477 0.127327 0.011967 0.128799 0.132378 -0.021325 0.153752 0.132208 -0.024468 0.157372 0.129696 -0.023589 0.153947 0.129879 -0.006226 0.137398 0.129653 -0.023741 0.146162 0.124940 -0.022409 0.141415 0.127524 -0.029180 0.144064 0.122330 -0.039495 0.162976 0.126180 -0.043240 0.165856 0.123100 -0.041015 0.162808 0.123227 -0.040842 0.154488 0.118593 -0.047171 0.151641 0.114141 -0.040150 0.149656 0.121553 -0.056390 0.171400 0.117395 -0.059527 0.174280 0.112768 -0.056499 0.171581 0.113754 -0.055989 0.162523 0.109435 -0.062430 0.160656 0.103892 -0.055723 0.157611 0.112355 -0.070876 0.179174 0.105799 -0.073198 0.182544 0.100304 -0.070004 0.179279 0.101940 -0.069088 0.169542 0.098217 -0.075251 0.168235 0.091319 -0.069247 0.165454 0.101090 -0.083106 0.187991 0.093229 -0.082303 0.191153 0.088892 -0.080884 0.187069 0.088614 -0.080006 0.176576 0.085419 -0.083610 0.176816 0.076835 -0.081008 0.171795 0.087999 -0.091265 0.194474 0.077824 -0.089041 0.199408 0.071744 -0.085603 0.194682 0.073725 -0.083490 0.184836 0.070908 -0.087354 0.181612 0.074732 -0.085640 0.187466 0.062775 -0.091094 0.204258 0.063163 -0.087951 0.208975 0.057110 -0.085047 0.202667 0.058576 -0.082596 0.194892 0.057452 -0.084677 0.194006 0.054149 -0.088969 0.192913 0.061861 -0.092802 0.208771 0.048174 -0.085227 0.218370 0.041829 -0.082117 0.212480 0.044718 -0.079344 0.205137 0.044433 -0.085065 0.206505 0.034868 -0.090069 0.199933 0.049316 -0.090950 0.213326 0.031315 -0.078274 0.226157 0.027139 -0.073593 0.219043 0.030458 -0.071697 0.211650 0.030811 -0.076174 0.211840 0.026784 -0.089016 0.208226 0.032807 -0.075966 0.220810 0.021945 -0.062122 0.222689 0.017779 -0.061458 0.214014 0.016960 -0.059493 0.219714 0.018173 -0.077643 0.217549 0.022972 -0.061220 0.453112 -0.041284 -0.049934 0.448043 -0.036263 -0.056128 0.453620 -0.034436 -0.065844 0.456926 -0.047166 -0.061745 0.452557 -0.046593 -0.053503 0.456066 -0.033985 -0.049316 0.448163 -0.042299 -0.045901 0.450322 -0.040342 -0.047518 0.449843 -0.034306 -0.051425 0.446226 -0.030446 -0.059125 0.449607 -0.026620 -0.055413 0.453369 -0.024781 -0.061670 0.459273 -0.054631 -0.061057 0.452669 -0.056504 -0.047455 0.446593 -0.048031 -0.047516 0.446950 -0.029149 -0.049020 0.443883 -0.023943 -0.043519 0.448647 -0.045878 -0.055268 0.442364 -0.026568 -0.053641 0.450298 -0.062876 -0.052178 0.455969 -0.059513 -0.044060 0.444314 -0.053358 -0.040721 0.447038 -0.051397 -0.044624 0.447027 -0.068019 -0.039969 0.441323 -0.058171 -0.044839 0.451193 -0.065808 -0.037886 0.443164 -0.055772 -0.035801 0.442347 -0.072430 -0.034434 0.438458 -0.061097 -0.031619 0.441054 -0.058525 -0.036191 0.446651 -0.071186 -0.027064 0.436815 -0.075704 -0.027014 0.436098 -0.060750 -0.025138 0.437533 -0.059824 -0.026440 0.441910 -0.074900 -0.021370 0.432518 -0.058753 -0.017152 0.432206 -0.078135 -0.020037 0.433058 -0.059114 -0.016708 0.436480 -0.077607 -0.016254 0.428206 -0.056226 -0.019648 0.426813 -0.056344 -0.007314 0.427059 -0.077384 -0.007313 0.430181 -0.077958 -0.011525 0.424560 -0.052905 0.001067 0.423573 -0.074969 -0.015231 0.422813 -0.053307 0.000509 0.420736 -0.074229 -0.006422 0.420894 -0.049982 0.007634 0.417640 -0.069317 0.006123 0.414261 -0.068991 -0.009533 0.419310 -0.050873 -0.001265 0.417524 -0.046798 0.011367 0.412566 -0.061550 0.010618 0.408608 -0.062378 -0.005187 0.415530 -0.047720 0.003272 0.414306 -0.042984 0.015743 0.407375 -0.054101 0.013816 0.402617 -0.055579 -0.002071 0.411694 -0.043490 0.006898 0.410988 -0.038587 0.020541 0.401871 -0.047043 0.017208 0.397679 -0.048159 0.001319 0.408079 -0.039328 -0.033455 0.164015 -0.024437 -0.035162 0.167675 -0.024024 -0.047568 0.154731 -0.021234 -0.035704 0.154961 -0.021047 -0.037179 0.159767 -0.031571 -0.039247 0.164649 -0.031885 -0.049106 0.159304 -0.023805 -0.048907 0.154997 -0.032198 -0.047511 0.150512 -0.029056 -0.041534 0.150750 -0.026137 -0.041736 0.156803 -0.038660 -0.044273 0.159536 -0.038942 -0.051106 0.150879 -0.040458 -0.049551 0.146790 -0.037123 -0.044121 0.147723 -0.034435 -0.043302 0.151689 -0.046209 -0.047941 0.154175 -0.046730 -0.051175 0.144990 -0.047964 -0.050130 0.141590 -0.044480 -0.047352 0.143539 -0.041762 -0.043856 0.145802 -0.053146 -0.047638 0.147279 -0.053846 -0.049937 0.139236 -0.055445 -0.049356 0.136567 -0.052114 -0.047631 0.138694 -0.049585 -0.043938 0.140919 -0.060925 -0.046998 0.140654 -0.061437 -0.048055 0.133821 -0.063042 -0.049390 0.130746 -0.059160 -0.048465 0.132484 -0.056170 -0.044294 0.135139 -0.069543 -0.042027 0.134865 -0.067589 -0.044328 0.127582 -0.069252 -0.046101 0.125036 -0.065578 -0.045986 0.126626 -0.062781 -0.039038 0.122759 -0.075543 -0.039655 0.128311 -0.075533 -0.039264 0.128619 -0.073844 -0.042586 0.119071 -0.071611 -0.042779 0.120891 -0.069141 -0.033838 0.116967 -0.081150 -0.037542 0.113600 -0.077010 -0.034485 0.121763 -0.081346 -0.034905 0.122707 -0.079100 -0.037651 0.115292 -0.074223 -0.031779 0.111470 -0.082989 -0.030549 0.113626 -0.084605 -0.032307 0.110264 -0.079457 -0.030082 0.116190 -0.082805 -0.029073 0.113366 -0.083501 -0.052489 0.183077 -0.017120 -0.046909 0.184551 -0.021503 -0.048054 0.190267 -0.021683 -0.056839 0.181453 -0.027537 -0.057966 0.186979 -0.018349 -0.058669 0.182032 -0.024449 -0.054816 0.194116 -0.020730 -0.058089 0.193118 -0.028336 -0.063834 0.176189 -0.036538 -0.065784 0.186780 -0.028296 -0.067632 0.177563 -0.033317 -0.063894 0.191796 -0.029129 -0.066664 0.187713 -0.037879 -0.071546 0.186655 -0.039421 -0.068354 0.169250 -0.046621 -0.072343 0.180193 -0.037967 -0.070128 0.168970 -0.044157 -0.071649 0.181269 -0.048210 -0.075151 0.179410 -0.051159 -0.076287 0.174842 -0.050601 -0.068450 0.162236 -0.057997 -0.071935 0.162985 -0.056938 -0.072875 0.174222 -0.060892 -0.076044 0.171679 -0.063328 -0.075053 0.167094 -0.061776 -0.068566 0.155444 -0.069517 -0.071567 0.155987 -0.069370 -0.072223 0.167685 -0.074032 -0.074518 0.165772 -0.076275 -0.074890 0.161719 -0.075134 -0.064824 0.149305 -0.080757 -0.069593 0.150026 -0.082346 -0.069102 0.160967 -0.086539 -0.071946 0.159406 -0.088914 -0.071315 0.154181 -0.086117 -0.059316 0.142229 -0.089814 -0.064741 0.142533 -0.093048 -0.062171 0.153781 -0.096123 -0.063828 0.153795 -0.098403 -0.064668 0.147730 -0.095613 -0.051695 0.136199 -0.097514 -0.056777 0.135564 -0.101029 -0.053696 0.146610 -0.103806 -0.055147 0.146701 -0.105466 -0.056889 0.141400 -0.104084 -0.044103 0.128345 -0.102454 -0.046939 0.129654 -0.106961 -0.044350 0.139209 -0.109425 -0.045539 0.140626 -0.112102 -0.047478 0.134935 -0.109706 -0.035555 0.121856 -0.108017 -0.036736 0.123299 -0.110994 -0.033992 0.133682 -0.115186 -0.035701 0.134307 -0.117945 -0.037567 0.129480 -0.115320 -0.025472 0.117400 -0.112577 -0.026636 0.118107 -0.116692 -0.023425 0.127822 -0.119652 -0.025308 0.127942 -0.121918 -0.027956 0.122170 -0.118416 -0.016521 0.110126 -0.115197 -0.016534 0.110597 -0.117593 -0.012776 0.120836 -0.120791 -0.014494 0.121559 -0.123753 -0.017872 0.115191 -0.119676 -0.006321 0.104522 -0.115926 -0.006234 0.103522 -0.117535 -0.001794 0.114724 -0.122657 -0.003503 0.115414 -0.125049 -0.007494 0.108633 -0.120109 0.003615 0.098488 -0.116607 0.004652 0.097344 -0.117638 0.009380 0.108818 -0.121255 0.007705 0.109632 -0.124712 0.003332 0.102930 -0.120974 0.014565 0.095562 -0.113889 0.016351 0.095591 -0.117762 0.018443 0.101225 -0.118050 0.016502 0.100881 -0.122297 0.014263 0.097506 -0.120295 -0.059493 0.219714 -0.018173 -0.077643 0.217549 -0.022972 -0.061458 0.214014 -0.016960 -0.062122 0.222689 -0.017779 -0.073593 0.219043 -0.030458 -0.075966 0.220810 -0.021945 -0.089016 0.208226 -0.032807 -0.076174 0.211840 -0.026784 -0.071697 0.211650 -0.030811 -0.078274 0.226157 -0.027139 -0.082117 0.212480 -0.044718 -0.085227 0.218370 -0.041829 -0.090950 0.213326 -0.031315 -0.090069 0.199933 -0.049316 -0.085065 0.206505 -0.034868 -0.079344 0.205137 -0.044433 -0.092802 0.208771 -0.048174 -0.085047 0.202667 -0.058576 -0.087951 0.208975 -0.057110 -0.091094 0.204258 -0.063163 -0.088969 0.192913 -0.061861 -0.084677 0.194006 -0.054149 -0.082596 0.194892 -0.057452 -0.085603 0.194682 -0.073725 -0.089041 0.199408 -0.071744 -0.091265 0.194474 -0.077824 -0.087354 0.181612 -0.074732 -0.085640 0.187466 -0.062775 -0.083490 0.184836 -0.070908 -0.080884 0.187069 -0.088614 -0.082303 0.191153 -0.088892 -0.083106 0.187991 -0.093229 -0.081008 0.171795 -0.087999 -0.083610 0.176816 -0.076835 -0.080006 0.176576 -0.085419 -0.070004 0.179279 -0.101940 -0.073198 0.182544 -0.100304 -0.070876 0.179174 -0.105799 -0.069247 0.165454 -0.101090 -0.075251 0.168235 -0.091319 -0.069088 0.169542 -0.098217 -0.056499 0.171581 -0.113754 -0.059527 0.174280 -0.112768 -0.056390 0.171400 -0.117395 -0.055723 0.157611 -0.112355 -0.062430 0.160656 -0.103892 -0.055989 0.162523 -0.109435 -0.041015 0.162808 -0.123227 -0.043240 0.165856 -0.123100 -0.039495 0.162976 -0.126180 -0.040150 0.149656 -0.121553 -0.047171 0.151641 -0.114141 -0.040842 0.154488 -0.118593 -0.023589 0.153947 -0.129879 -0.024468 0.157372 -0.129696 -0.021325 0.153752 -0.132208 -0.022409 0.141415 -0.127524 -0.029180 0.144064 -0.122330 -0.023741 0.146162 -0.124940 -0.005130 0.145305 -0.134795 -0.005483 0.147680 -0.134459 -0.003308 0.143527 -0.136941 -0.004489 0.132745 -0.132114 -0.010621 0.134477 -0.127327 -0.006226 0.137398 -0.129653 0.013904 0.136381 -0.137211 0.013610 0.137497 -0.137348 0.015936 0.134266 -0.139418 0.014029 0.124255 -0.135531 0.008689 0.125677 -0.131555 0.011967 0.128799 -0.132378 0.031886 0.126008 -0.134564 0.033014 0.127548 -0.135870 0.034795 0.124268 -0.138122 0.032640 0.115272 -0.134284 0.028437 0.116777 -0.130386 0.030062 0.119760 -0.131071 0.051116 0.117968 -0.132240 0.052905 0.118810 -0.133040 0.054171 0.115824 -0.134514 0.050619 0.106917 -0.129705 0.047686 0.107991 -0.126973 0.048124 0.111856 -0.127305 0.072295 0.110469 -0.125958 0.075042 0.109873 -0.127686 0.076198 0.107731 -0.129136 0.070851 0.099828 -0.122700 0.069494 0.101671 -0.119912 0.068890 0.105054 -0.121462 0.089307 0.106377 -0.124394 0.091762 0.106925 -0.126634 0.091917 0.103815 -0.127976 0.086465 0.097681 -0.121833 0.085526 0.099456 -0.118321 0.085356 0.102366 -0.119442 -0.064109 0.249079 -0.018270 -0.062020 0.244918 -0.018294 -0.066808 0.247577 -0.021386 -0.065911 0.241184 -0.016506 -0.079560 0.248101 -0.021668 -0.081172 0.254412 -0.025007 -0.077016 0.244720 -0.032019 -0.075086 0.240529 -0.032105 -0.078250 0.239100 -0.033049 -0.080899 0.239407 -0.029100 -0.090042 0.241259 -0.035235 -0.086212 0.248152 -0.043381 -0.084103 0.237883 -0.048503 -0.082323 0.233968 -0.048450 -0.083635 0.231723 -0.048702 -0.088347 0.233858 -0.043776 -0.092965 0.236349 -0.053584 -0.090497 0.237616 -0.060251 -0.093549 0.228001 -0.071193 -0.086162 0.229580 -0.065721 -0.084759 0.223261 -0.064234 -0.085483 0.219711 -0.063334 -0.089007 0.224747 -0.060453 -0.089530 0.227170 -0.077774 -0.090826 0.219762 -0.088670 -0.089626 0.212504 -0.075489 -0.087204 0.221006 -0.082818 -0.084011 0.212076 -0.080068 -0.085126 0.207086 -0.077780 -0.084158 0.216610 -0.093484 -0.078528 0.212523 -0.103535 -0.082865 0.202384 -0.090898 -0.076354 0.198909 -0.093726 -0.077727 0.213508 -0.098532 -0.076033 0.204604 -0.096396 -0.063690 0.208777 -0.117774 -0.070510 0.210615 -0.107667 -0.071229 0.196570 -0.106499 -0.064182 0.194187 -0.109288 -0.063052 0.198503 -0.111060 -0.064912 0.205606 -0.112074 -0.046728 0.205229 -0.130131 -0.055559 0.191166 -0.119326 -0.054402 0.207015 -0.121822 -0.048416 0.187787 -0.121643 -0.046505 0.193435 -0.123002 -0.048971 0.200123 -0.124470 -0.028188 0.197623 -0.138218 -0.038525 0.184833 -0.130183 -0.030962 0.181287 -0.131869 -0.035458 0.200829 -0.132511 -0.028375 0.187003 -0.132121 -0.030738 0.194257 -0.133741 -0.009231 0.189179 -0.144621 -0.019940 0.177850 -0.138066 -0.012005 0.173275 -0.138105 -0.009466 0.179243 -0.138641 -0.015776 0.192072 -0.139891 -0.012165 0.185362 -0.139696 -0.001171 0.169182 -0.144027 0.010309 0.180695 -0.149187 0.007350 0.165840 -0.143996 0.009013 0.169730 -0.143809 0.007246 0.178172 -0.145562 0.004411 0.183203 -0.145975 0.018626 0.161834 -0.145640 0.027138 0.157720 -0.143039 0.029555 0.170869 -0.148612 0.029592 0.163647 -0.144141 0.026982 0.170493 -0.146478 0.025266 0.174221 -0.145924 0.046817 0.149381 -0.140185 0.038611 0.153744 -0.143396 0.048294 0.153723 -0.140665 0.048259 0.159982 -0.146216 0.046784 0.162386 -0.144151 0.045924 0.164654 -0.144917 0.065615 0.140147 -0.134081 0.065851 0.142441 -0.134406 0.057919 0.144562 -0.139639 0.065314 0.152177 -0.139181 0.067508 0.150508 -0.141109 0.065903 0.154090 -0.140166 0.083506 0.133097 -0.128606 0.083209 0.130378 -0.128545 0.083104 0.141665 -0.135281 0.075801 0.134268 -0.135414 0.085178 0.143172 -0.136413 0.085501 0.140107 -0.136591 0.100887 0.125984 -0.120518 0.103319 0.133379 -0.126487 0.100898 0.123536 -0.120697 0.093075 0.124703 -0.129320 0.104405 0.134552 -0.129716 0.103183 0.130992 -0.129961 -0.070239 0.277331 -0.023945 -0.081919 0.275244 -0.027727 -0.070579 0.267623 -0.025735 -0.070727 0.278698 -0.027576 -0.087314 0.280945 -0.034890 -0.085205 0.269649 -0.038123 -0.092335 0.269180 -0.044403 -0.083527 0.267294 -0.043902 -0.079236 0.268034 -0.042217 -0.083360 0.274990 -0.043531 -0.095104 0.264767 -0.066103 -0.089986 0.275615 -0.056733 -0.090991 0.262856 -0.055025 -0.091864 0.254236 -0.074749 -0.089417 0.260277 -0.062347 -0.084866 0.264005 -0.062424 -0.088700 0.271123 -0.063918 -0.091919 0.245813 -0.094412 -0.094931 0.257413 -0.087005 -0.093320 0.267201 -0.077659 -0.089746 0.250109 -0.081986 -0.086525 0.255888 -0.082320 -0.089000 0.264748 -0.084361 -0.084357 0.241827 -0.113409 -0.086335 0.240170 -0.101550 -0.089108 0.250619 -0.106406 -0.090941 0.259785 -0.099142 -0.081518 0.250063 -0.102371 -0.085010 0.257870 -0.104157 -0.075185 0.236283 -0.118862 -0.069047 0.236911 -0.127175 -0.070837 0.241933 -0.118294 -0.074219 0.251882 -0.121509 -0.078369 0.254336 -0.115889 -0.071447 0.250598 -0.118656 -0.054770 0.237516 -0.131113 -0.059869 0.231848 -0.134163 -0.052038 0.234573 -0.139187 -0.055270 0.247420 -0.131634 -0.057159 0.247505 -0.134410 -0.061582 0.250537 -0.130310 -0.037439 0.243481 -0.141687 -0.037452 0.231086 -0.140942 -0.041105 0.228881 -0.144771 -0.033902 0.227405 -0.146695 -0.042894 0.246052 -0.141574 -0.038056 0.243041 -0.143752 -0.018965 0.237006 -0.148664 -0.022234 0.240168 -0.147280 -0.017883 0.226825 -0.146605 -0.021784 0.220646 -0.150989 -0.015210 0.219465 -0.151891 -0.018622 0.235879 -0.149880 -0.002446 0.230819 -0.151384 -0.000233 0.228388 -0.151875 0.001551 0.228305 -0.152420 0.000428 0.217864 -0.149730 -0.001478 0.212753 -0.153066 0.003945 0.211157 -0.153359 0.018115 0.222447 -0.153305 0.021506 0.219944 -0.154579 0.019134 0.221055 -0.154230 0.022981 0.202656 -0.155670 0.019868 0.210750 -0.151810 0.020605 0.204341 -0.152528 0.041328 0.210843 -0.155033 0.038077 0.212681 -0.154305 0.042740 0.195914 -0.155095 0.037692 0.211412 -0.153724 0.040896 0.196326 -0.153020 0.038769 0.201675 -0.152299 0.060681 0.201168 -0.152105 0.062025 0.188149 -0.152192 0.058250 0.203470 -0.151477 0.058605 0.188199 -0.151775 0.056779 0.203233 -0.151565 0.058175 0.194617 -0.149095 0.079927 0.192235 -0.146977 0.079853 0.179250 -0.145658 0.077000 0.178061 -0.145225 0.077852 0.193904 -0.146536 0.075674 0.185013 -0.142612 0.074808 0.194146 -0.146583 0.096911 0.182000 -0.137518 0.094309 0.168846 -0.134372 0.092525 0.166966 -0.133774 0.091216 0.174773 -0.132555 0.095700 0.184377 -0.136914 0.110351 0.160404 -0.123859 0.113137 0.172287 -0.126234 0.108101 0.159056 -0.120385 0.105251 0.167043 -0.118573 0.105508 0.177019 -0.125639 0.111577 0.175958 -0.123422 -0.068476 0.293971 -0.024128 -0.063427 0.304148 -0.022404 -0.072498 0.300694 -0.020922 -0.062698 0.299176 -0.023684 -0.085580 0.303996 -0.036819 -0.083722 0.299353 -0.038225 -0.077280 0.300038 -0.037578 -0.075045 0.307050 -0.019782 -0.069101 0.308527 -0.022162 -0.078580 0.306433 -0.036929 -0.085305 0.309126 -0.038142 -0.091509 0.305771 -0.060423 -0.091552 0.297624 -0.056074 -0.089589 0.296818 -0.054117 -0.084278 0.297683 -0.057492 -0.081580 0.311859 -0.040886 -0.084739 0.305037 -0.057663 -0.086513 0.308553 -0.063160 -0.093002 0.297175 -0.081729 -0.087374 0.300393 -0.083613 -0.093777 0.289856 -0.077250 -0.090595 0.287666 -0.076453 -0.086477 0.290142 -0.079319 -0.087359 0.299957 -0.080453 -0.090136 0.286096 -0.101063 -0.084595 0.291756 -0.104029 -0.084200 0.291494 -0.100224 -0.091850 0.277153 -0.097230 -0.089131 0.275275 -0.095467 -0.083770 0.283298 -0.099605 -0.076768 0.283633 -0.118710 -0.074882 0.286935 -0.118838 -0.073121 0.286293 -0.117529 -0.072041 0.275897 -0.115968 -0.079532 0.270114 -0.114840 -0.079458 0.269533 -0.115073 -0.057269 0.280898 -0.131894 -0.060681 0.278415 -0.132968 -0.056362 0.279819 -0.129792 -0.056789 0.270843 -0.129928 -0.063212 0.265526 -0.129792 -0.063883 0.265583 -0.130412 -0.038436 0.273790 -0.142480 -0.039163 0.273030 -0.139918 -0.042687 0.273104 -0.144364 -0.038941 0.262534 -0.138347 -0.043695 0.259970 -0.138945 -0.044282 0.260843 -0.140099 -0.019124 0.265797 -0.148207 -0.020418 0.264900 -0.146249 -0.020737 0.254076 -0.145162 -0.022289 0.264927 -0.150361 -0.022778 0.252183 -0.145937 -0.024298 0.253407 -0.147064 -0.000801 0.259024 -0.151533 -0.000627 0.257494 -0.149801 -0.001771 0.247995 -0.150384 -0.003855 0.245001 -0.151414 -0.001963 0.257670 -0.154150 -0.003476 0.246189 -0.153025 0.019799 0.250210 -0.154249 0.018899 0.248453 -0.150936 0.017287 0.238616 -0.151914 0.016532 0.236187 -0.153210 0.017632 0.237146 -0.154207 0.017472 0.247380 -0.155831 0.038059 0.241214 -0.150752 0.039893 0.242638 -0.151994 0.036478 0.230429 -0.149598 0.035420 0.228417 -0.151734 0.035454 0.230005 -0.153370 0.039203 0.240640 -0.152816 0.056981 0.232193 -0.145994 0.055690 0.222572 -0.145420 0.059423 0.234780 -0.147172 0.056194 0.219664 -0.147807 0.057313 0.220750 -0.148654 0.058414 0.233192 -0.147994 0.074211 0.216536 -0.137118 0.076735 0.224455 -0.137366 0.074644 0.211172 -0.138502 0.078024 0.227130 -0.139118 0.075890 0.211700 -0.139562 0.077430 0.224122 -0.140608 0.088690 0.207898 -0.123857 0.090069 0.202479 -0.125381 0.091598 0.218082 -0.125534 0.092351 0.203943 -0.126173 0.094290 0.219853 -0.126958 0.094797 0.217326 -0.128274 0.104175 0.195110 -0.109649 0.102435 0.201748 -0.108596 0.107277 0.194593 -0.111767 0.104972 0.210418 -0.109906 0.109441 0.207235 -0.114044 0.107400 0.212118 -0.111186 -0.073761 0.336882 -0.030963 -0.072192 0.321786 -0.022938 -0.064779 0.326331 -0.026265 -0.083677 0.329763 -0.045487 -0.082083 0.333439 -0.049641 -0.068176 0.317413 -0.025097 -0.065543 0.321879 -0.024419 -0.081169 0.321460 -0.044755 -0.079093 0.319447 -0.043749 -0.079353 0.323403 -0.048146 -0.090258 0.323827 -0.063637 -0.090277 0.318090 -0.058268 -0.085108 0.326586 -0.069140 -0.085030 0.326548 -0.060015 -0.087904 0.317303 -0.062565 -0.084849 0.317669 -0.061160 -0.092192 0.308825 -0.079821 -0.091129 0.318253 -0.085387 -0.090475 0.305831 -0.081817 -0.085620 0.318302 -0.088801 -0.086782 0.316442 -0.079100 -0.088003 0.310343 -0.081679 -0.087156 0.298390 -0.101943 -0.089723 0.301986 -0.101220 -0.086836 0.310124 -0.104755 -0.083913 0.304562 -0.101454 -0.078941 0.313950 -0.107880 -0.081428 0.311673 -0.099058 -0.073857 0.295815 -0.119159 -0.070450 0.302058 -0.116603 -0.076599 0.297950 -0.118607 -0.072671 0.309627 -0.120051 -0.069883 0.310173 -0.115994 -0.066699 0.309454 -0.122907 -0.054717 0.295637 -0.128329 -0.058099 0.289941 -0.132405 -0.054389 0.304476 -0.127782 -0.060437 0.293450 -0.132658 -0.056809 0.303864 -0.132129 -0.050925 0.304311 -0.133657 -0.037743 0.290529 -0.138298 -0.037761 0.299578 -0.137819 -0.040610 0.283780 -0.142539 -0.034807 0.297990 -0.143158 -0.042835 0.286797 -0.143142 -0.039575 0.298619 -0.142009 -0.020261 0.293067 -0.144595 -0.019245 0.287738 -0.144718 -0.017014 0.292785 -0.148498 -0.021822 0.278408 -0.149609 -0.021724 0.292381 -0.149752 -0.023950 0.281755 -0.151249 -0.002659 0.284875 -0.148965 0.000545 0.285242 -0.151908 -0.000880 0.280735 -0.148579 -0.003130 0.285042 -0.153701 -0.002890 0.271046 -0.154352 -0.005028 0.272629 -0.154973 0.018129 0.277042 -0.151515 0.015043 0.275911 -0.149989 0.015424 0.276498 -0.154507 0.017483 0.272879 -0.149347 0.014317 0.264535 -0.156444 0.016079 0.262990 -0.154730 0.035695 0.269682 -0.148653 0.033789 0.268355 -0.151160 0.033143 0.269115 -0.147307 0.033597 0.256792 -0.152546 0.035698 0.265152 -0.146049 0.034507 0.254126 -0.150371 0.052910 0.263893 -0.141960 0.051980 0.261879 -0.144750 0.052536 0.249932 -0.145973 0.050561 0.262920 -0.140552 0.052699 0.246137 -0.143971 0.053251 0.258620 -0.138560 0.069746 0.260999 -0.132843 0.069490 0.259190 -0.134632 0.070947 0.246491 -0.136246 0.070453 0.242056 -0.133808 0.068025 0.259285 -0.132025 0.070524 0.253040 -0.129542 0.085911 0.256899 -0.122779 0.086646 0.253763 -0.124712 0.086956 0.239928 -0.123113 0.084323 0.235222 -0.118837 0.083078 0.242149 -0.118447 0.084775 0.258837 -0.122306 0.097087 0.253653 -0.106007 0.098890 0.250139 -0.107536 0.100698 0.237844 -0.105794 0.094872 0.233051 -0.099888 0.095292 0.238746 -0.101283 0.095374 0.252937 -0.104968 0.084011 0.273819 -0.092355 0.086781 0.269661 -0.092519 0.089686 0.273998 -0.094258 0.083244 0.285501 -0.090033 0.075542 0.276453 -0.109030 0.074556 0.280881 -0.108366 0.077806 0.280395 -0.110299 0.088729 0.284194 -0.092825 0.086911 0.286645 -0.091021 0.076767 0.289917 -0.108736 0.073084 0.292019 -0.105441 0.065250 0.286530 -0.125867 0.063150 0.283434 -0.124270 0.062169 0.287149 -0.122282 0.064948 0.295928 -0.124731 0.075742 0.293196 -0.106620 0.064515 0.299344 -0.122173 0.061499 0.296401 -0.120384 0.049372 0.300725 -0.136521 0.048960 0.291956 -0.136841 0.047639 0.290139 -0.135789 0.047335 0.292557 -0.133211 0.049685 0.305558 -0.133519 0.047564 0.303165 -0.131627 0.032189 0.305489 -0.145545 0.032759 0.310550 -0.141552 0.031369 0.296661 -0.145700 0.029921 0.294785 -0.144184 0.030963 0.298557 -0.140869 0.031418 0.308282 -0.139432 0.015089 0.314522 -0.146872 0.013304 0.309505 -0.149362 0.014189 0.313849 -0.143311 0.012564 0.302476 -0.148784 0.010963 0.299966 -0.147586 0.013421 0.304005 -0.144959 -0.003665 0.318198 -0.143909 -0.003434 0.318859 -0.146621 -0.005326 0.315599 -0.149214 -0.004824 0.308156 -0.145191 -0.006965 0.305606 -0.148239 -0.008161 0.305220 -0.146302 -0.021180 0.322807 -0.140553 -0.022494 0.312944 -0.141141 -0.021868 0.323392 -0.144562 -0.023772 0.321147 -0.145169 -0.026913 0.310035 -0.141636 -0.025004 0.313531 -0.143852 -0.038352 0.319158 -0.133535 -0.037950 0.327391 -0.134085 -0.044358 0.316046 -0.133702 -0.039123 0.328910 -0.137956 -0.041655 0.326049 -0.138230 -0.042528 0.316571 -0.136216 -0.053491 0.325128 -0.123446 -0.061067 0.320995 -0.123354 -0.053151 0.333976 -0.125123 -0.059045 0.323985 -0.127167 -0.055353 0.333819 -0.128368 -0.057949 0.331603 -0.127996 -0.075481 0.325713 -0.109641 -0.068157 0.329934 -0.112214 -0.074183 0.328015 -0.114141 -0.067202 0.338953 -0.113495 -0.073009 0.336941 -0.115696 -0.070452 0.338823 -0.116922 -0.086641 0.330348 -0.092703 -0.086457 0.333635 -0.098633 -0.078840 0.335392 -0.097002 -0.084684 0.341536 -0.099360 -0.078984 0.343734 -0.099172 -0.081047 0.342901 -0.100570 -0.088307 0.337692 -0.073285 -0.091894 0.338231 -0.078940 -0.089018 0.347036 -0.079880 -0.084211 0.339111 -0.078260 -0.089034 0.346348 -0.082250 -0.084320 0.348460 -0.080813 -0.087007 0.345161 -0.053176 -0.089841 0.346539 -0.059023 -0.088049 0.352500 -0.059248 -0.086841 0.353397 -0.063118 -0.082336 0.343893 -0.058727 -0.083222 0.352594 -0.061470 -0.083095 0.352449 -0.042926 -0.081119 0.347238 -0.038136 -0.080663 0.357250 -0.043502 -0.078874 0.357171 -0.045022 -0.076418 0.354992 -0.043236 -0.073824 0.346057 -0.040896 -0.069806 0.350877 -0.026806 -0.068737 0.355534 -0.026565 -0.068544 0.343281 -0.022442 -0.066843 0.357950 -0.028970 -0.063557 0.357023 -0.029109 -0.062850 0.342853 -0.024961 -0.067141 0.385731 -0.026787 -0.072719 0.378792 -0.025124 -0.061548 0.377045 -0.023517 -0.081317 0.385877 -0.043044 -0.079443 0.387929 -0.042885 -0.072049 0.374060 -0.022650 -0.081151 0.379765 -0.041045 -0.068081 0.369986 -0.022197 -0.065614 0.371980 -0.022738 -0.072413 0.379897 -0.038034 -0.090299 0.379587 -0.056501 -0.089279 0.384496 -0.056482 -0.084921 0.388391 -0.056007 -0.077185 0.375685 -0.040679 -0.075612 0.376217 -0.039478 -0.080921 0.383537 -0.054568 -0.083886 0.378195 -0.057525 -0.090954 0.373715 -0.073478 -0.091776 0.378110 -0.076484 -0.087324 0.385586 -0.073241 -0.084512 0.379760 -0.073504 -0.085206 0.374073 -0.077369 -0.087654 0.367701 -0.095828 -0.083667 0.367206 -0.096456 -0.085210 0.373447 -0.095152 -0.084691 0.377463 -0.090498 -0.080208 0.372961 -0.091296 -0.076304 0.359253 -0.111087 -0.078507 0.358396 -0.109888 -0.073545 0.357994 -0.110939 -0.070050 0.367225 -0.106940 -0.073781 0.366049 -0.110551 -0.074806 0.369372 -0.106812 -0.062114 0.351089 -0.123948 -0.064283 0.349138 -0.122331 -0.059848 0.349619 -0.122396 -0.057252 0.357879 -0.118371 -0.061097 0.361868 -0.119886 -0.058877 0.359241 -0.122782 -0.045345 0.343996 -0.133618 -0.047776 0.341505 -0.132638 -0.044561 0.341164 -0.131545 -0.041391 0.351553 -0.127069 -0.045154 0.354513 -0.129954 -0.043090 0.351102 -0.132332 -0.026831 0.338182 -0.139926 -0.029308 0.334279 -0.137885 -0.026132 0.337645 -0.135429 -0.024478 0.345381 -0.133088 -0.027079 0.348298 -0.136041 -0.027481 0.344107 -0.140535 -0.010118 0.328293 -0.141514 -0.007819 0.331890 -0.143736 -0.008083 0.331777 -0.137893 -0.006388 0.340485 -0.135963 -0.008657 0.341883 -0.140069 -0.006518 0.339028 -0.142893 0.009824 0.323921 -0.142241 0.010094 0.325343 -0.138129 0.011783 0.326526 -0.142893 0.012193 0.337286 -0.134730 0.010762 0.339054 -0.137113 0.013006 0.336230 -0.140782 0.029398 0.319498 -0.138327 0.028192 0.321449 -0.132970 0.029989 0.335156 -0.129226 0.030603 0.320861 -0.137417 0.029471 0.334866 -0.131700 0.031613 0.331544 -0.134537 0.045128 0.318554 -0.123927 0.047466 0.317067 -0.128783 0.046539 0.331060 -0.120709 0.046964 0.330380 -0.122864 0.048702 0.319309 -0.128008 0.049224 0.327610 -0.125466 0.059798 0.313445 -0.111782 0.061384 0.327154 -0.109038 0.061246 0.311094 -0.114159 0.061589 0.326054 -0.109288 0.063711 0.323500 -0.111585 0.063127 0.313889 -0.114203 0.069345 0.306395 -0.095698 0.070131 0.320046 -0.093119 0.071163 0.320196 -0.092150 0.071379 0.303667 -0.096940 0.073006 0.316474 -0.094611 0.072434 0.306031 -0.096786 0.073973 0.314006 -0.074598 0.074950 0.300170 -0.077198 0.075023 0.313779 -0.072537 0.079373 0.311814 -0.075307 0.079767 0.298086 -0.078034 0.080710 0.301567 -0.077781 -0.061926 0.407415 -0.025121 -0.063362 0.405514 -0.024218 -0.057061 0.407841 -0.023544 -0.069513 0.413881 -0.040934 -0.071807 0.411528 -0.040490 -0.065845 0.399540 -0.022891 -0.073835 0.405435 -0.039781 -0.059764 0.396447 -0.022128 -0.051968 0.402195 -0.025266 -0.065639 0.414100 -0.037332 -0.076664 0.417121 -0.051971 -0.079483 0.413469 -0.053943 -0.080098 0.413152 -0.051766 -0.068425 0.402950 -0.037439 -0.075141 0.405708 -0.054924 -0.063856 0.406693 -0.035720 -0.071947 0.416415 -0.053494 -0.081093 0.407545 -0.072594 -0.077859 0.413116 -0.068460 -0.082331 0.404447 -0.069149 -0.078496 0.403235 -0.072989 -0.070637 0.409509 -0.051505 -0.072937 0.406150 -0.068380 -0.072850 0.411061 -0.070788 -0.079088 0.397559 -0.087304 -0.076929 0.400235 -0.090205 -0.074488 0.406143 -0.085299 -0.077901 0.396039 -0.090411 -0.068128 0.401733 -0.084648 -0.068070 0.404668 -0.086783 -0.067957 0.386795 -0.103675 -0.069478 0.389442 -0.102188 -0.066051 0.392236 -0.103644 -0.064373 0.397853 -0.098746 -0.059146 0.395490 -0.098015 -0.058563 0.397784 -0.100123 -0.047846 0.387389 -0.107985 -0.055452 0.378380 -0.114459 -0.055684 0.382607 -0.113182 -0.053982 0.382514 -0.114510 -0.052619 0.389765 -0.110753 -0.046846 0.389027 -0.109689 -0.034939 0.379168 -0.115073 -0.032878 0.382207 -0.117047 -0.041170 0.370243 -0.122653 -0.042076 0.373444 -0.123021 -0.039360 0.375142 -0.123399 -0.038681 0.381901 -0.119890 -0.017547 0.376920 -0.121942 -0.020197 0.372848 -0.119051 -0.022293 0.376461 -0.125026 -0.025468 0.364068 -0.128908 -0.025760 0.366129 -0.128555 -0.023123 0.368347 -0.128894 -0.001616 0.371527 -0.123141 -0.005609 0.370844 -0.127799 -0.004571 0.369330 -0.119856 -0.005812 0.363431 -0.131437 -0.008423 0.358699 -0.130076 -0.008621 0.359675 -0.131231 0.011100 0.366084 -0.123504 0.013929 0.367620 -0.117823 0.010599 0.356144 -0.127708 0.010742 0.364599 -0.116412 0.008280 0.353065 -0.128068 0.008448 0.354301 -0.127130 0.026874 0.362443 -0.115341 0.026114 0.351710 -0.118831 0.029220 0.364987 -0.111017 0.024144 0.348695 -0.119255 0.025526 0.361989 -0.110024 0.024045 0.351788 -0.118306 0.041302 0.357665 -0.105259 0.040585 0.348934 -0.107408 0.038388 0.345042 -0.107467 0.042819 0.360812 -0.101417 0.037975 0.347427 -0.107282 0.038910 0.356750 -0.101281 0.052832 0.343667 -0.094014 0.053761 0.352041 -0.092758 0.050268 0.338462 -0.094003 0.049860 0.341711 -0.094209 0.053595 0.354281 -0.089356 0.050594 0.352646 -0.089824 0.062037 0.337268 -0.078642 0.059898 0.332807 -0.078399 0.061496 0.347797 -0.076068 0.058905 0.335732 -0.078922 0.058008 0.347315 -0.075052 0.061461 0.348864 -0.074487 0.065434 0.329451 -0.059925 0.068757 0.333178 -0.061005 0.062592 0.332572 -0.060054 0.067070 0.343436 -0.058266 0.060704 0.343240 -0.058229 0.063488 0.344905 -0.056881 0.047194 0.367945 -0.045425 0.046440 0.369422 -0.046176 0.049021 0.359157 -0.049582 0.044256 0.373352 -0.058335 0.042724 0.375061 -0.057173 0.045591 0.360933 -0.048453 0.041838 0.364611 -0.062928 0.044664 0.365161 -0.063443 0.037593 0.378314 -0.069805 0.036548 0.379061 -0.067518 0.034529 0.369148 -0.075257 0.036952 0.370169 -0.075978 0.029617 0.382904 -0.080290 0.029470 0.383524 -0.076979 0.025686 0.373174 -0.086553 0.027607 0.374786 -0.087069 0.018963 0.386255 -0.088426 0.020076 0.387154 -0.084293 0.014365 0.376773 -0.095486 0.015628 0.379184 -0.095275 0.007430 0.389783 -0.095017 0.009706 0.390413 -0.090283 0.001701 0.379857 -0.102440 0.003034 0.383292 -0.102677 -0.004146 0.395864 -0.099492 -0.001127 0.394879 -0.094311 -0.010324 0.385510 -0.108870 -0.008825 0.389364 -0.110090 -0.015782 0.403457 -0.099947 -0.011490 0.401942 -0.095258 -0.022229 0.392883 -0.113051 -0.020230 0.399211 -0.112721 -0.026565 0.410662 -0.096610 -0.022382 0.407711 -0.093247 -0.033002 0.402775 -0.107897 -0.031516 0.408475 -0.106827 -0.037349 0.418458 -0.091205 -0.032337 0.414605 -0.089162 -0.043538 0.411397 -0.100660 -0.043252 0.416425 -0.100175 -0.045931 0.425521 -0.082898 -0.041407 0.421245 -0.083065 -0.053280 0.420020 -0.092222 -0.052416 0.425661 -0.090980 -0.048660 0.427089 -0.073814 -0.051742 0.431995 -0.071235 -0.059821 0.427356 -0.080073 -0.059338 0.432893 -0.078488 -0.064696 0.432364 -0.066665 -0.051594 0.431904 -0.060857 -0.056269 0.438517 -0.058996 -0.063263 0.439536 -0.064503 -0.066701 0.439773 -0.050331 -0.065210 0.432604 -0.052171 -0.052631 0.433675 -0.050748 -0.058770 0.439349 -0.047279 -0.056255 0.432652 -0.038263 -0.061406 0.429622 -0.037927 -0.059986 0.427400 -0.039403 -0.051535 0.432534 -0.038612 -0.053205 0.429950 -0.025981 -0.045970 0.430630 -0.027489 -0.057789 0.423310 -0.026262 0.024652 0.413617 0.000000 0.020498 0.416344 0.000000 0.020306 0.416273 0.013966 0.031942 0.402130 -0.016734 0.033632 0.400619 0.000000 0.023300 0.414933 -0.017748 0.023300 0.414933 0.017748 0.020306 0.416273 -0.013966 0.013700 0.415657 0.000000 0.011377 0.412436 0.013223 0.014155 0.409029 0.017487 0.030465 0.396201 -0.032376 0.023678 0.408446 -0.031524 0.037001 0.390458 -0.020073 0.040543 0.387480 0.000000 0.037001 0.390458 0.020073 0.031942 0.402130 0.016734 0.015051 0.407841 -0.029610 0.014155 0.409029 -0.017487 0.011377 0.412436 -0.013223 0.015051 0.407841 0.029610 0.023678 0.408446 0.031524 0.012218 0.408672 -0.015895 0.017752 0.409720 0.000000 0.012218 0.408672 0.015895 0.023907 0.389066 0.031663 0.022653 0.390205 -0.034294 0.023907 0.389066 -0.031663 0.028966 0.397005 -0.034545 0.034512 0.385929 -0.021779 0.021913 0.409155 -0.032905 0.039316 0.379255 -0.016837 0.041781 0.383374 -0.013709 0.047252 0.375171 -0.010865 0.053764 0.364899 0.000000 0.041781 0.383374 0.013709 0.034512 0.385929 0.021779 0.030465 0.396201 0.032376 0.013890 0.408332 -0.030613 0.029522 0.386232 -0.018822 0.022653 0.390205 0.034294 0.013890 0.408332 0.030613 0.021913 0.409155 0.032905 0.024404 0.397871 -0.015473 0.026388 0.396526 0.000000 0.024404 0.397871 0.015473 0.028966 0.397005 0.034545 0.029522 0.386232 0.018822 0.012728 0.408823 -0.031617 0.021400 0.391343 -0.036924 0.027467 0.397809 -0.036714 0.034292 0.379144 -0.012457 0.020147 0.409864 -0.034287 0.039653 0.370878 -0.009594 0.041879 0.375522 -0.015787 0.044052 0.370233 -0.017453 0.053214 0.363038 -0.015054 0.055234 0.364311 -0.009193 0.062516 0.350035 -0.008912 0.062213 0.349779 0.000000 0.055234 0.364311 0.009193 0.047252 0.375171 0.010865 0.039316 0.379255 0.016837 0.033272 0.383372 0.000000 0.027467 0.397809 0.036714 0.021400 0.391343 0.036924 0.012728 0.408823 0.031617 0.020147 0.409864 0.034287 0.034292 0.379144 0.012457 0.011566 0.409314 -0.032620 0.018381 0.410573 -0.035668 0.020146 0.392482 -0.039555 0.025969 0.398613 -0.038883 0.046247 0.360653 0.000000 0.047329 0.359845 -0.007872 0.052925 0.355632 -0.016932 0.046493 0.368270 -0.020543 0.054031 0.363735 -0.020155 0.055361 0.357489 -0.021461 0.054792 0.357244 -0.016361 0.061605 0.346195 -0.016785 0.067119 0.339245 -0.014705 0.068955 0.340298 -0.009406 0.068476 0.339230 0.000000 0.062516 0.350035 0.008912 0.053214 0.363038 0.015054 0.054792 0.357244 0.016361 0.044052 0.370233 0.017453 0.041879 0.375522 0.015787 0.039653 0.370878 0.009594 0.025969 0.398613 0.038883 0.018381 0.410573 0.035668 0.020146 0.392482 0.039555 0.011566 0.409314 0.032620 0.010405 0.409805 -0.033623 0.016616 0.411282 -0.037050 0.024470 0.399417 -0.041052 0.018893 0.393621 -0.042186 0.054592 0.345474 0.000000 0.054630 0.345580 0.007593 0.047329 0.359845 0.007872 0.055830 0.343254 -0.017259 0.054630 0.345580 -0.007593 0.053242 0.355117 -0.021758 0.048102 0.366987 -0.024123 0.054614 0.364029 -0.025323 0.055452 0.357560 -0.026553 0.053846 0.355433 -0.026924 0.063678 0.343839 -0.022428 0.068649 0.330873 -0.024520 0.068272 0.330298 -0.017726 0.073539 0.324905 -0.010695 0.073840 0.324822 0.000000 0.068955 0.340298 0.009406 0.061605 0.346195 0.016785 0.054031 0.363735 0.020155 0.046493 0.368270 0.020543 0.052925 0.355632 0.016932 0.055361 0.357489 0.021461 0.053242 0.355117 0.021758 0.024470 0.399417 0.041052 0.016616 0.411282 0.037050 0.010405 0.409805 0.033623 0.018893 0.393621 0.042186 0.009243 0.410296 -0.034626 0.014850 0.411991 -0.038431 0.022972 0.400221 -0.043221 0.017639 0.394760 -0.044817 0.060727 0.334852 0.000000 0.060852 0.335721 0.008052 0.055830 0.343254 0.017259 0.056256 0.340170 -0.023287 0.062761 0.327634 -0.018531 0.060852 0.335721 -0.008052 0.048848 0.366410 -0.028236 0.054964 0.363894 -0.030565 0.055009 0.357395 -0.031639 0.053613 0.355301 -0.032093 0.064527 0.341785 -0.028525 0.069261 0.330530 -0.031290 0.062830 0.327806 -0.031544 0.062455 0.327973 -0.025044 0.070042 0.322360 -0.015475 0.073520 0.318576 -0.016694 0.081437 0.311918 -0.008938 0.080985 0.310220 0.000000 0.073539 0.324905 0.010695 0.067119 0.339245 0.014705 0.056256 0.340170 0.023287 0.063678 0.343839 0.022428 0.068272 0.330298 0.017726 0.054614 0.364029 0.025323 0.048102 0.366987 0.024123 0.053846 0.355433 0.026924 0.055452 0.357560 0.026553 0.022972 0.400221 0.043221 0.014850 0.411991 0.038431 0.009243 0.410296 0.034626 0.017639 0.394760 0.044817 0.008081 0.410787 -0.035629 0.013084 0.412700 -0.039813 0.021473 0.401025 -0.045390 0.016386 0.395898 -0.047447 0.066390 0.320613 0.000000 0.065891 0.320585 0.009416 0.062761 0.327634 0.018531 0.062455 0.327973 0.025044 0.057610 0.338877 -0.029820 0.065891 0.320585 -0.009416 0.054650 0.364217 -0.035659 0.048749 0.366503 -0.032423 0.054367 0.357485 -0.036698 0.051715 0.355583 -0.036982 0.064888 0.340954 -0.034903 0.070152 0.330438 -0.038031 0.062993 0.327165 -0.038034 0.058775 0.338673 -0.036515 0.068476 0.313991 -0.017820 0.076078 0.314255 -0.024878 0.082478 0.301375 -0.028048 0.081021 0.299768 -0.018149 0.085225 0.294291 -0.014696 0.086343 0.293530 0.000000 0.085225 0.294291 0.014696 0.081437 0.311918 0.008938 0.073520 0.318576 0.016694 0.070042 0.322360 0.015475 0.057610 0.338877 0.029820 0.062830 0.327806 0.031544 0.064527 0.341785 0.028525 0.068649 0.330873 0.024520 0.054964 0.363894 0.030565 0.048848 0.366410 0.028236 0.053613 0.355301 0.032093 0.055009 0.357395 0.031639 0.021473 0.401025 0.045390 0.013084 0.412700 0.039813 0.008081 0.410787 0.035629 0.016386 0.395898 0.047447 0.073585 0.306040 0.000000 0.073658 0.307524 0.007638 0.068476 0.313991 0.017820 0.069261 0.330530 0.031290 0.073658 0.307524 -0.007638 0.053789 0.358206 -0.041713 0.053388 0.365571 -0.040462 0.047817 0.367241 -0.036379 0.050286 0.356567 -0.041769 0.065215 0.341255 -0.041338 0.071080 0.331238 -0.044750 0.062758 0.326449 -0.044512 0.059704 0.339275 -0.043184 0.070149 0.309948 -0.026050 0.072921 0.297612 -0.017712 0.079606 0.310967 -0.033277 0.083878 0.301029 -0.037947 0.075140 0.293473 -0.036225 0.074333 0.295404 -0.026897 0.080532 0.285275 -0.019948 0.087154 0.287133 -0.020078 0.078076 0.290253 -0.013500 0.091899 0.283053 -0.012492 0.091069 0.281995 0.000000 0.087154 0.287133 0.020078 0.078076 0.290253 0.013500 0.081021 0.299768 0.018149 0.091899 0.283053 0.012492 0.070149 0.309948 0.026050 0.076078 0.314255 0.024878 0.062993 0.327165 0.038034 0.058775 0.338673 0.036515 0.070152 0.330438 0.038031 0.064888 0.340954 0.034903 0.054650 0.364217 0.035659 0.048749 0.366503 0.032423 0.051715 0.355583 0.036982 0.054367 0.357485 0.036698 0.079416 0.289617 0.000000 0.072921 0.297612 0.017712 0.074333 0.295404 0.026897 0.053213 0.359446 -0.046690 0.051298 0.367745 -0.045028 0.046083 0.368604 -0.040197 0.051124 0.358419 -0.046616 0.065785 0.342372 -0.047625 0.071384 0.330947 -0.051483 0.063364 0.326354 -0.050960 0.060636 0.340762 -0.049686 0.072488 0.307287 -0.034593 0.079685 0.309044 -0.042433 0.083625 0.298017 -0.047624 0.077099 0.292988 -0.045517 0.073110 0.305446 -0.043651 0.090075 0.282991 -0.031274 0.082376 0.280675 -0.030640 0.085320 0.268802 -0.019628 0.084677 0.278973 -0.011284 0.089448 0.271697 -0.022029 0.090205 0.269109 -0.033967 0.084317 0.278181 0.000000 0.094835 0.268982 -0.014136 0.094645 0.270354 0.000000 0.080532 0.285275 0.019948 0.082376 0.280675 0.030640 0.090075 0.282991 0.031274 0.089448 0.271697 0.022029 0.084677 0.278973 0.011284 0.082478 0.301375 0.028048 0.094835 0.268982 0.014136 0.075140 0.293473 0.036225 0.072488 0.307287 0.034593 0.079606 0.310967 0.033277 0.071080 0.331238 0.044750 0.062758 0.326449 0.044512 0.059704 0.339275 0.043184 0.065215 0.341255 0.041338 0.053388 0.365571 0.040462 0.047817 0.367241 0.036379 0.050286 0.356567 0.041769 0.053789 0.358206 0.041713 0.083878 0.301029 0.037947 0.066558 0.344285 -0.053792 0.071039 0.329452 -0.058230 0.064765 0.326846 -0.057381 0.061586 0.343132 -0.056015 0.080013 0.308996 -0.051920 0.084371 0.297551 -0.057711 0.078524 0.293447 -0.054919 0.073969 0.305687 -0.052897 0.092201 0.280842 -0.042875 0.090818 0.266566 -0.045988 0.085258 0.279328 -0.041918 0.084131 0.266816 -0.031177 0.087939 0.258398 -0.018738 0.088199 0.265234 -0.013027 0.088247 0.266740 0.000000 0.093188 0.261110 -0.016365 0.085836 0.265798 -0.043033 0.088199 0.265234 0.013027 0.099056 0.258443 -0.013329 0.097462 0.263726 0.000000 0.099056 0.258443 0.013329 0.084131 0.266816 0.031177 0.085320 0.268802 0.019628 0.085836 0.265798 0.043033 0.085258 0.279328 0.041918 0.090205 0.269109 0.033967 0.092201 0.280842 0.042875 0.093188 0.261110 0.016365 0.077099 0.292988 0.045517 0.083625 0.298017 0.047624 0.073110 0.305446 0.043651 0.079685 0.309044 0.042433 0.071384 0.330947 0.051483 0.065785 0.342372 0.047625 0.063364 0.326354 0.050960 0.060636 0.340762 0.049686 0.051298 0.367745 0.045028 0.046083 0.368604 0.040197 0.051124 0.358419 0.046616 0.053213 0.359446 0.046690 0.080839 0.310663 -0.061214 0.083749 0.298135 -0.067706 0.078424 0.294048 -0.064437 0.074802 0.308400 -0.061591 0.093539 0.280546 -0.054882 0.091425 0.265398 -0.058080 0.086732 0.266348 -0.054897 0.085604 0.279345 -0.053574 0.092186 0.256725 -0.031617 0.097889 0.246675 -0.030212 0.093256 0.250093 -0.019363 0.092616 0.254805 -0.012252 0.091150 0.260160 0.000000 0.098935 0.251373 -0.015823 0.098143 0.258472 -0.029406 0.087939 0.258398 0.018738 0.092616 0.254805 0.012252 0.101195 0.250168 -0.011792 0.098770 0.257535 0.000000 0.101195 0.250168 0.011792 0.098935 0.251373 0.015823 0.090818 0.266566 0.045988 0.091425 0.265398 0.058080 0.086732 0.266348 0.054897 0.085604 0.279345 0.053574 0.093539 0.280546 0.054882 0.092186 0.256725 0.031617 0.098143 0.258472 0.029406 0.078524 0.293447 0.054919 0.084371 0.297551 0.057711 0.080013 0.308996 0.051920 0.073969 0.305687 0.052897 0.071039 0.329452 0.058230 0.066558 0.344285 0.053792 0.061586 0.343132 0.056015 0.064765 0.326846 0.057381 0.080039 0.313802 -0.070281 0.080867 0.299069 -0.077420 0.077620 0.294662 -0.073916 0.075392 0.313586 -0.069540 0.094299 0.280590 -0.067076 0.092059 0.266838 -0.070201 0.086809 0.267597 -0.066738 0.086648 0.279118 -0.065393 0.095585 0.254168 -0.044752 0.101281 0.241919 -0.041054 0.106103 0.242695 -0.038661 0.102759 0.248514 -0.027616 0.098685 0.248855 -0.015330 0.095102 0.246726 -0.010774 0.092735 0.254126 0.000000 0.095102 0.246726 0.010774 0.102259 0.255010 -0.042655 0.097889 0.246675 0.030212 0.093256 0.250093 0.019363 0.098685 0.248855 0.015330 0.102065 0.244400 -0.011160 0.099865 0.252453 0.000000 0.102065 0.244400 0.011160 0.102759 0.248514 0.027616 0.092059 0.266838 0.070201 0.094299 0.280590 0.067076 0.086809 0.267597 0.066738 0.086648 0.279118 0.065393 0.095585 0.254168 0.044752 0.101281 0.241919 0.041054 0.102259 0.255010 0.042655 0.078424 0.294048 0.064437 0.083749 0.298135 0.067706 0.080839 0.310663 0.061214 0.074802 0.308400 0.061591 0.093691 0.282136 -0.078906 0.092257 0.269462 -0.082216 0.086617 0.268663 -0.078585 0.087841 0.280393 -0.076813 0.097448 0.250201 -0.057947 0.104296 0.233321 -0.049408 0.109499 0.235368 -0.048238 0.103348 0.251255 -0.056409 0.093157 0.246628 -0.013492 0.097116 0.238740 -0.025243 0.102483 0.228138 -0.007285 0.102376 0.238656 -0.009212 0.104327 0.239348 -0.025518 0.096292 0.241139 -0.010194 0.094054 0.249170 0.000000 0.096292 0.241139 0.010194 0.093157 0.246628 0.013492 0.106103 0.242695 0.038661 0.097116 0.238740 0.025243 0.102376 0.238656 0.009212 0.102483 0.228138 0.007285 0.104327 0.239348 0.025518 0.101761 0.246879 0.000000 0.092257 0.269462 0.082216 0.093691 0.282136 0.078906 0.087841 0.280393 0.076813 0.086617 0.268663 0.078585 0.097448 0.250201 0.057947 0.104296 0.233321 0.049408 0.109499 0.235368 0.048238 0.103348 0.251255 0.056409 0.077620 0.294662 0.073916 0.080867 0.299069 0.077420 0.080039 0.313802 0.070281 0.075392 0.313586 0.069540 0.090932 0.286593 -0.089955 0.091755 0.272577 -0.094054 0.086059 0.269330 -0.090451 0.086407 0.285906 -0.087217 0.099392 0.249534 -0.069065 0.102210 0.238290 -0.064570 0.104909 0.234998 -0.061258 0.108817 0.222196 -0.053261 0.113291 0.223986 -0.053725 0.104974 0.248845 -0.068171 0.110209 0.236086 -0.061784 0.099053 0.218628 -0.015623 0.094266 0.231123 -0.008607 0.101798 0.229852 -0.036156 0.105073 0.208462 -0.025220 0.107988 0.217891 -0.016747 0.101793 0.226931 0.000000 0.108551 0.229012 -0.035774 0.097035 0.235638 -0.008319 0.096092 0.243676 0.000000 0.097035 0.235638 0.008319 0.094266 0.231123 0.008607 0.099053 0.218628 0.015623 0.101798 0.229852 0.036156 0.105073 0.208462 0.025220 0.107988 0.217891 0.016747 0.108551 0.229012 0.035774 0.091755 0.272577 0.094054 0.090932 0.286593 0.089955 0.086407 0.285906 0.087217 0.086059 0.269330 0.090451 0.099392 0.249534 0.069065 0.102210 0.238290 0.064570 0.104909 0.234998 0.061258 0.113291 0.223986 0.053725 0.108817 0.222196 0.053261 0.109279 0.221559 0.062628 0.104974 0.248845 0.068171 0.110209 0.236086 0.061784 0.098652 0.249241 -0.075087 0.101557 0.237784 -0.071340 0.105989 0.239040 -0.075199 0.106637 0.239964 -0.068111 0.109279 0.221559 -0.062628 0.115078 0.215875 -0.054464 0.111091 0.215640 -0.055803 0.111419 0.209663 -0.068720 0.118120 0.210330 -0.070778 0.114913 0.221917 -0.062746 0.104256 0.248172 -0.075273 0.098591 0.217373 -0.008351 0.097634 0.224582 0.000000 0.111982 0.207371 -0.026756 0.106527 0.221016 -0.047061 0.109912 0.198129 -0.035274 0.114423 0.197536 -0.037825 0.097933 0.213098 -0.006610 0.098591 0.217373 0.008351 0.097933 0.213098 0.006610 0.098375 0.207506 0.000000 0.112869 0.219334 -0.046529 0.111982 0.207371 0.026756 0.106527 0.221016 0.047061 0.114423 0.197536 0.037825 0.109912 0.198129 0.035274 0.111091 0.215640 0.055803 0.112869 0.219334 0.046529 0.101557 0.237784 0.071340 0.098652 0.249241 0.075087 0.105989 0.239040 0.075199 0.106637 0.239964 0.068111 0.115078 0.215875 0.054464 0.114913 0.221917 0.062746 0.111419 0.209663 0.068720 0.104256 0.248172 0.075273 0.098651 0.249116 -0.081172 0.100373 0.237868 -0.078230 0.102892 0.248286 -0.082314 0.105552 0.237656 -0.082182 0.112691 0.206789 -0.081690 0.115245 0.192675 -0.086174 0.116910 0.193283 -0.074049 0.114218 0.186558 -0.045971 0.118485 0.205010 -0.084044 0.120244 0.193826 -0.073967 0.118870 0.186777 -0.047232 0.118870 0.186777 0.047231 0.114218 0.186558 0.045971 0.105552 0.237656 0.082182 0.100373 0.237868 0.078229 0.098651 0.249116 0.081172 0.102892 0.248286 0.082314 0.118120 0.210330 0.070778 0.112691 0.206789 0.081690 0.115245 0.192675 0.086174 0.116910 0.193283 0.074049 0.098178 0.249451 -0.087201 0.099842 0.237475 -0.085258 0.105373 0.236105 -0.089070 0.102830 0.247566 -0.089480 0.110168 0.208615 -0.095100 0.110866 0.193388 -0.097601 0.115238 0.192859 -0.098921 0.118444 0.192209 -0.086513 0.115355 0.186104 -0.068233 0.121781 0.169711 -0.057980 0.118036 0.176476 -0.079343 0.116218 0.172217 -0.058782 0.115722 0.206453 -0.097948 0.121204 0.185344 -0.071233 0.116218 0.172217 0.058782 0.121781 0.169711 0.057980 0.120244 0.193826 0.073967 0.121204 0.185344 0.071233 0.124858 0.175561 0.081917 0.115355 0.186104 0.068233 0.105373 0.236105 0.089070 0.102830 0.247566 0.089480 0.099842 0.237475 0.085258 0.098178 0.249451 0.087201 0.118485 0.205010 0.084044 0.110866 0.193388 0.097601 0.110168 0.208615 0.095100 0.115238 0.192859 0.098921 0.118444 0.192209 0.086513 0.098133 0.251106 -0.093087 0.099298 0.234888 -0.091671 0.104518 0.234664 -0.095747 0.102599 0.249287 -0.096431 0.105309 0.212647 -0.107487 0.105851 0.195201 -0.108676 0.111026 0.195374 -0.110805 0.111116 0.209707 -0.111088 0.125612 0.160047 -0.066474 0.124858 0.175561 -0.081917 0.118008 0.172076 -0.093236 0.119416 0.159986 -0.080962 0.116946 0.159809 -0.094133 0.118482 0.162711 -0.066958 0.125612 0.160047 0.066474 0.118482 0.162711 0.066958 0.118036 0.176476 0.079343 0.125072 0.165098 0.083444 0.118008 0.172076 0.093236 0.122595 0.172005 0.096093 0.104518 0.234664 0.095747 0.102599 0.249287 0.096431 0.098133 0.251106 0.093087 0.099298 0.234888 0.091671 0.115722 0.206453 0.097948 0.111026 0.195374 0.110805 0.105851 0.195201 0.108676 0.105309 0.212647 0.107487 0.111116 0.209707 0.111088 0.097304 0.251888 -0.099067 0.098103 0.233504 -0.098398 0.102995 0.233441 -0.102575 0.103586 0.248158 -0.103449 0.129191 0.150752 -0.075444 0.126652 0.152771 -0.089648 0.125072 0.165098 -0.083444 0.122595 0.172005 -0.096093 0.115263 0.173049 -0.107516 0.113343 0.159043 -0.108540 0.122330 0.152551 -0.087370 0.119961 0.159985 -0.083718 0.118263 0.158419 -0.110877 0.123308 0.160005 -0.097151 0.121633 0.153478 -0.074725 0.129191 0.150752 0.075444 0.121633 0.153478 0.074725 0.119416 0.159986 0.080962 0.116946 0.159809 0.094133 0.123308 0.160005 0.097151 0.122330 0.152551 0.087370 0.126652 0.152771 0.089648 0.113343 0.159043 0.108540 0.115263 0.173049 0.107516 0.118865 0.171547 0.110449 0.102995 0.233441 0.102575 0.103586 0.248158 0.103449 0.097304 0.251888 0.099067 0.098103 0.233504 0.098398 0.129372 0.140983 -0.081344 0.120133 0.145698 -0.090230 0.126086 0.146249 -0.092722 0.118865 0.171547 -0.110449 0.110045 0.175925 -0.120893 0.106372 0.160674 -0.121452 0.112312 0.159119 -0.124256 0.114726 0.174251 -0.124433 0.122870 0.144701 -0.080443 0.129372 0.140983 0.081344 0.126086 0.146249 0.092722 0.122870 0.144701 0.080443 0.118263 0.158419 0.110877 0.120133 0.145698 0.090230 0.112312 0.159119 0.124256 0.106372 0.160674 0.121452 0.110045 0.175925 0.120893 0.114726 0.174251 0.124433 0.125860 0.130710 -0.087243 0.123703 0.140890 -0.103909 0.116962 0.142223 -0.096140 0.119301 0.135111 -0.085405 0.125860 0.130710 0.087243 0.116962 0.142223 0.096140 0.123703 0.140890 0.097798 0.119301 0.135111 0.085405 0.121033 0.120452 -0.094202 0.116111 0.120838 -0.106328 0.119212 0.128853 -0.107649 0.120134 0.136845 -0.105483 0.113046 0.139543 -0.104097 0.113565 0.125842 -0.091468 0.121033 0.120452 0.094202 0.116111 0.120838 0.106328 0.119212 0.128853 0.107649 0.113046 0.139543 0.104097 0.120134 0.136845 0.105483 0.113565 0.125842 0.091468 0.114506 0.110736 -0.100528 0.112546 0.112641 -0.109433 0.106160 0.116492 -0.107737 0.110862 0.124002 -0.104693 0.115862 0.122658 -0.110413 0.117890 0.134170 -0.109414 0.110087 0.137317 -0.106752 0.111358 0.125695 -0.108191 0.109265 0.118038 -0.099640 0.114506 0.110736 0.100528 0.112546 0.112641 0.109433 0.110862 0.124002 0.104693 0.106160 0.116492 0.107737 0.115862 0.122658 0.110413 0.111358 0.125695 0.108191 0.110087 0.137317 0.106752 0.117890 0.134170 0.109414 0.109265 0.118038 0.099640 0.106579 0.103297 -0.107773 0.106989 0.107520 -0.114419 0.102190 0.112124 -0.110416 0.102138 0.109896 -0.105824 0.113942 0.123231 -0.114372 0.114281 0.133537 -0.113251 0.107802 0.135630 -0.109925 0.108778 0.127137 -0.111112 0.106579 0.103297 0.107773 0.106989 0.107520 0.114419 0.102190 0.112124 0.110416 0.102138 0.109896 0.105824 0.113942 0.123231 0.114372 0.114281 0.133537 0.113251 0.108778 0.127137 0.111112 0.107802 0.135630 0.109925 0.097485 0.097626 -0.115166 0.100218 0.104129 -0.119529 0.095868 0.107687 -0.114932 0.093106 0.104471 -0.112111 0.111761 0.123041 -0.118234 0.111351 0.133473 -0.117614 0.106288 0.134523 -0.113680 0.106043 0.127803 -0.114108 0.100218 0.104129 0.119528 0.097485 0.097626 0.115166 0.095869 0.107687 0.114932 0.093106 0.104471 0.112111 0.111761 0.123041 0.118234 0.111351 0.133473 0.117614 0.106288 0.134523 0.113680 0.106043 0.127803 0.114108 0.087817 0.098140 -0.122439 0.092353 0.104524 -0.126433 0.089131 0.106759 -0.121859 0.085453 0.102811 -0.117170 0.108891 0.123020 -0.121656 0.109400 0.133085 -0.122365 0.104470 0.134253 -0.117472 0.103290 0.128346 -0.117104 0.089948 0.105305 0.122557 0.092006 0.103377 0.126708 0.087605 0.098609 0.122716 0.086750 0.101697 0.119079 0.108891 0.123020 0.121656 0.109400 0.133085 0.122365 0.104470 0.134253 0.117472 0.103290 0.128346 0.117104 0.105396 0.123155 -0.124682 0.105571 0.132514 -0.126001 0.101750 0.133483 -0.120691 0.100611 0.128288 -0.120248 0.105396 0.123155 0.124682 0.105571 0.132514 0.126001 0.101750 0.133483 0.120691 0.100611 0.128288 0.120248</float_array>
          <technique_common>
            <accessor source="#mesh_20-positions-array" count="2752" stride="3">
              <param name="X" type="float"/>
              <param name="Y" type="float"/>
              <param name="Z" type="float"/>
            </accessor>
          </technique_common>
        </source>
        <source id="mesh_20-normals">
          <float_array id="mesh_20-normals-array" count="8256">-0.999539 0.006703 -0.029621 0.024388 -0.999636 -0.011556 -0.746240 -0.537439 -0.392792 0.124744 0.896409 -0.425312 -0.950355 -0.213598 -0.226278 -0.101857 -0.817333 0.567091 -0.388448 0.730561 -0.561595 -0.001665 -0.983843 -0.179025 0.985006 -0.075311 0.155211 0.916580 0.067046 -0.394189 -0.530921 -0.845010 -0.063878 -0.824360 0.553200 -0.120003 0.400830 0.013850 -0.916048 0.865287 -0.468585 0.178062 -0.081948 -0.937044 0.339460 -0.064714 -0.962565 -0.263211 0.867363 -0.036173 -0.496359 -0.163286 0.902530 0.398469 -0.706914 -0.647232 0.285244 0.840833 -0.037450 -0.539998 -0.167420 -0.925651 -0.339323 0.147194 0.877170 0.457063 -0.637334 -0.334017 0.694434 0.212918 0.802116 0.557921 0.646025 -0.003532 -0.763308 -0.282732 -0.919154 -0.274259 -0.584797 -0.259598 0.768519 0.146135 0.826819 0.543152 -0.516023 -0.389530 0.762881 0.404406 0.156387 -0.901110 -0.345649 -0.871371 -0.348193 0.227286 0.775778 0.588650 -0.508027 -0.470735 0.721330 -0.451014 -0.670896 -0.588630 0.274709 0.341878 -0.898696 -0.460236 -0.390189 0.797456 0.404811 0.675051 0.616793 -0.635804 -0.230685 -0.736572 0.316028 0.630162 -0.709240 -0.773854 -0.254213 -0.580108 -0.257791 -0.561058 0.786612 0.592766 0.513102 0.620770 0.243799 0.704390 -0.666630 -0.685186 -0.478840 -0.548846 0.143711 0.735325 -0.662302 -0.151407 -0.653300 0.741805 0.721885 0.450773 0.525057 0.116356 0.692359 -0.712110 -0.710718 -0.472653 -0.521036 0.848721 0.427025 0.311965 -0.041926 -0.714826 0.698045 0.870269 0.454340 0.190280 0.095456 0.752592 -0.651531 -0.814321 -0.311174 -0.489950 0.152362 -0.727683 0.668778 0.878411 0.385131 0.282963 0.189762 -0.741588 0.643458 0.132022 0.820290 -0.556502 -0.876650 -0.177057 -0.447364 0.853696 0.115855 -0.507721 0.526280 -0.809959 0.258835 -0.389381 -0.632131 -0.669921 0.011423 0.491926 -0.870562 -0.063654 -0.846285 0.528915 0.531413 -0.325244 0.782187 0.247859 -0.079294 0.965546 -0.198586 -0.692818 0.693229 0.697224 -0.601567 -0.389866 -0.548728 -0.613164 -0.568268 0.547649 0.825142 0.138639 0.895182 0.402814 -0.190760 0.266247 0.050830 0.962564 0.465044 0.883113 -0.062012 -0.259574 -0.755461 0.601581 0.006260 0.206303 -0.978468 0.497093 0.541391 -0.678081 -0.511009 -0.617513 -0.597952 -0.179290 0.376827 -0.908766 0.028607 0.440988 -0.897057 0.057999 0.629591 -0.774759 0.460208 0.868812 -0.182687 0.233866 0.112452 0.965744 -0.005069 0.359520 -0.933123 -0.191996 -0.669036 0.718003 -0.466964 -0.691128 -0.551622 -0.101683 0.342090 -0.934149 -0.073514 0.288090 -0.954777 0.397262 0.723652 -0.564368 0.025050 0.152736 -0.987950 0.288658 0.425136 0.857867 0.022032 0.237336 -0.971178 -0.236740 -0.644460 0.727066 -0.170048 -0.140722 -0.975336 0.440047 0.708822 -0.551299 0.222793 0.179240 -0.958246 0.194122 0.108690 -0.974937 0.205888 0.599456 0.773474 -0.062509 -0.262277 -0.962966 -0.377729 -0.476537 0.793872 0.396410 0.288087 -0.871702 0.483919 0.674072 -0.558076 0.346166 0.129358 -0.929212 -0.183051 -0.827197 -0.531260 0.049756 0.631432 0.773833 -0.478014 -0.584484 0.655653 0.459707 0.264675 -0.847713 0.441202 0.137569 -0.886801 0.510214 0.703057 -0.495371 -0.105853 -0.820657 -0.561532 -0.524087 -0.566204 0.636196 -0.107041 0.590419 0.799967 0.575844 0.253202 -0.777362 0.563822 0.216721 -0.796955 0.088149 -0.779843 -0.619738 0.553641 0.695943 -0.457323 -0.596016 -0.588384 0.546414 -0.259470 0.666920 0.698494 0.721270 0.272499 -0.636799 0.710351 0.230480 -0.665041 0.272457 -0.708415 -0.651088 -0.630279 -0.690487 0.354931 0.553495 0.782037 -0.286466 -0.425712 0.558275 0.712108 0.847683 0.201905 -0.490580 0.754142 0.593412 -0.281305 0.326776 -0.684856 -0.651299 -0.693576 -0.707560 0.135320 -0.693256 0.120447 0.710555 0.658317 0.747113 -0.091877 0.335170 -0.651699 -0.680404 0.969813 0.111581 -0.216824 0.874278 0.478096 0.084031 -0.803941 -0.565797 -0.183176 -0.836524 0.291638 0.463869 0.694626 0.673657 0.252350 -0.732696 -0.550246 -0.400483 0.544924 -0.676946 -0.494774 0.998758 -0.042114 0.026627 0.851870 0.431940 0.296219 -0.996374 0.084962 0.004518 0.061772 0.860288 0.506052 -0.990870 -0.058727 -0.121355 -0.479750 -0.752181 -0.451735 0.627256 -0.727251 -0.278668 0.967351 -0.211815 0.139166 0.790716 0.427107 0.438575 -0.309937 0.871168 0.380795 -0.897129 -0.116389 -0.426161 -0.225892 -0.840585 -0.492330 0.441519 -0.894652 -0.068257 0.820852 -0.338735 0.459849 0.679750 0.450593 0.578710 -0.091041 0.994128 0.058483 -0.524806 -0.051739 -0.849648 0.178946 -0.773689 -0.607770 0.878717 0.111160 0.464220 0.552821 0.477920 0.682628 0.388767 0.717208 -0.578336 0.561234 -0.562746 0.606905 0.960661 0.180277 0.211258 0.593264 0.174769 0.785807 0.595402 -0.674653 -0.436280 0.317895 -0.469645 0.823636 0.515610 0.546824 -0.659644 0.201790 0.888392 -0.412360 0.404456 0.872439 -0.274344 0.521365 0.333831 0.785325 -0.473046 -0.869278 0.143469 -0.384081 0.131972 -0.913819 0.285055 -0.308187 0.907615 -0.290767 0.622310 -0.726763 -0.088382 0.469121 -0.878700 -0.417867 0.022225 -0.908236 -0.591626 0.135911 -0.794674 0.375920 0.865706 -0.330511 -0.067477 0.261887 -0.962737 0.386902 0.396805 0.832377 -0.529740 -0.844422 0.079535 0.097321 -0.292481 0.951306 -0.230990 -0.012340 -0.972878 -0.479786 -0.856448 -0.190533 0.048963 0.233870 -0.971034 0.389961 0.814271 -0.429992 -0.053638 0.013029 -0.998475 0.294607 0.499445 0.814715 -0.135350 -0.491417 0.860343 -0.334048 -0.739571 -0.584334 0.032468 -0.021830 -0.999234 0.040555 -0.045280 -0.998151 0.425064 0.645729 -0.634314 -0.270757 -0.702275 -0.658407 0.110861 0.373692 0.920904 -0.304294 -0.664423 0.682603 0.058740 -0.164922 -0.984556 -0.352733 -0.935712 -0.004839 0.129625 -0.043165 -0.990623 0.426355 0.824888 -0.371188 -0.181049 -0.254128 0.950074 -0.012468 0.279567 0.960045 0.135350 -0.252811 -0.958002 -0.489002 -0.842062 0.227615 -0.123266 0.136088 0.982998 0.242946 -0.009354 -0.969995 0.367719 0.920376 0.133008 -0.090327 0.294178 0.951473 0.288553 -0.398898 -0.870412 -0.366907 -0.827237 0.425510 -0.216599 0.300500 0.928862 -0.314850 0.193257 0.929258 0.456146 0.311676 -0.833540 0.146065 0.921964 0.358674 -0.354395 -0.924100 0.142981 0.490159 -0.276143 -0.826734 -0.453687 0.173230 0.874162 -0.413799 0.364540 0.834195 0.047206 0.946909 0.318017 0.570029 0.473620 -0.671380 -0.667680 -0.092632 0.738663 -0.110719 -0.978356 -0.174818 0.691539 -0.185299 -0.698168 -0.625163 0.273083 0.731161 -0.100753 0.907831 0.407053 0.685768 0.542453 -0.485249 -0.834548 -0.368032 0.409978 -0.857970 0.120500 0.499367 0.110630 -0.913358 -0.391839 0.896066 -0.031640 -0.442791 -0.505866 0.710897 0.488595 0.634066 0.772811 -0.026879 -0.824967 -0.559396 -0.080659 -0.984519 0.071907 0.159850 -0.536129 0.774189 0.336449 0.341912 -0.826569 -0.447079 0.977682 -0.136383 -0.159806 0.594552 0.768259 0.237247 -0.504758 -0.784500 -0.360248 -0.997531 0.031281 -0.062883 -0.268864 0.919803 0.285789 0.685279 0.656569 0.315135 0.417481 -0.851635 -0.316901 0.942736 -0.332114 0.030804 -0.138775 -0.907089 -0.397405 -0.782861 -0.469529 -0.408255 -0.476794 0.850926 -0.220436 0.655022 0.636317 0.407487 0.884992 -0.212367 0.414353 0.115459 -0.973926 -0.195287 -0.339110 -0.831512 -0.439992 -0.571466 -0.252938 -0.780672 0.766317 0.536554 0.353366 0.144995 0.574778 -0.805361 0.302545 -0.896888 -0.322582 0.394380 0.918931 0.005414 0.695416 0.144891 0.703848 0.781545 0.503245 -0.368689 -0.435800 0.531367 -0.726449 -0.024614 0.450568 -0.892403 0.349636 0.932684 0.088626 0.525547 0.131083 0.840606 0.258842 -0.531328 0.806654 0.381370 -0.534172 0.754465 0.899969 0.014544 0.435710 0.759283 -0.512119 -0.401526 -0.351527 0.408541 -0.842332 -0.256570 0.078492 -0.963333 -0.712156 -0.034365 -0.701180 0.334246 0.940153 0.066274 0.350627 0.128910 0.927601 0.145372 -0.360723 0.921274 -0.360749 -0.932049 0.033829 -0.430714 -0.896609 -0.102846 -0.537073 -0.841579 -0.057420 -0.473533 -0.587775 -0.655963 -0.561853 -0.066106 -0.824591 -0.181682 0.329001 -0.926688 0.214637 0.114117 0.970004 0.350782 0.932227 0.088910 -0.012338 -0.358637 0.933395 -0.372412 -0.927261 -0.038693 -0.390891 -0.205103 -0.897294 -0.253877 -0.295363 -0.921036 0.029653 0.408987 -0.912058 0.072949 0.110746 0.991168 -0.143017 -0.371805 0.917228 0.364124 0.922093 0.130991 -0.360378 -0.921622 -0.144017 -0.139614 -0.287975 -0.947406 0.183180 0.426901 -0.885551 -0.314560 -0.463739 0.828250 -0.013933 0.325870 0.945312 -0.275675 -0.934726 -0.224256 0.361430 0.932324 -0.011813 0.072495 -0.203353 -0.976418 0.249602 0.361139 -0.898486 -0.409022 -0.551483 0.727027 -0.229036 -0.916383 -0.328307 -0.097562 0.367694 0.924815 0.238025 -0.176971 -0.955000 0.352193 0.935922 -0.003077 0.386982 0.421875 -0.819919 -0.436491 -0.632392 0.639965 -0.164599 -0.917763 -0.361411 0.311296 -0.208158 -0.927235 -0.224357 0.421242 0.878760 0.513548 0.521847 -0.681134 0.291809 0.952436 0.087824 -0.609835 -0.444840 0.655910 0.111049 -0.889518 -0.443200 0.463994 -0.228781 -0.855786 0.573038 0.547538 -0.609778 -0.463972 0.416740 0.781702 0.094075 0.943778 0.316912 -0.791913 -0.110146 0.600617 0.076564 -0.938349 -0.337103 0.701238 -0.208683 -0.681702 0.673042 0.623088 -0.398466 -0.174585 0.884634 0.432369 -0.682964 0.211219 0.699247 -0.890412 -0.437362 0.126019 0.080516 -0.930198 -0.358117 0.902059 -0.184897 -0.390002 0.911010 0.352312 -0.214328 -0.069887 0.932024 0.355594 -0.867748 0.230945 0.440088 -0.918147 -0.366280 -0.151145 -0.046421 -0.900657 -0.432044 0.946109 -0.291826 -0.140410 0.993429 0.114227 0.007162 0.354661 0.885923 0.298923 -0.888005 0.410939 0.206340 -0.223798 -0.932730 -0.282718 -0.921869 -0.284436 -0.263161 0.868343 -0.494746 0.034735 0.968679 0.139900 0.205156 0.411002 0.885015 0.218692 -0.857244 0.514911 0.000145 0.652918 -0.539486 0.531651 -0.467441 -0.851967 -0.235905 -0.866717 -0.223077 -0.446136 0.847299 0.272727 0.455746 0.452300 0.881420 0.136103 -0.734394 0.634417 -0.241208 0.790264 0.259943 -0.554899 0.910471 -0.345527 0.227276 -0.078273 -0.855807 -0.511339 -0.386897 0.425897 -0.817877 -0.290515 -0.416483 -0.861477 0.593235 0.802176 -0.067718 -0.762122 0.004682 -0.647416 -0.168706 0.442523 -0.880745 -0.345028 0.145024 -0.927321 -0.249511 0.833445 -0.493065 -0.349755 -0.926793 0.136846 -0.461313 -0.886203 0.042820 -0.556526 -0.048885 -0.829391 0.959254 -0.050962 -0.277910 0.725268 0.630891 -0.275616 0.477414 -0.823086 -0.307581 -0.324719 0.516605 -0.792261 0.625285 0.665654 0.407338 0.359974 -0.180284 0.915378 0.503502 -0.219286 0.835703 -0.366066 -0.930313 0.022674 0.582746 -0.427984 0.690823 -0.439067 -0.060209 -0.896435 0.693802 0.253211 0.674183 0.900209 0.354283 0.253193 0.235032 0.971975 0.004970 -0.243062 0.500191 -0.831102 0.155678 -0.252669 0.954947 0.390720 0.414474 0.821918 0.472249 0.396238 0.787386 0.543396 0.354379 0.761010 -0.474375 -0.865052 -0.163259 -0.323676 -0.073084 -0.943341 0.303090 0.950655 0.066265 -0.034118 0.521000 -0.852875 -0.109904 -0.392722 0.913066 0.288773 0.475108 0.831194 0.431966 0.896024 -0.102695 0.379016 0.925387 -0.002532 -0.445038 -0.854804 -0.266929 -0.116790 -0.109314 -0.987122 0.140829 0.421294 -0.895923 -0.287487 -0.379471 0.879405 0.087601 0.463173 0.881928 0.421198 0.904327 0.069175 0.311026 0.406007 -0.859315 -0.383989 -0.899727 -0.207471 0.081238 -0.137853 -0.987116 -0.400322 -0.274770 0.874210 -0.088209 0.478590 0.873596 0.282554 0.924261 0.256720 0.432430 0.462289 -0.774141 0.218388 -0.223674 -0.949882 -0.319916 -0.937195 -0.138994 -0.261190 0.468029 0.844233 -0.484215 -0.186840 0.854767 0.150736 0.919966 0.361858 0.506932 0.609157 -0.609876 0.322571 -0.329664 -0.887282 -0.291930 -0.951449 -0.097576 0.166968 0.944157 0.284060 -0.382339 0.442520 0.811168 -0.605573 -0.160376 0.779462 0.606284 0.510819 -0.609495 0.435602 -0.355599 -0.826922 -0.282556 -0.951747 -0.119750 0.679385 0.504406 -0.532926 0.045988 0.952425 0.301285 -0.524680 0.484074 0.700274 -0.735236 -0.286497 0.614287 0.606819 -0.301087 -0.735607 -0.183519 -0.961232 -0.205798 0.922685 0.104294 -0.371181 0.792973 -0.385668 -0.471650 0.346629 0.929669 0.124756 -0.691580 0.495286 0.525746 -0.905896 -0.274321 0.322646 -0.093660 -0.928176 -0.360164 0.992734 -0.047476 -0.110563 0.820609 -0.514149 -0.249502 0.363634 -0.842513 -0.397419 0.533688 0.801259 0.270483 -0.782180 0.562624 0.267672 -0.958744 -0.273731 -0.076684 0.986177 -0.070716 0.149846 0.859923 -0.498811 0.108259 0.138474 -0.937880 -0.318130 -0.704692 -0.550347 -0.447803 0.214987 0.916921 0.336208 -0.893660 0.448288 -0.020248 0.885564 -0.114759 0.450118 0.419626 0.805852 0.417751 0.111349 -0.992920 0.041364 -0.699166 -0.576211 -0.423258 -0.907548 0.197938 -0.370376 0.917874 -0.373231 -0.134931 0.922255 0.371742 -0.106081 -0.338199 0.776684 -0.531397 0.226602 -0.859435 -0.458282 -0.518895 -0.166468 -0.838472 -0.288696 0.782532 0.551633 -0.531060 0.145822 0.834692 -0.135619 0.794835 0.591476 0.633880 0.707930 -0.311498 -0.372743 0.835384 0.403974 -0.663673 0.258103 0.702083 0.623816 0.778208 -0.072427 -0.618659 -0.266172 0.739197 -0.515129 -0.340983 0.786367 -0.415211 0.120692 0.901683 0.578666 0.664509 -0.472836 0.045583 0.850481 0.524027 0.818661 -0.297424 -0.491256 0.663112 -0.229277 -0.712541 -0.829110 0.223745 0.512362 0.576664 0.795376 0.186643 -0.340576 0.890791 0.300831 -0.750337 -0.232155 0.618949 0.846193 -0.469535 -0.251980 -0.264600 -0.958759 -0.103771 -0.246973 -0.946860 -0.206059 -0.396808 -0.321083 0.859912 -0.271650 -0.949371 -0.157798 -0.252787 0.138086 0.957617 0.517750 -0.231577 -0.823594 0.526530 0.582191 -0.619533 0.140546 0.875923 0.461525 -0.029399 -0.922659 -0.384495 -0.106152 -0.939316 -0.326217 -0.220364 -0.954570 -0.200591 -0.909561 -0.132832 0.393770 -0.950866 0.268019 0.154981 0.683536 0.636137 0.357921 0.685191 -0.728334 0.006539 -0.097427 0.954589 0.281546 -0.485857 -0.782644 -0.389116 0.374237 -0.288012 -0.881474 0.222658 -0.277053 -0.934700 -0.299328 -0.909031 -0.289939 -0.254697 -0.435670 0.863320 0.037428 -0.253023 -0.966736 -0.031265 0.223426 0.974219 0.385256 0.588064 -0.711167 0.219599 0.893918 0.390752 -0.956062 -0.054950 -0.287969 -0.983236 -0.182103 -0.009210 -0.792103 0.610378 0.003288 0.590946 -0.719297 0.365231 0.780558 0.323846 0.534652 -0.667899 -0.587802 -0.456509 0.217239 0.921336 0.322409 -0.849588 0.211231 -0.483304 0.225587 0.542466 -0.809222 -0.177733 -0.269080 -0.946576 -0.301567 -0.948467 -0.097306 -0.008303 -0.290789 0.956751 0.010577 0.462764 -0.886418 0.141155 0.199347 0.969709 0.271808 0.879793 0.389980 -0.602776 0.761939 -0.236875 -0.552571 -0.470648 -0.687864 0.960333 -0.203355 -0.190809 0.763528 0.644909 -0.033411 -0.762396 0.214434 -0.610549 -0.003572 0.965616 -0.259946 -0.319878 0.475224 -0.819659 -0.220837 0.314968 -0.923053 -0.394443 -0.308037 -0.865753 -0.305045 -0.947633 0.094546 0.195037 -0.359024 0.912723 0.345769 0.928523 0.135237 0.387044 0.241947 0.889752 -0.400814 0.324382 -0.856810 0.355207 0.934570 -0.020167 -0.572408 -0.381198 -0.725973 -0.270078 -0.953249 0.135550 0.401606 -0.323459 0.856789 0.559877 0.246886 0.790940 -0.571743 0.356929 -0.738723 0.364386 0.919863 -0.145172 0.735246 0.290073 0.612594 -0.716587 -0.371755 -0.590171 -0.360202 -0.919145 0.159456 0.586474 -0.274598 0.762000 -0.638330 0.422269 -0.643602 0.339343 0.934594 -0.106678 0.814493 0.324995 0.480603 0.735935 -0.215322 0.641901 -0.830518 -0.269216 -0.487610 -0.303942 -0.926566 0.221572 -0.359647 0.043787 -0.932061 0.387439 0.622605 -0.679892 0.908248 0.396323 0.134217 0.894008 -0.111280 -0.434011 0.384603 -0.923024 -0.010317 -0.515312 -0.251750 -0.819192 0.278727 0.540690 0.793704 0.407511 0.177065 0.895870 0.431298 0.517528 0.739017 0.091201 0.471503 0.877136 0.166907 0.034676 0.985363 0.237273 0.955782 0.173731 0.215797 0.976121 0.024883 0.120013 -0.795778 0.593578 0.582227 0.018423 0.812818 0.045274 -0.804419 0.592335 0.315208 0.917179 0.243774 0.590981 0.501551 0.631813 -0.119266 -0.161005 0.979721 0.294798 0.940908 0.166692 -0.176563 0.325924 0.928762 -0.183109 -0.881578 0.435075 0.117133 0.455126 -0.882689 0.336943 0.345475 -0.875852 -0.049055 0.449176 -0.892096 -0.069005 -0.903651 0.422673 -0.530575 -0.622261 -0.575571 -0.784147 -0.445015 -0.432521 0.751874 -0.135488 0.645236 -0.404723 -0.624654 -0.667837 -0.088313 0.713939 -0.694616 0.442647 0.847811 0.292028 0.779204 0.450781 0.435474 -0.321073 -0.915621 0.241972 -0.329704 -0.156530 0.931018 0.471290 0.265488 -0.841072 0.201491 0.922872 0.328189 -0.315275 0.337402 0.886996 -0.256559 -0.577892 -0.774737 0.008414 -0.536116 -0.844103 -0.082887 -0.441327 -0.893510 0.050751 -0.690127 -0.721907 -0.903635 -0.357921 -0.235238 0.085195 -0.906154 0.414278 -0.089291 0.763600 -0.639486 -0.596551 0.411811 -0.688867 -0.801013 0.385088 -0.458351 0.876430 -0.119499 0.466466 0.709840 0.607317 0.356782 0.890224 0.355090 0.285327 -0.403476 -0.902804 0.148836 -0.367864 0.102970 0.924161 0.191778 -0.610684 -0.768301 0.630080 0.186983 -0.753682 0.174795 0.889555 0.422065 -0.356878 0.467817 0.808570 -0.505673 -0.759509 0.409195 -0.634402 -0.737016 0.233112 -0.673833 -0.169008 -0.719295 -0.549173 -0.553380 -0.626242 0.672787 -0.739832 -0.002494 0.479721 0.874128 -0.075944 -0.434676 0.753463 -0.493305 0.847102 -0.138268 -0.513128 0.906822 0.184057 -0.379207 -0.526315 0.165698 0.833988 0.235038 -0.676982 -0.697461 -0.469998 -0.856204 -0.214515 0.787196 0.231168 -0.571737 0.040815 0.887922 0.458180 -0.504784 0.486944 0.712796 -0.610721 0.294435 0.735070 0.321983 -0.821727 -0.470205 -0.872933 -0.468289 0.136724 0.950864 0.143309 -0.274445 0.150415 0.897996 0.413496 -0.683904 0.500548 0.530780 0.690944 -0.675845 -0.256571 -0.554226 -0.798122 -0.236294 -0.922785 0.353266 0.153854 0.990393 0.132583 0.039281 0.062337 0.924869 0.375142 0.568219 -0.819287 0.076786 -0.880558 0.429361 -0.200667 -0.821741 -0.441493 -0.360315 0.053693 0.984091 0.169356 0.941146 0.080243 0.328336 -0.267594 -0.962736 0.039150 0.676597 -0.566064 0.470943 0.119196 0.991301 0.055805 -0.778353 0.380006 -0.499762 -0.876689 -0.199523 -0.437729 0.854887 -0.000854 0.518814 -0.651228 -0.179052 -0.737457 0.279482 -0.832922 -0.477630 0.740371 -0.635371 0.219440 -0.231414 0.740314 -0.631176 0.699490 0.284579 -0.655537 -0.560645 0.363462 -0.744024 0.072886 0.703074 0.707372 -0.133016 0.266054 0.954737 0.096969 0.197359 0.975524 0.002475 0.711570 0.702611 0.481861 0.835439 -0.264296 0.381570 0.870340 -0.311307 0.272207 0.674231 0.686524 -0.233241 -0.016081 0.972286 -0.233877 -0.516339 0.823830 -0.253286 0.356196 0.899428 -0.323962 -0.902339 0.284310 0.402265 0.109492 0.908952 0.589833 0.799135 -0.116106 -0.132053 0.685794 0.715715 0.262780 -0.208792 -0.941994 0.441352 -0.225781 -0.868465 0.130323 -0.114685 -0.984816 0.287711 0.939997 -0.183380 0.436904 0.603855 0.666689 -0.450906 0.016870 0.892412 -0.428380 -0.853655 0.296249 -0.364025 -0.931382 0.003669 -0.414973 -0.701832 -0.578990 -0.419590 0.358119 0.834083 -0.570856 -0.389059 -0.723019 -0.264179 -0.946920 0.183172 0.558900 0.000696 0.829235 0.602867 -0.287369 -0.744292 0.583717 0.810724 0.044736 -0.180946 0.738054 0.650027 -0.552291 -0.828475 0.092761 -0.665979 -0.736062 0.121180 -0.256528 -0.858251 -0.444520 -0.108404 0.016965 -0.993962 0.198572 0.964347 -0.174942 0.545298 0.451621 0.706179 -0.571756 0.081958 0.816320 -0.326504 -0.046191 -0.944066 -0.485263 0.002807 -0.874364 -0.436548 0.480349 0.760717 -0.619041 0.069839 -0.782247 -0.703386 -0.247779 -0.666224 -0.310141 -0.932378 0.185701 0.651890 -0.087980 0.753192 0.737703 -0.431404 -0.519313 0.212181 -0.843273 -0.493831 0.663769 0.742509 0.089957 -0.158870 0.843623 0.512894 -0.692699 0.119988 0.711176 -0.914241 0.065555 0.399833 0.223467 0.968390 -0.110826 0.682495 0.274300 0.677466 0.279496 0.934046 -0.222352 -0.690116 0.477816 0.543536 0.282989 0.919603 -0.272485 -0.716803 0.283065 -0.637234 -0.830648 -0.138898 -0.539195 -0.340727 -0.900165 0.271308 0.752213 -0.161264 0.638881 0.078401 -0.942324 -0.325391 0.853209 -0.495378 -0.163203 -0.857494 -0.479695 -0.186000 0.751376 0.628948 0.199646 -0.310074 0.888765 0.337567 -0.860707 0.462279 0.213263 0.831893 0.269021 0.485367 0.205587 0.954820 -0.214600 0.910831 0.294396 0.289342 -0.833355 0.387298 -0.394360 -0.933548 -0.189384 -0.304338 -0.103006 -0.940315 0.324343 0.866289 -0.215927 0.450465 -0.049542 -0.998711 -0.010996 -0.917090 -0.070569 -0.392386 0.909955 -0.337459 0.241046 -0.737165 0.657011 -0.157873 0.687932 0.674465 0.268044 -0.539379 0.828544 -0.150282 -0.235201 0.771339 -0.591368 0.836363 0.193446 -0.512909 0.930342 -0.192835 -0.311896 -0.502412 -0.139888 -0.853237 -0.837059 -0.392708 -0.380937 0.314338 -0.800262 -0.510659 0.174506 -0.924676 0.338411 -0.884647 -0.304130 -0.353420 -0.580253 0.646588 -0.495207 0.759843 -0.307851 0.572596 -0.564000 0.622849 -0.542184 0.409598 0.912265 0.001549 -0.610560 -0.323126 -0.723053 0.355754 -0.895353 -0.267920 -0.545796 0.482065 -0.685361 -0.413719 0.701484 -0.580307 0.960634 -0.004992 0.277774 -0.056395 0.564279 -0.823656 0.299964 0.431501 0.850781 -0.689172 -0.612268 0.387518 -0.410486 -0.865586 0.286815 0.055446 0.619985 0.782652 0.514763 0.836250 0.188958 0.525248 0.794355 0.305146 0.478561 0.176517 0.860128 0.010009 0.514857 -0.857218 -0.715505 -0.586113 0.380163 0.283029 0.282668 -0.916512 -0.216815 -0.953321 0.210167 -0.158232 0.689338 -0.706948 0.511315 0.840612 0.178684 -0.077199 0.628134 0.774266 0.483551 -0.004811 -0.875303 0.386430 0.093751 -0.917542 0.557098 0.714962 0.422459 0.542122 0.146363 0.827455 0.529747 0.678966 0.508305 -0.769201 -0.577925 0.272640 -0.187937 -0.946655 0.261770 -0.174409 0.678910 -0.713206 0.551995 0.647888 0.524921 0.604091 0.787403 0.122764 0.628585 -0.186582 -0.755028 -0.153087 0.706694 0.690759 -0.835175 -0.523603 0.168295 0.555163 0.052520 0.830082 -0.387311 -0.908884 0.154665 -0.224738 0.688834 -0.689203 0.676035 0.614658 0.406413 0.603474 -0.219421 0.766599 0.657719 0.742049 0.129495 0.744851 -0.435320 -0.505661 -0.845846 -0.529197 0.067046 -0.313367 0.765305 0.562236 -0.492615 -0.869731 0.029990 -0.291007 0.750159 -0.593781 0.769856 0.584310 0.256715 0.665530 -0.392480 0.634846 0.871306 -0.457984 -0.176287 0.578625 0.809132 0.102462 -0.782989 -0.621748 0.018923 -0.483475 0.819698 0.307161 -0.621331 -0.782457 0.041338 -0.195445 0.769622 -0.607851 0.852538 0.505201 0.133983 0.660786 -0.534132 0.527319 -0.552850 -0.833236 -0.008566 0.967436 -0.235959 0.091604 0.275789 0.931298 -0.237960 -0.796506 0.528855 -0.293071 -0.474009 -0.829815 -0.294486 -0.719478 -0.092355 -0.688347 0.867803 0.490239 -0.081144 0.491815 -0.715948 -0.495517 -0.913809 0.134233 -0.383321 -0.132447 -0.967899 0.213611 0.998547 0.038732 0.037471 -0.166705 0.878347 -0.448013 -0.335688 0.686584 -0.644915 -0.192312 -0.913423 -0.358711 0.441093 0.634286 -0.634917 0.303010 -0.478210 -0.824318 0.852896 0.366162 -0.372146 0.899308 0.429002 -0.084868 0.403467 -0.786793 -0.467088 -0.779902 -0.540110 0.316281 0.301788 -0.534399 -0.789520 -0.820102 -0.569248 0.058218 0.912810 0.364533 -0.184099 0.252199 0.646326 0.720179 -0.064065 0.000968 0.997945 0.856662 -0.390788 0.336772 -0.330375 -0.640366 0.693386 -0.764887 -0.077816 0.639447 -0.770612 -0.032659 0.636468 0.321264 -0.635623 -0.701978 -0.846606 -0.531626 -0.025153 -0.837707 0.025514 0.545524 -0.170943 0.532132 0.829225 0.940013 0.339232 -0.036027 -0.384270 0.537934 0.750309 0.375354 -0.649099 -0.661650 -0.856698 -0.476009 -0.198704 -0.894310 0.121105 0.430747 -0.466515 0.617304 0.633482 0.896370 0.399493 0.192162 0.559026 -0.681345 -0.472503 -0.713131 -0.572088 -0.405165 -0.961128 0.130633 0.243245 -0.337595 0.670290 0.660864 0.910067 0.301311 0.284586 0.536334 -0.747617 -0.391681 -0.578890 -0.677245 -0.454122 -0.989707 0.117142 0.082201 -0.307664 0.732956 0.606727 0.897412 0.215483 0.384992 0.532501 -0.815068 -0.228269 -0.625882 -0.611240 -0.484415 -0.961040 0.274853 -0.029278 -0.134103 0.799734 0.585186 0.880425 0.114763 0.460089 0.462825 -0.874468 -0.145254 -0.661821 -0.657460 -0.360193 -0.937806 0.344672 -0.041482 0.003048 0.862583 0.505907 0.848856 -0.076359 0.523080 0.708600 -0.577350 -0.405651 -0.272231 -0.259234 -0.926654 -0.935941 0.251972 -0.246016 -0.177526 0.902430 -0.392562 0.947111 0.259488 -0.188802 -0.253751 -0.549662 0.795916 0.319734 -0.837344 0.443424 -0.115007 -0.628125 0.769566 0.337749 0.357265 0.870797 -0.316511 -0.463562 0.827605 -0.351158 -0.875131 0.332917 0.189397 0.433520 0.881016 0.148756 -0.386316 -0.910292 0.685627 -0.018608 0.727715 0.960541 0.200039 -0.193248 0.433529 0.777129 -0.456206 0.429143 0.761814 -0.485259 -0.512457 -0.821705 0.249377 -0.349036 -0.426411 0.834474 0.140190 0.403085 0.904361 -0.214146 -0.253707 -0.943278 0.486766 0.736976 -0.468962 -0.137906 -0.334459 -0.932265 -0.528550 -0.729082 0.434827 -0.459420 -0.389890 0.798072 0.029084 0.439872 0.897590 0.560964 0.754749 -0.340107 -0.216700 -0.493890 -0.842089 -0.591833 -0.702702 0.394897 -0.579171 -0.357641 0.732567 -0.009409 0.589345 0.807827 0.575559 0.740370 -0.347251 0.011498 -0.544241 -0.838850 -0.579648 -0.702733 0.412523 -0.599833 -0.281372 0.749019 -0.043148 0.629872 0.775499 0.659818 0.647735 -0.380892 0.090895 -0.591467 -0.801190 -0.632807 -0.678124 0.373767 -0.688788 -0.215293 0.692257 -0.132466 0.584487 0.800517 0.686349 0.700297 -0.196239 0.268391 -0.412367 -0.870586 -0.695778 -0.707139 0.125888 -0.820411 -0.235424 0.521058 -0.335671 0.546282 0.767399 0.700227 0.712010 -0.052202 0.428238 -0.327787 -0.842121 -0.696181 -0.716232 -0.048419 -0.934520 -0.266047 0.236414 -0.680147 0.437776 0.588007 0.619669 0.769361 0.155224 0.530072 -0.416166 -0.738802 -0.658781 -0.715695 -0.231921 -0.971169 -0.236014 0.033597 -0.777165 0.494670 0.388994 0.511483 0.805307 0.299775 0.678701 -0.491807 -0.545428 -0.602652 -0.730328 -0.321606 -0.966645 -0.238241 -0.094016 -0.815086 0.500457 0.291853 0.437062 0.792548 0.425258 0.760775 -0.519356 -0.389218 -0.526943 -0.744996 -0.409039 -0.973083 -0.121973 -0.195528 -0.667717 0.656612 0.350735 0.510390 0.688534 0.515192 0.887776 -0.416811 -0.195249 -0.257257 -0.789889 -0.556681 -0.881973 -0.045375 -0.469110 -0.666016 0.739233 0.099784 0.470492 0.603613 0.643653 0.930499 -0.364899 -0.031927 -0.265757 -0.692758 -0.670417 -0.669153 0.693702 -0.266481 -0.778082 0.034512 -0.627214 0.379770 0.697073 0.608165 0.752914 -0.641495 0.146984 -0.291792 -0.803202 -0.519350 -0.257604 0.821123 -0.509311 -0.403578 -0.001080 -0.914945 0.581951 -0.679772 0.446366 0.801025 0.563915 -0.200898 0.131895 -0.619589 -0.773766 0.878439 -0.477385 0.021193 -0.206175 -0.850480 0.483917 -0.424259 -0.562302 -0.709804 -0.279603 -0.365568 -0.887796 -0.151197 -0.954047 0.258716 0.223532 0.159443 0.961567 -0.278454 -0.752096 0.597340 0.242558 0.027172 0.969756 -0.389395 -0.594701 -0.703351 -0.060666 0.502934 -0.862193 -0.063696 0.406567 -0.911398 0.323543 -0.400760 -0.857153 0.247798 0.463497 -0.850745 0.181720 -0.016461 0.983212 0.464757 -0.882962 0.066174 0.060970 0.175046 0.982671 0.482172 0.800688 -0.355540 0.420863 0.893151 -0.158602 -0.367557 -0.686423 0.627475 0.389558 0.918400 -0.069174 -0.306889 -0.670969 -0.674996 0.056183 0.372172 -0.926462 0.127965 0.849880 -0.511204 0.238020 0.685575 -0.687993 0.114274 0.664492 -0.738506 0.743150 0.532530 -0.405142 0.488115 0.081933 0.868925 0.277071 0.910214 0.307804 -0.114066 0.151846 0.981800 0.526643 0.800034 -0.287389 0.206688 0.386492 -0.898835 0.295224 0.235824 -0.925867 0.145164 0.513182 -0.845915 -0.447973 -0.636092 0.628257 -0.195532 -0.690390 -0.696512 0.203820 0.328840 -0.922129 -0.166152 0.234834 0.957730 0.511125 0.847687 -0.142053 0.393713 0.229107 -0.890225 0.350104 0.352565 -0.867828 0.439243 0.326327 -0.837005 -0.488889 -0.629042 0.604395 -0.091263 -0.699768 -0.708516 -0.234990 0.331413 0.913753 0.478046 0.878326 -0.003915 0.542760 0.330825 -0.771988 0.546936 0.311116 -0.777218 -0.065872 -0.742310 -0.666811 -0.557899 -0.603740 0.569427 -0.337277 0.419356 0.842843 0.483330 0.874277 0.045070 0.676403 0.432985 -0.595821 0.663262 0.248292 -0.705999 0.002409 -0.771758 -0.635911 -0.666655 -0.555835 0.496607 -0.435355 0.401070 0.805984 0.573225 0.818394 0.040542 0.766606 0.429115 -0.477678 0.770302 0.256512 -0.583811 0.165807 -0.777687 -0.606392 -0.719657 -0.568337 0.398857 -0.670741 0.336459 0.660985 0.559101 0.805926 0.194654 0.902515 0.320796 -0.287327 0.893125 0.203276 -0.401256 0.405876 -0.644315 -0.648169 -0.793909 -0.588156 0.154211 -0.831170 0.350500 0.431632 0.254133 0.850487 0.460530 0.919285 0.387971 0.066287 0.953669 -0.176174 -0.243883 -0.876568 -0.454250 -0.159011 -0.149357 -0.786330 -0.599481 -0.896856 0.372110 0.239132 0.248943 0.790158 0.560070 0.837671 0.401168 0.370637 0.972441 -0.221370 -0.073177 0.140480 -0.828632 -0.541880 -0.867199 -0.441823 -0.229690 -0.972025 0.233782 0.022657 -0.023797 0.860602 0.508721 0.743918 0.412719 0.525593 0.895902 -0.436455 0.082870 0.185925 -0.855334 -0.483565 -0.696967 -0.630677 -0.341297 -0.880147 0.001783 -0.474698 -0.367943 0.928698 -0.046239 0.652647 0.375709 0.657947 0.829321 -0.373885 0.415255 -0.011532 -0.862305 -0.506257 -0.449340 -0.558680 -0.697116 -0.494044 0.130038 -0.859658 0.129391 0.680799 -0.720952 0.466461 -0.842373 -0.269856 0.778144 0.204146 -0.593984 -0.373799 -0.214825 -0.902289 -0.746240 -0.537439 0.392792 0.024388 -0.999636 0.011556 -0.999539 0.006703 0.029621 -0.824360 0.553200 0.120003 -0.530921 -0.845011 0.063878 0.124744 0.896409 0.425312 -0.001665 -0.983843 0.179025 0.916580 0.067046 0.394189 0.985007 -0.075311 -0.155211 -0.101856 -0.817333 -0.567091 -0.950355 -0.213598 0.226278 -0.388448 0.730561 0.561595 -0.163286 0.902530 -0.398469 -0.706914 -0.647232 -0.285244 -0.064714 -0.962565 0.263211 0.865287 -0.468585 -0.178062 0.400830 0.013850 0.916048 0.867363 -0.036172 0.496359 -0.081948 -0.937044 -0.339460 -0.637334 -0.334017 -0.694434 0.147194 0.877170 -0.457063 -0.167420 -0.925651 0.339323 0.840833 -0.037450 0.539998 -0.584797 -0.259598 -0.768519 -0.282732 -0.919154 0.274259 0.212918 0.802116 -0.557921 0.646024 -0.003532 0.763309 -0.516023 -0.389530 -0.762881 -0.345649 -0.871371 0.348193 0.404406 0.156386 0.901110 0.146135 0.826819 -0.543152 -0.508027 -0.470735 -0.721330 -0.451014 -0.670896 0.588630 0.274709 0.341878 0.898696 0.227286 0.775778 -0.588650 -0.635804 -0.230685 0.736572 -0.460236 -0.390189 -0.797456 0.316028 0.630162 0.709240 0.404811 0.675051 -0.616793 0.243799 0.704390 0.666630 -0.773854 -0.254213 0.580108 -0.257791 -0.561058 -0.786612 0.592766 0.513102 -0.620770 0.143711 0.735325 0.662302 0.721885 0.450773 -0.525057 -0.685186 -0.478840 0.548846 -0.151407 -0.653300 -0.741805 0.116356 0.692359 0.712110 0.848721 0.427025 -0.311965 -0.041926 -0.714826 -0.698045 -0.710718 -0.472653 0.521036 0.095456 0.752592 0.651531 0.870269 0.454340 -0.190280 0.152362 -0.727683 -0.668778 -0.814322 -0.311174 0.489950 0.132022 0.820290 0.556502 0.878411 0.385131 -0.282963 0.189762 -0.741588 -0.643458 -0.876650 -0.177057 0.447364 0.011423 0.491926 0.870562 0.853696 0.115855 0.507721 0.526280 -0.809959 -0.258835 -0.389381 -0.632131 0.669921 0.947111 0.259488 0.188802 -0.177526 0.902430 0.392562 -0.272231 -0.259234 0.926654 0.708600 -0.577350 0.405651 0.848856 -0.076359 -0.523080 0.003048 0.862583 -0.505907 -0.935941 0.251972 0.246016 -0.937806 0.344672 0.041482 -0.661821 -0.657460 0.360193 0.462825 -0.874468 0.145254 0.880425 0.114763 -0.460089 -0.134103 0.799734 -0.585186 -0.961040 0.274853 0.029278 -0.625882 -0.611240 0.484415 0.532501 -0.815068 0.228269 0.897412 0.215483 -0.384992 -0.307664 0.732956 -0.606727 -0.989707 0.117142 -0.082201 -0.578890 -0.677244 0.454122 0.536334 -0.747617 0.391681 0.910067 0.301311 -0.284586 -0.337595 0.670290 -0.660864 -0.961128 0.130633 -0.243245 -0.713131 -0.572088 0.405165 0.559026 -0.681345 0.472503 0.896370 0.399493 -0.192162 -0.466515 0.617304 -0.633482 -0.894310 0.121105 -0.430747 -0.856698 -0.476009 0.198704 0.375354 -0.649098 0.661650 -0.384270 0.537934 -0.750309 0.940013 0.339232 0.036027 -0.837707 0.025514 -0.545524 -0.846605 -0.531626 0.025153 0.321264 -0.635623 0.701978 -0.770612 -0.032659 -0.636468 -0.170943 0.532132 -0.829225 0.912810 0.364533 0.184099 -0.820102 -0.569248 -0.058218 0.301788 -0.534399 0.789520 -0.764887 -0.077816 -0.639447 -0.779902 -0.540110 -0.316281 0.252199 0.646326 -0.720179 0.852896 0.366162 0.372146 0.303010 -0.478210 0.824318 -0.330375 -0.640366 -0.693386 -0.064065 0.000968 -0.997945 0.403467 -0.786793 0.467088 0.899308 0.429002 0.084868 0.856662 -0.390788 -0.336772 0.131895 -0.619589 0.773766 0.878439 -0.477385 -0.021193 0.801025 0.563915 0.200898 0.581951 -0.679772 -0.446366 -0.403578 -0.001080 0.914945 -0.291792 -0.803202 0.519350 -0.257604 0.821123 0.509311 0.379770 0.697073 -0.608165 0.752914 -0.641495 -0.146984 -0.778082 0.034512 0.627214 -0.265757 -0.692758 0.670417 -0.669153 0.693702 0.266481 0.470492 0.603613 -0.643653 -0.666016 0.739233 -0.099784 0.930499 -0.364899 0.031927 -0.881973 -0.045375 0.469110 -0.257257 -0.789889 0.556681 0.510390 0.688535 -0.515192 -0.667717 0.656612 -0.350735 -0.973083 -0.121973 0.195528 0.887776 -0.416811 0.195249 -0.526943 -0.744996 0.409039 0.437062 0.792548 -0.425258 -0.815086 0.500457 -0.291853 -0.966645 -0.238241 0.094016 0.760775 -0.519356 0.389218 -0.602652 -0.730328 0.321606 0.511483 0.805307 -0.299775 -0.777165 0.494670 -0.388994 -0.971169 -0.236014 -0.033597 0.678701 -0.491807 0.545428 -0.658781 -0.715696 0.231921 0.619669 0.769361 -0.155224 -0.680147 0.437776 -0.588007 -0.934520 -0.266047 -0.236414 0.530072 -0.416166 0.738802 -0.696181 -0.716232 0.048419 0.700227 0.712010 0.052202 -0.335671 0.546282 -0.767399 -0.820411 -0.235424 -0.521058 0.428238 -0.327787 0.842121 -0.695777 -0.707139 -0.125888 0.686349 0.700297 0.196239 -0.132466 0.584487 -0.800517 -0.688788 -0.215293 -0.692257 0.268391 -0.412367 0.870586 -0.632807 -0.678124 -0.373767 0.659818 0.647735 0.380892 -0.043148 0.629872 -0.775499 -0.599833 -0.281372 -0.749019 0.090895 -0.591467 0.801190 -0.579648 -0.702733 -0.412523 0.575559 0.740370 0.347251 -0.009409 0.589345 -0.807827 -0.579171 -0.357641 -0.732566 0.011498 -0.544241 0.838850 -0.591833 -0.702702 -0.394897 0.560964 0.754749 0.340107 0.029084 0.439872 -0.897589 -0.459420 -0.389890 -0.798072 -0.216700 -0.493890 0.842089 -0.528550 -0.729082 -0.434827 0.486766 0.736976 0.468962 0.140190 0.403085 -0.904361 -0.349036 -0.426411 -0.834474 -0.137906 -0.334459 0.932266 -0.512457 -0.821705 -0.249377 0.429143 0.761814 0.485259 0.189397 0.433520 -0.881016 -0.316511 -0.463562 -0.827605 -0.214146 -0.253707 0.943278 -0.351158 -0.875131 -0.332917 0.433529 0.777129 0.456206 0.337749 0.357265 -0.870797 -0.253751 -0.549662 -0.795916 0.148756 -0.386316 0.910292 0.319734 -0.837344 -0.443424 0.960541 0.200039 0.193248 0.685627 -0.018608 -0.727715 -0.115007 -0.628125 -0.769566 0.778144 0.204146 0.593984 -0.373799 -0.214825 0.902289 0.466461 -0.842373 0.269856 0.129391 0.680799 0.720952 0.652647 0.375709 -0.657947 -0.494044 0.130037 0.859658 -0.449340 -0.558680 0.697116 -0.011532 -0.862305 0.506257 0.829321 -0.373885 -0.415255 -0.367943 0.928698 0.046239 0.743918 0.412720 -0.525593 -0.023797 0.860603 -0.508721 -0.880147 0.001783 0.474698 -0.696967 -0.630677 0.341297 0.185925 -0.855334 0.483565 0.895902 -0.436455 -0.082870 -0.972025 0.233782 -0.022657 0.837671 0.401168 -0.370637 0.248943 0.790158 -0.560070 -0.896856 0.372110 -0.239132 -0.867199 -0.441823 0.229690 0.140480 -0.828632 0.541880 0.972441 -0.221370 0.073177 0.919285 0.387971 -0.066287 0.254133 0.850487 -0.460530 -0.831170 0.350500 -0.431632 -0.876568 -0.454250 0.159011 -0.149357 -0.786330 0.599481 0.953669 -0.176174 0.243883 0.902515 0.320796 0.287327 0.559101 0.805926 -0.194654 -0.670741 0.336459 -0.660985 -0.793909 -0.588156 -0.154211 0.405876 -0.644315 0.648169 0.893125 0.203276 0.401256 0.766606 0.429115 0.477678 0.573225 0.818394 -0.040542 -0.435355 0.401070 -0.805984 -0.719657 -0.568337 -0.398857 0.165807 -0.777687 0.606392 0.770302 0.256512 0.583811 0.676403 0.432985 0.595821 0.483330 0.874277 -0.045070 -0.337277 0.419356 -0.842843 -0.666655 -0.555835 -0.496607 0.002409 -0.771759 0.635911 0.663262 0.248292 0.705999 0.542760 0.330825 0.771988 0.478046 0.878326 0.003915 -0.234990 0.331413 -0.913753 -0.557899 -0.603740 -0.569427 -0.065872 -0.742309 0.666812 0.546936 0.311116 0.777218 0.393713 0.229107 0.890225 0.511125 0.847686 0.142053 -0.166152 0.234834 -0.957730 -0.488889 -0.629042 -0.604395 -0.091263 -0.699768 0.708516 0.439242 0.326327 0.837005 0.295224 0.235824 0.925867 0.526643 0.800034 0.287389 -0.114066 0.151846 -0.981800 -0.447973 -0.636092 -0.628257 -0.195532 -0.690390 0.696512 0.350104 0.352565 0.867828 0.206688 0.386492 0.898835 0.482172 0.800688 0.355540 0.060970 0.175046 -0.982671 -0.367557 -0.686423 -0.627475 -0.306889 -0.670969 0.674996 0.203820 0.328840 0.922129 0.145164 0.513182 0.845915 0.420864 0.893151 0.158602 0.223532 0.159443 -0.961567 -0.278454 -0.752096 -0.597340 -0.389395 -0.594701 0.703351 0.056183 0.372172 0.926462 0.114274 0.664492 0.738506 0.389558 0.918400 0.069174 0.242558 0.027172 -0.969756 -0.206175 -0.850480 -0.483917 -0.424259 -0.562302 0.709804 -0.063696 0.406567 0.911398 0.127965 0.849880 0.511204 0.277071 0.910214 -0.307804 0.181720 -0.016461 -0.983212 -0.151197 -0.954047 -0.258716 -0.279603 -0.365568 0.887796 -0.060666 0.502934 0.862193 0.238020 0.685575 0.687993 0.743150 0.532530 0.405142 0.488115 0.081933 -0.868925 0.464757 -0.882962 -0.066174 0.323543 -0.400760 0.857153 0.247798 0.463497 0.850745 0.388767 0.717208 0.578336 0.878717 0.111160 -0.464220 0.552821 0.477920 -0.682628 0.178946 -0.773689 0.607770 -0.524806 -0.051739 0.849648 -0.091041 0.994128 -0.058483 0.679750 0.450593 -0.578710 0.820852 -0.338735 -0.459849 0.441519 -0.894652 0.068257 -0.225892 -0.840585 0.492330 -0.897129 -0.116389 0.426161 -0.309937 0.871168 -0.380795 0.790716 0.427107 -0.438575 0.967351 -0.211815 -0.139166 0.627256 -0.727251 0.278668 -0.479750 -0.752181 0.451735 -0.990870 -0.058727 0.121355 0.061772 0.860288 -0.506052 -0.996374 0.084962 -0.004518 0.851870 0.431940 -0.296219 0.998758 -0.042114 -0.026627 0.544924 -0.676946 0.494774 -0.732696 -0.550246 0.400483 0.694626 0.673657 -0.252350 -0.836524 0.291638 -0.463869 -0.803941 -0.565797 0.183176 0.874278 0.478096 -0.084031 0.969813 0.111581 0.216824 0.335170 -0.651699 0.680404 0.658317 0.747113 0.091877 -0.693256 0.120447 -0.710555 -0.693576 -0.707560 -0.135320 0.326776 -0.684856 0.651299 0.754142 0.593412 0.281305 0.847683 0.201905 0.490580 -0.425712 0.558275 -0.712108 0.553495 0.782036 0.286466 -0.630279 -0.690488 -0.354931 0.272457 -0.708415 0.651088 0.710351 0.230480 0.665041 0.721270 0.272499 0.636799 -0.259470 0.666920 -0.698494 -0.596016 -0.588384 -0.546414 0.553641 0.695943 0.457323 0.088149 -0.779842 0.619738 0.563822 0.216721 0.796955 0.575844 0.253202 0.777362 -0.107041 0.590419 -0.799967 -0.524087 -0.566204 -0.636196 -0.105853 -0.820657 0.561532 0.510214 0.703057 0.495371 0.441202 0.137569 0.886801 0.459707 0.264675 0.847713 0.049756 0.631432 -0.773834 -0.478014 -0.584484 -0.655653 -0.183051 -0.827197 0.531260 0.346166 0.129358 0.929212 0.483919 0.674072 0.558076 0.396410 0.288087 0.871702 -0.377729 -0.476537 -0.793872 0.205888 0.599456 -0.773475 -0.062509 -0.262277 0.962966 0.194122 0.108690 0.974937 0.222793 0.179240 0.958246 0.440047 0.708822 0.551299 -0.236740 -0.644460 -0.727066 -0.170048 -0.140722 0.975336 0.288658 0.425136 -0.857867 0.022032 0.237336 0.971178 0.025050 0.152736 0.987950 0.397262 0.723652 0.564368 -0.466964 -0.691128 0.551622 -0.191996 -0.669035 -0.718004 -0.073514 0.288090 0.954777 0.233866 0.112452 -0.965744 -0.005069 0.359520 0.933123 0.460208 0.868812 0.182687 -0.511009 -0.617513 0.597952 -0.101683 0.342090 0.934149 -0.259574 -0.755461 -0.601581 0.028607 0.440988 0.897057 0.266247 0.050830 -0.962564 0.465044 0.883113 0.062012 -0.179290 0.376827 0.908766 -0.548728 -0.613164 0.568268 0.057999 0.629591 0.774759 -0.198586 -0.692818 -0.693229 0.547649 0.825142 -0.138639 0.247859 -0.079294 -0.965545 0.006260 0.206303 0.978468 0.497093 0.541391 0.678081 0.697224 -0.601567 0.389866 -0.063654 -0.846285 -0.528915 0.895182 0.402814 0.190760 0.531413 -0.325244 -0.782187 0.144995 0.574778 0.805361 -0.571466 -0.252938 0.780672 0.302545 -0.896888 0.322582 0.766317 0.536554 -0.353366 -0.476794 0.850926 0.220436 -0.339110 -0.831512 0.439992 -0.782861 -0.469529 0.408255 0.115459 -0.973926 0.195287 0.884992 -0.212367 -0.414353 0.655022 0.636317 -0.407487 -0.997531 0.031281 0.062883 -0.268864 0.919803 -0.285789 -0.138775 -0.907089 0.397405 -0.504758 -0.784500 0.360248 0.417481 -0.851635 0.316901 0.942736 -0.332114 -0.030804 0.685279 0.656569 -0.315135 -0.824967 -0.559396 0.080659 -0.984519 0.071907 -0.159850 -0.536129 0.774189 -0.336449 0.341911 -0.826569 0.447079 0.977682 -0.136383 0.159806 0.594552 0.768259 -0.237247 -0.834548 -0.368032 -0.409978 0.110630 -0.913358 0.391839 -0.857970 0.120500 -0.499367 -0.505866 0.710897 -0.488595 0.896066 -0.031640 0.442791 0.634066 0.772811 0.026879 -0.110719 -0.978356 0.174818 -0.667680 -0.092632 -0.738663 0.691539 -0.185299 0.698168 -0.625163 0.273083 -0.731161 -0.100753 0.907831 -0.407053 0.685768 0.542453 0.485249 0.490159 -0.276143 0.826734 -0.354395 -0.924100 -0.142981 -0.453687 0.173230 -0.874162 0.570029 0.473620 0.671380 -0.413799 0.364540 -0.834195 0.047205 0.946909 -0.318017 0.456146 0.311676 0.833540 0.288553 -0.398898 0.870412 -0.366907 -0.827237 -0.425509 -0.216599 0.300500 -0.928862 0.146065 0.921964 -0.358674 -0.314850 0.193257 -0.929258 0.242946 -0.009354 0.969995 0.367719 0.920376 -0.133008 0.135350 -0.252811 0.958002 -0.489002 -0.842062 -0.227615 -0.123266 0.136088 -0.982998 -0.090327 0.294178 -0.951473 0.426355 0.824889 0.371188 0.129625 -0.043165 0.990623 -0.012468 0.279567 -0.960045 0.058740 -0.164922 0.984556 -0.352733 -0.935712 0.004839 -0.181049 -0.254128 -0.950074 0.425064 0.645729 0.634314 0.110861 0.373692 -0.920904 0.040555 -0.045280 0.998151 -0.304294 -0.664423 -0.682604 0.032468 -0.021830 0.999234 -0.270757 -0.702275 0.658407 0.294607 0.499445 -0.814715 0.389961 0.814271 0.429992 -0.135350 -0.491417 -0.860343 0.048963 0.233870 0.971034 -0.334048 -0.739571 0.584334 -0.053638 0.013029 0.998475 0.386902 0.396805 -0.832377 0.097321 -0.292481 -0.951306 0.375920 0.865706 0.330511 -0.479786 -0.856448 0.190533 -0.067477 0.261887 0.962737 -0.230990 -0.012340 0.972878 0.521365 0.333831 -0.785325 0.285054 -0.308187 -0.907615 -0.529741 -0.844422 -0.079535 0.404456 0.872439 0.274344 -0.417867 0.022225 0.908236 -0.088382 0.469121 0.878700 0.593264 0.174769 -0.785807 0.317895 -0.469645 -0.823636 -0.473046 -0.869278 -0.143469 -0.591626 0.135911 0.794674 0.201790 0.888392 0.412360 0.561234 -0.562746 -0.606905 0.960661 0.180277 -0.211258 0.595402 -0.674653 0.436280 -0.384081 0.131972 0.913819 -0.290767 0.622310 0.726763 0.515610 0.546824 0.659644 -0.078273 -0.855807 0.511339 0.790264 0.259943 0.554899 -0.290515 -0.416483 0.861477 0.910471 -0.345527 -0.227276 -0.866717 -0.223077 0.446136 -0.467441 -0.851967 0.235905 0.652918 -0.539486 -0.531651 -0.386897 0.425897 0.817877 0.593235 0.802176 0.067718 0.847299 0.272727 -0.455746 -0.734394 0.634417 0.241208 -0.857244 0.514911 -0.000145 -0.921869 -0.284436 0.263161 -0.223798 -0.932730 0.282718 0.868343 -0.494746 -0.034735 0.452300 0.881420 -0.136103 0.968679 0.139900 -0.205156 0.411003 0.885015 -0.218692 -0.888005 0.410939 -0.206340 0.354661 0.885923 -0.298923 -0.918147 -0.366280 0.151145 -0.046421 -0.900657 0.432044 0.946109 -0.291826 0.140410 0.993429 0.114227 -0.007162 -0.867748 0.230945 -0.440088 -0.069887 0.932024 -0.355594 0.911010 0.352312 0.214328 -0.890412 -0.437362 -0.126019 0.080516 -0.930198 0.358117 0.902059 -0.184897 0.390002 -0.682964 0.211219 -0.699247 -0.174585 0.884634 -0.432369 0.673042 0.623088 0.398466 0.701237 -0.208683 0.681702 -0.791913 -0.110146 -0.600617 0.076564 -0.938349 0.337103 0.094075 0.943778 -0.316912 -0.463972 0.416740 -0.781702 0.573038 0.547538 0.609778 0.463994 -0.228781 0.855786 0.111049 -0.889518 0.443200 -0.609835 -0.444840 -0.655910 0.291809 0.952436 -0.087824 0.513548 0.521847 0.681134 -0.224357 0.421242 -0.878760 0.311296 -0.208158 0.927235 -0.164599 -0.917763 0.361411 -0.436491 -0.632392 -0.639965 0.352193 0.935922 0.003077 0.386982 0.421874 0.819919 0.238025 -0.176971 0.955000 -0.097562 0.367694 -0.924815 -0.229036 -0.916383 0.328307 -0.409022 -0.551483 -0.727026 0.361430 0.932324 0.011813 0.249602 0.361139 0.898486 0.072495 -0.203353 0.976418 -0.275675 -0.934726 0.224256 -0.013933 0.325870 -0.945312 -0.314560 -0.463739 -0.828250 0.364124 0.922093 -0.130991 0.183180 0.426901 0.885551 -0.139614 -0.287975 0.947406 -0.360378 -0.921622 0.144017 -0.143017 -0.371805 -0.917228 0.072949 0.110746 -0.991168 0.029653 0.408987 0.912058 0.350782 0.932227 -0.088910 -0.253877 -0.295363 0.921036 -0.372412 -0.927261 0.038693 -0.012338 -0.358637 -0.933395 0.214637 0.114117 -0.970004 -0.181682 0.329001 0.926688 -0.390891 -0.205103 0.897294 0.334245 0.940153 -0.066274 -0.360749 -0.932049 -0.033828 0.145372 -0.360723 -0.921274 0.350627 0.128910 -0.927601 -0.561853 -0.066106 0.824591 -0.351527 0.408541 0.842332 -0.430714 -0.896609 0.102846 0.349636 0.932684 -0.088626 0.258842 -0.531328 -0.806654 0.525547 0.131083 -0.840606 -0.712156 -0.034365 0.701180 -0.537073 -0.841579 0.057420 -0.435800 0.531367 0.726449 0.381370 -0.534172 -0.754465 0.394380 0.918931 -0.005414 0.695416 0.144891 -0.703848 -0.473533 -0.587775 0.655963 -0.256570 0.078492 0.963333 0.759283 -0.512119 0.401526 -0.024614 0.450568 0.892403 0.899969 0.014544 -0.435710 0.781545 0.503245 0.368689 -0.338199 0.776684 0.531397 -0.518895 -0.166468 0.838472 0.922255 0.371742 0.106081 -0.907548 0.197938 0.370376 0.419626 0.805852 -0.417751 0.226602 -0.859435 0.458282 0.917874 -0.373231 0.134931 -0.699166 -0.576211 0.423258 0.111349 -0.992920 -0.041364 0.885564 -0.114759 -0.450118 -0.893660 0.448288 0.020248 -0.704692 -0.550347 0.447803 0.214987 0.916921 -0.336208 0.986177 -0.070716 -0.149846 0.138474 -0.937880 0.318130 0.859923 -0.498811 -0.108259 -0.958744 -0.273731 0.076684 -0.782180 0.562624 -0.267672 0.363634 -0.842513 0.397419 0.533688 0.801259 -0.270483 0.992734 -0.047476 0.110563 0.820609 -0.514149 0.249502 -0.093660 -0.928176 0.360164 -0.905896 -0.274321 -0.322646 -0.691580 0.495286 -0.525746 0.792973 -0.385668 0.471650 0.346629 0.929669 -0.124756 0.922685 0.104294 0.371181 -0.183519 -0.961232 0.205798 0.606819 -0.301087 0.735607 -0.735236 -0.286497 -0.614287 -0.524680 0.484074 -0.700273 0.679385 0.504406 0.532926 0.045988 0.952425 -0.301285 0.435602 -0.355599 0.826922 -0.282556 -0.951747 0.119750 0.606284 0.510819 0.609495 -0.605573 -0.160376 -0.779462 -0.382339 0.442520 -0.811168 0.166968 0.944157 -0.284060 0.322571 -0.329664 0.887282 0.506932 0.609157 0.609876 -0.291930 -0.951449 0.097576 0.150736 0.919966 -0.361858 -0.484215 -0.186840 -0.854767 -0.261190 0.468029 -0.844233 0.432429 0.462289 0.774140 0.218388 -0.223674 0.949882 0.282554 0.924261 -0.256720 -0.319916 -0.937195 0.138994 -0.088209 0.478590 -0.873596 -0.400322 -0.274770 -0.874210 0.311026 0.406007 0.859315 0.421198 0.904327 -0.069175 0.081238 -0.137853 0.987116 0.087601 0.463173 -0.881928 -0.383989 -0.899727 0.207471 -0.287487 -0.379471 -0.879405 0.431966 0.896024 0.102695 0.140829 0.421294 0.895923 0.288773 0.475108 -0.831194 -0.116790 -0.109314 0.987122 -0.109904 -0.392722 -0.913066 -0.445037 -0.854804 0.266929 0.379016 0.925387 0.002532 0.390720 0.414474 -0.821918 -0.034118 0.521000 0.852875 0.155678 -0.252668 -0.954947 -0.323676 -0.073084 0.943341 -0.474375 -0.865052 0.163259 0.303090 0.950655 -0.066265 0.472249 0.396238 -0.787386 0.359974 -0.180284 -0.915378 -0.243062 0.500191 0.831102 -0.366066 -0.930313 -0.022674 -0.439067 -0.060209 0.896435 0.235032 0.971975 -0.004970 0.543396 0.354380 -0.761010 0.503502 -0.219286 -0.835703 -0.349755 -0.926793 -0.136846 -0.324719 0.516605 0.792261 -0.556526 -0.048885 0.829391 0.625285 0.665654 -0.407338 0.693802 0.253211 -0.674183 0.582746 -0.427984 -0.690823 -0.461313 -0.886203 -0.042820 -0.762122 0.004682 0.647416 -0.249511 0.833445 0.493065 0.725268 0.630891 0.275616 0.900209 0.354283 -0.253193 0.959254 -0.050962 0.277910 0.477414 -0.823086 0.307581 -0.345028 0.145024 0.927321 -0.168706 0.442523 0.880745 -0.515312 -0.251750 0.819192 0.384603 -0.923024 0.010317 0.894009 -0.111280 0.434011 -0.359647 0.043787 0.932061 -0.303942 -0.926566 -0.221572 -0.830518 -0.269216 0.487610 0.735935 -0.215322 -0.641901 0.908248 0.396323 -0.134217 0.387439 0.622606 0.679892 0.814493 0.324995 -0.480603 -0.638330 0.422269 0.643602 0.586474 -0.274598 -0.762000 -0.360202 -0.919145 -0.159456 -0.716587 -0.371755 0.590171 0.735246 0.290073 -0.612594 0.339343 0.934594 0.106678 0.364386 0.919863 0.145172 -0.571742 0.356929 0.738723 0.559877 0.246886 -0.790940 0.401606 -0.323459 -0.856789 -0.270078 -0.953249 -0.135550 -0.572408 -0.381198 0.725973 0.355207 0.934570 0.020167 -0.400814 0.324382 0.856810 0.387044 0.241947 -0.889752 0.345769 0.928523 -0.135237 0.195037 -0.359024 -0.912723 -0.305045 -0.947633 -0.094546 -0.394443 -0.308037 0.865753 -0.220837 0.314968 0.923053 0.271808 0.879793 -0.389980 0.141155 0.199347 -0.969709 0.010577 0.462764 0.886418 -0.008303 -0.290789 -0.956751 -0.301567 -0.948467 0.097306 -0.177733 -0.269080 0.946576 0.225587 0.542466 0.809222 0.219599 0.893918 -0.390752 -0.031265 0.223426 -0.974219 0.037428 -0.253023 0.966736 -0.254697 -0.435670 -0.863320 -0.299328 -0.909032 0.289938 0.385256 0.588063 0.711167 0.222658 -0.277054 0.934700 0.140546 0.875923 -0.461525 -0.252787 0.138086 -0.957617 -0.271650 -0.949371 0.157798 -0.396808 -0.321083 -0.859912 0.374237 -0.288012 0.881474 0.526530 0.582191 0.619533 -0.246973 -0.946860 0.206059 0.045583 0.850481 -0.524027 -0.415211 0.120692 -0.901683 -0.515129 -0.340983 -0.786367 0.517750 -0.231577 0.823594 -0.264600 -0.958759 0.103771 0.578666 0.664509 0.472836 -0.618659 -0.266172 -0.739197 -0.135619 0.794835 -0.591476 -0.531060 0.145822 -0.834692 -0.220364 -0.954570 0.200591 0.663112 -0.229277 0.712541 -0.750337 -0.232155 -0.618949 0.633880 0.707930 0.311498 -0.663673 0.258103 -0.702083 -0.288696 0.782532 -0.551633 -0.106152 -0.939316 0.326217 -0.909561 -0.132832 -0.393770 0.818661 -0.297424 0.491256 -0.829110 0.223745 -0.512362 0.623816 0.778208 0.072427 -0.372743 0.835384 -0.403974 -0.029399 -0.922659 0.384495 -0.983236 -0.182103 0.009210 -0.950866 0.268019 -0.154981 0.846193 -0.469535 0.251980 -0.340576 0.890791 -0.300831 0.576664 0.795376 -0.186643 -0.485857 -0.782644 0.389116 -0.956062 -0.054950 0.287969 -0.792104 0.610378 -0.003288 -0.097427 0.954589 -0.281546 0.685191 -0.728334 -0.006539 0.683536 0.636137 -0.357921 -0.849587 0.211231 0.483304 -0.667899 -0.587802 0.456509 -0.602776 0.761939 0.236875 0.217239 0.921336 -0.322409 0.780558 0.323846 -0.534652 0.590946 -0.719297 -0.365231 -0.762396 0.214434 0.610549 -0.319878 0.475224 0.819659 -0.552571 -0.470648 0.687864 -0.003572 0.965616 0.259946 0.763528 0.644909 0.033411 0.960333 -0.203355 0.190809 -0.231414 0.740314 0.631176 -0.560645 0.363462 0.744024 0.699490 0.284579 0.655537 -0.778353 0.380006 0.499762 0.119196 0.991301 -0.055805 -0.651228 -0.179052 0.737457 -0.876689 -0.199523 0.437729 0.279482 -0.832922 0.477630 0.740371 -0.635371 -0.219440 0.854887 -0.000854 -0.518814 -0.821741 -0.441493 0.360315 -0.880558 0.429361 0.200667 0.053693 0.984091 -0.169356 -0.267594 -0.962736 -0.039150 0.676597 -0.566064 -0.470943 0.941146 0.080243 -0.328336 0.568219 -0.819287 -0.076786 -0.554226 -0.798121 0.236294 -0.922785 0.353266 -0.153854 0.062337 0.924869 -0.375142 0.990393 0.132583 -0.039281 0.690944 -0.675845 0.256571 -0.872933 -0.468289 -0.136724 0.321983 -0.821727 0.470205 -0.683904 0.500548 -0.530780 0.150415 0.897996 -0.413496 0.950864 0.143309 0.274445 -0.610721 0.294435 -0.735070 -0.469998 -0.856204 0.214515 0.235038 -0.676982 0.697461 0.787196 0.231168 0.571737 -0.504784 0.486944 -0.712796 0.040815 0.887922 -0.458180 -0.526315 0.165698 -0.833989 -0.634402 -0.737016 -0.233112 0.191778 -0.610684 0.768301 0.630080 0.186983 0.753682 0.174795 0.889555 -0.422065 -0.356878 0.467817 -0.808570 -0.367864 0.102970 -0.924161 -0.505673 -0.759509 -0.409195 0.050751 -0.690127 0.721907 0.471290 0.265488 0.841072 0.201491 0.922872 -0.328189 -0.315275 0.337402 -0.886996 -0.329704 -0.156530 -0.931018 -0.403476 -0.902804 -0.148836 0.008414 -0.536116 0.844103 0.336943 0.345475 0.875852 0.294798 0.940908 -0.166692 -0.176563 0.325924 -0.928762 -0.321073 -0.915621 -0.241972 -0.119266 -0.161005 -0.979721 -0.082887 -0.441328 0.893510 0.117133 0.455126 0.882689 0.237273 0.955782 -0.173731 0.091201 0.471503 -0.877136 -0.183109 -0.881578 -0.435075 -0.256559 -0.577892 0.774737 0.166907 0.034676 -0.985363 -0.049055 0.449176 0.892096 0.215797 0.976121 -0.024883 0.278727 0.540690 -0.793704 0.045274 -0.804418 -0.592335 -0.404723 -0.624654 0.667837 -0.088313 0.713939 0.694616 0.407511 0.177065 -0.895870 0.315208 0.917179 -0.243774 0.431298 0.517528 -0.739017 -0.530575 -0.622261 0.575571 0.120013 -0.795777 -0.593578 -0.089291 0.763600 0.639486 0.442647 0.847811 -0.292028 0.582227 0.018423 -0.812818 0.590981 0.501551 -0.631813 -0.784147 -0.445015 0.432521 -0.596551 0.411811 0.688867 -0.069005 -0.903651 -0.422673 0.709840 0.607317 -0.356782 0.779204 0.450781 -0.435474 0.751874 -0.135488 -0.645236 -0.903635 -0.357921 0.235238 -0.801013 0.385088 0.458351 0.479721 0.874128 0.075944 0.085195 -0.906154 -0.414278 0.890224 0.355090 -0.285327 0.876430 -0.119499 -0.466466 -0.673833 -0.169008 0.719295 -0.549173 -0.553380 0.626242 -0.434676 0.753463 0.493305 0.906822 0.184057 0.379207 0.672787 -0.739832 0.002494 0.847102 -0.138268 0.513128 -0.413719 0.701484 0.580308 -0.545796 0.482065 0.685361 -0.056395 0.564279 0.823656 -0.564000 0.622849 0.542184 -0.580253 0.646588 0.495207 -0.610560 -0.323126 0.723053 -0.884647 -0.304130 0.353420 0.355754 -0.895353 0.267920 0.960634 -0.004992 -0.277774 0.409598 0.912265 -0.001549 -0.539379 0.828544 0.150282 -0.737165 0.657011 0.157873 -0.917090 -0.070569 0.392386 0.174506 -0.924676 -0.338411 -0.049542 -0.998711 0.010996 0.759843 -0.307851 -0.572596 0.687932 0.674465 -0.268044 -0.860707 0.462279 -0.213263 -0.310074 0.888765 -0.337567 -0.857494 -0.479695 0.186000 0.078401 -0.942324 0.325391 0.909955 -0.337459 -0.241046 0.853209 -0.495378 0.163203 0.751376 0.628948 -0.199646 -0.914241 0.065555 -0.399833 -0.690116 0.477816 -0.543536 -0.158870 0.843623 -0.512894 0.212181 -0.843273 0.493831 0.737703 -0.431404 0.519313 0.663769 0.742509 -0.089957 -0.256528 -0.858251 0.444520 -0.692699 0.119988 -0.711176 -0.436548 0.480349 -0.760717 -0.180946 0.738054 -0.650027 0.602867 -0.287369 0.744292 0.583717 0.810724 -0.044736 0.441352 -0.225781 0.868465 -0.665979 -0.736062 -0.121180 -0.571756 0.081958 -0.816320 -0.419590 0.358119 -0.834083 -0.132053 0.685794 -0.715715 0.589833 0.799135 0.116106 0.262780 -0.208792 0.941994 0.481861 0.835439 0.264296 -0.552291 -0.828475 -0.092761 -0.450906 0.016870 -0.892412 -0.253286 0.356197 -0.899428 0.002475 0.711570 -0.702611 0.381570 0.870340 0.311307 0.130323 -0.114684 0.984816 0.072886 0.703074 -0.707372 -0.428380 -0.853655 -0.296249 -0.233241 -0.016081 -0.972286 -0.133016 0.266054 -0.954737 0.287711 0.939997 0.183380 0.272207 0.674231 -0.686524 -0.108404 0.016965 0.993962 0.096969 0.197359 -0.975524 -0.364025 -0.931382 -0.003669 -0.233877 -0.516339 -0.823830 0.436904 0.603855 -0.666689 0.198572 0.964347 0.174942 0.402265 0.109492 -0.908952 -0.326504 -0.046191 0.944066 -0.323962 -0.902339 -0.284310 -0.414973 -0.701832 0.578990 0.545298 0.451621 -0.706179 0.558900 0.000696 -0.829235 0.223467 0.968390 0.110826 -0.264179 -0.946920 -0.183172 -0.485263 0.002807 0.874364 -0.570856 -0.389059 0.723019 0.682495 0.274300 -0.677467 0.651890 -0.087980 -0.753192 -0.310141 -0.932378 -0.185701 0.279496 0.934046 0.222352 -0.703386 -0.247779 0.666224 -0.619041 0.069839 0.782247 0.752213 -0.161264 -0.638881 0.831894 0.269021 -0.485367 -0.340727 -0.900165 -0.271308 -0.830648 -0.138898 0.539195 0.282988 0.919603 0.272485 -0.716803 0.283065 0.637234 0.866289 -0.215927 -0.450465 -0.103006 -0.940315 -0.324342 0.910831 0.294396 -0.289342 -0.933548 -0.189384 0.304338 -0.833355 0.387298 0.394360 0.205587 0.954820 0.214600 0.314338 -0.800262 0.510659 0.930342 -0.192835 0.311896 -0.837059 -0.392708 0.380937 0.836363 0.193446 0.512909 -0.502412 -0.139888 0.853237 -0.235201 0.771339 0.591368 0.867803 0.490239 0.081144 -0.719478 -0.092355 0.688347 0.491815 -0.715948 0.495517 0.852538 0.505201 -0.133983 -0.195445 0.769622 0.607851 -0.474009 -0.829815 0.294486 -0.621331 -0.782457 -0.041338 0.660786 -0.534132 -0.527319 0.769856 0.584310 -0.256715 -0.291008 0.750159 0.593781 -0.492615 -0.869731 -0.029990 0.665530 -0.392480 -0.634846 0.676035 0.614658 -0.406413 -0.224738 0.688834 0.689203 -0.387311 -0.908884 -0.154665 0.603474 -0.219421 -0.766599 0.551995 0.647888 -0.524921 -0.174409 0.678910 0.713206 -0.187937 -0.946655 -0.261770 0.555163 0.052521 -0.830082 0.529747 0.678966 -0.508305 -0.158232 0.689338 0.706948 -0.216815 -0.953321 -0.210167 0.542122 0.146363 -0.827455 0.557098 0.714962 -0.422459 0.010009 0.514857 0.857218 -0.410486 -0.865586 -0.286815 0.478561 0.176517 -0.860128 0.525248 0.794355 -0.305146 0.283029 0.282668 0.916512 -0.689172 -0.612268 -0.387518 0.299964 0.431501 -0.850781 0.514763 0.836250 -0.188958 0.386430 0.093751 0.917542 -0.715505 -0.586113 -0.380163 0.055446 0.619985 -0.782652 0.511315 0.840612 -0.178684 0.483551 -0.004811 0.875303 -0.769201 -0.577925 -0.272640 -0.077199 0.628134 -0.774266 0.604091 0.787403 -0.122764 0.628585 -0.186582 0.755028 -0.835175 -0.523603 -0.168295 -0.153086 0.706694 -0.690759 0.744851 -0.435320 0.505661 0.657719 0.742049 -0.129495 -0.845846 -0.529197 -0.067046 -0.313367 0.765305 -0.562236 -0.782989 -0.621748 -0.018923 0.871306 -0.457984 0.176287 0.578625 0.809132 -0.102462 -0.483475 0.819698 -0.307161 -0.796506 0.528855 0.293071 -0.552850 -0.833236 0.008566 0.967436 -0.235959 -0.091604 0.275789 0.931298 0.237960 -0.166705 0.878347 0.448013 -0.913809 0.134233 0.383321 -0.132447 -0.967899 -0.213611 0.998547 0.038732 -0.037471 -0.335688 0.686584 0.644915 0.441093 0.634286 0.634917 -0.192312 -0.913423 0.358711 0.685580 0.727974 -0.005773 0.162420 0.985801 0.042618 -0.043192 0.950152 0.308781 0.856044 0.498999 -0.134862 0.861548 0.507301 0.019505 0.178815 0.928865 -0.324399 0.324637 0.910692 0.255442 -0.128404 0.972146 -0.196074 -0.903458 0.416048 0.103280 -0.820165 0.503492 0.271710 -0.691139 0.446152 0.568573 0.831883 -0.087289 -0.548043 0.595560 0.747858 -0.293285 0.886723 0.189388 -0.421728 0.871379 0.490425 -0.013478 0.896077 0.215347 0.388164 0.857912 0.491108 0.150997 -0.776082 0.553605 0.302024 -0.769803 0.225429 -0.597147 -0.681525 0.558368 -0.473021 -0.904759 0.383290 -0.185741 0.548487 0.818737 0.169802 -0.876967 -0.478042 0.049035 -0.819035 -0.571268 -0.053236 -0.930354 -0.345857 0.121754 -0.298854 -0.839414 0.453949 -0.192610 -0.957523 -0.214597 -0.397887 -0.914116 -0.077963 0.791835 -0.046924 -0.608929 0.210205 -0.698117 -0.684431 0.459813 0.886357 -0.054254 0.122634 -0.401155 -0.907764 0.817011 0.311028 -0.485545 0.781241 0.503467 -0.369031 0.849803 0.527072 0.005490 0.860178 0.308646 0.405993 0.426330 -0.497631 0.755385 0.818848 0.057643 0.571108 -0.583163 0.383598 0.716082 -0.768479 -0.639784 -0.010829 -0.193946 -0.957983 0.211315 -0.594673 0.365129 -0.716271 0.469397 0.880341 0.068306 -0.731089 -0.588759 0.344779 -0.841808 -0.535844 0.065037 -0.804405 -0.559144 -0.200724 0.792607 -0.041819 0.608297 -0.677334 -0.721388 0.144285 -0.597065 0.358442 0.717658 -0.167820 -0.958139 -0.231961 0.800483 -0.011991 -0.599235 -0.711487 -0.646019 -0.276489 0.444642 0.895043 -0.034507 -0.761530 -0.529249 -0.374123 0.149546 0.030636 -0.988280 -0.324659 0.279387 -0.903626 0.868623 0.466784 -0.166150 0.856341 0.473791 -0.205430 0.842163 0.504619 -0.190058 0.865694 0.500572 -0.000984 0.831974 0.502408 0.235385 0.764449 0.443287 0.468096 0.167490 -0.364551 0.915996 -0.875569 -0.482685 -0.019848 0.800815 -0.008569 0.598850 -0.168236 -0.958707 0.229299 -0.607880 0.340833 -0.717157 0.453821 0.889812 0.047761 -0.702353 -0.625277 0.340190 -0.610191 0.333936 0.718438 0.430202 0.902595 -0.015787 -0.142331 -0.957829 -0.249611 0.808046 0.022871 -0.588675 -0.857451 -0.514543 0.004879 -0.862557 -0.473454 -0.178427 -0.642908 -0.596043 -0.481042 -0.627419 0.665980 -0.403505 0.832544 0.546531 0.090416 0.965710 -0.247603 0.078083 0.873421 0.029027 -0.486099 0.697150 0.539665 -0.471957 0.794496 0.408386 -0.449441 0.896135 0.413898 -0.160096 0.904191 0.426930 -0.012988 0.848487 0.504223 0.160715 0.779449 0.621338 0.079993 0.930599 0.179915 0.318773 -0.442725 0.037451 0.895875 -0.208312 -0.191611 0.959110 -0.823669 -0.516341 0.234439 0.808060 0.024548 0.588589 0.438910 0.898090 0.028154 -0.141606 -0.958482 0.247508 -0.620251 0.317237 -0.717390 -0.622450 0.310223 0.718552 0.416467 0.909149 0.001806 0.814627 0.057928 -0.577086 -0.115756 -0.956655 -0.267230 -0.870405 -0.492336 -0.000483 -0.889427 -0.450512 0.077194 -0.829100 -0.514657 0.218453 -0.849246 -0.041137 -0.526393 -0.868324 -0.495802 -0.013946 -0.159955 -0.986031 -0.046454 -0.678786 0.666371 -0.308546 0.825843 0.563816 0.009799 0.972300 -0.233700 -0.004117 -0.118402 -0.991785 -0.048404 0.414405 0.876533 -0.244864 0.918139 -0.383736 0.098826 0.858432 -0.126563 -0.497067 0.867557 0.381597 -0.318950 0.917220 0.398315 0.007328 0.888006 0.431947 0.157694 0.495439 0.584251 0.642799 0.801541 0.586101 -0.118392 -0.554930 0.731711 0.395793 -0.438583 -0.687755 0.578479 0.950309 -0.301340 -0.078147 -0.089611 -0.990074 0.108279 0.814275 0.057609 0.577613 0.424626 0.905315 0.009843 -0.631722 0.294561 -0.717050 -0.113950 -0.957262 0.265828 -0.633696 0.287362 0.718229 0.403319 0.914878 0.018195 0.820078 0.093369 -0.564583 -0.088135 -0.954520 -0.284822 -0.901686 -0.432230 -0.011819 -0.898397 -0.438675 -0.021152 -0.946429 -0.234260 0.222247 -0.919349 0.313712 -0.237449 -0.670708 -0.707312 -0.223294 -0.908185 -0.417480 0.030189 -0.720238 0.693223 -0.026448 0.833026 0.552421 -0.029995 0.946950 -0.299877 -0.115585 -0.089792 -0.995873 -0.013189 0.388499 0.909747 -0.146389 0.918936 -0.381577 0.099778 -0.369773 -0.929035 0.012685 -0.328584 -0.943378 -0.045506 0.061686 0.045099 -0.997076 0.614371 0.585193 -0.529242 0.902993 0.385859 -0.188991 0.928695 0.370569 0.014326 0.866207 0.382349 0.321705 0.807992 0.350126 0.473877 -0.918154 0.285270 0.274982 0.417923 0.887637 0.193497 0.891225 0.035501 0.452169 0.796169 0.603200 -0.047590 -0.665783 0.725028 0.176260 -0.077190 -0.990000 0.118071 0.957204 -0.289414 -0.000762 0.819602 0.091021 0.565657 0.411014 0.911599 -0.007462 -0.642210 0.272786 -0.716348 -0.085001 -0.955021 0.284094 -0.965123 0.070210 -0.252207 0.009794 0.988492 -0.150953 0.345206 0.383485 -0.856605 0.155411 -0.454493 -0.877088 -0.912327 -0.409402 0.007091 -0.910556 -0.397349 0.114025 -0.436683 -0.854448 0.281471 -0.334807 -0.940880 -0.051472 -0.910947 0.368333 -0.185758 -0.902696 -0.412255 -0.123233 0.829414 0.556845 -0.044681 -0.655984 0.690705 0.304321 0.866127 -0.469876 -0.170414 -0.241650 -0.970107 -0.022295 0.364825 0.931051 0.006816 0.935813 -0.340186 0.092342 -0.408344 -0.911883 0.041524 -0.906784 0.414755 -0.075629 -0.893734 0.196691 -0.403178 0.352736 0.894241 -0.275518 0.962351 -0.235578 0.135587 0.880139 -0.302926 -0.365501 0.566209 0.326055 -0.757030 0.935368 0.352009 0.034297 0.846114 0.363035 0.390253 0.888851 0.382887 0.251679 0.369111 0.659907 0.654431 0.061687 0.045099 0.997076 -0.905894 0.361553 0.220535 -0.351210 -0.936100 -0.019203 0.416754 0.901565 0.116176 0.928469 -0.370388 -0.027526 0.815672 0.578471 0.007167 -0.679256 0.730782 -0.067600 -0.126531 -0.990366 0.056252 0.953374 -0.290713 0.081023 0.378757 0.053477 0.923950 0.300366 0.847553 0.437532 -0.657143 0.737525 0.155628 -0.564505 -0.678302 0.470362 -0.922068 -0.386398 0.022071 -0.914793 -0.386466 -0.117465 -0.953591 -0.000685 0.301105 0.925635 -0.368124 -0.087662 -0.914250 -0.380099 0.140251 0.898556 -0.385312 -0.210074 0.792118 0.609556 -0.031457 -0.620007 0.655445 0.431259 -0.202772 -0.962834 -0.178420 0.349872 0.931914 0.095530 0.956813 -0.279745 0.079069 -0.417309 -0.908309 -0.028759 -0.890679 0.454531 0.009619 -0.877451 0.330854 -0.347297 -0.718913 -0.663829 -0.206142 0.371282 0.894853 -0.247766 0.963139 -0.220821 0.153630 -0.322207 -0.943194 0.081046 -0.408246 -0.912210 0.034770 -0.819717 0.390838 -0.418701 0.765622 0.513810 -0.387070 -0.923417 -0.345295 -0.167546 0.922390 0.336513 -0.189619 0.938103 0.346337 0.003549 0.313469 0.760058 0.569252 -0.806299 -0.270638 0.525963 0.829922 -0.094213 0.549867 0.927193 0.327445 0.181915 -0.888259 0.309873 0.339079 0.375751 0.900537 0.218731 -0.356611 -0.934111 -0.016298 -0.892582 0.439759 0.099547 0.932600 -0.343150 -0.111831 0.388556 0.921134 -0.023158 0.831761 0.554024 0.035094 -0.653291 0.729962 -0.200913 -0.311054 -0.948335 0.062495 0.907149 -0.374214 0.192468 -0.927900 -0.372135 0.022739 -0.510424 -0.859478 0.027650 -0.314151 -0.940688 -0.128121 0.558457 -0.301671 -0.772736 0.416325 0.871124 -0.260417 -0.837233 0.247006 -0.487882 -0.426276 -0.417306 -0.802586 0.384927 0.907335 0.169041 0.952068 -0.297516 0.071068 -0.410695 -0.905831 -0.103920 -0.876821 0.478852 0.043427 -0.880913 0.420815 -0.216579 0.372473 0.922528 -0.101022 0.967718 -0.249391 0.036420 -0.277858 -0.960618 0.002839 -0.908694 0.400065 -0.119258 0.634204 0.756904 -0.157742 -0.838460 0.499002 -0.219048 -0.905120 -0.425002 0.011462 -0.929680 -0.359290 0.081273 0.816782 -0.273008 -0.508265 0.825286 -0.533125 0.186225 -0.930121 -0.367239 0.003360 0.922279 0.248886 -0.295732 0.945688 0.324948 -0.009058 -0.979747 0.104153 0.171021 -0.799365 0.510530 0.316820 0.595965 0.797114 0.097134 0.927451 -0.134655 0.348859 -0.926482 -0.365855 -0.088210 0.933484 -0.309812 -0.180623 0.883983 0.202249 0.421508 -0.316043 -0.947366 -0.051128 -0.867877 0.390395 0.307214 0.373660 0.915925 0.146493 0.947867 -0.301398 -0.103472 -0.376112 -0.926543 -0.007647 -0.876602 0.479120 0.044853 0.353366 0.921689 -0.160066 0.811787 0.582942 0.034360 -0.644447 0.733895 -0.214675 -0.421226 -0.889626 0.176448 0.867651 -0.425543 0.257091 0.970993 -0.222773 -0.086857 0.226315 0.971529 -0.070091 0.819457 0.074702 -0.568252 -0.102475 -0.880842 -0.462187 -0.685809 0.317392 -0.654926 0.370952 0.927419 0.047830 0.954709 -0.297535 -0.002120 -0.305799 -0.948877 -0.078223 -0.923387 0.383179 -0.023043 0.666617 0.745082 -0.021801 0.707767 -0.694893 0.127238 -0.784945 0.603867 -0.138586 -0.465959 -0.883077 0.055294 -0.904621 -0.327144 -0.273200 -0.931593 -0.293005 0.215136 -0.936773 -0.349937 0.000619 0.540167 0.505073 -0.673142 -0.589229 -0.807780 0.017357 -0.936469 -0.313698 -0.156902 0.843993 0.259762 -0.469254 0.952592 0.304191 0.006080 0.901096 0.280278 0.330863 -0.495914 -0.863898 -0.088034 -0.607803 -0.784270 0.124484 -0.664734 -0.743639 0.071622 -0.795636 0.583236 0.163702 0.844970 -0.509794 -0.161666 0.663482 0.747587 -0.030096 0.447751 0.420100 0.789326 -0.313259 -0.949539 0.015643 0.965849 -0.245740 -0.082140 -0.914476 0.376770 0.147576 0.336112 0.935859 0.105809 0.941464 -0.324439 -0.091571 0.367311 0.898872 -0.238981 -0.428873 -0.900574 0.070958 -0.874204 0.485448 0.010352 0.522159 0.540122 0.660014 -0.455485 0.885353 0.093185 -0.678280 -0.379844 0.629011 0.634020 -0.504005 0.586514 0.459647 0.877094 0.139392 0.946278 -0.298618 -0.124037 -0.370219 -0.921954 -0.113746 -0.869828 0.458606 0.181876 0.700715 0.712114 0.043512 0.574309 -0.818473 0.016461 -0.723183 -0.688874 -0.049579 -0.782493 0.620327 -0.053839 -0.883069 0.359110 -0.302041 -0.479222 -0.863407 0.157718 -0.329729 -0.940521 0.081848 -0.892446 -0.444097 0.079480 -0.942897 -0.333064 -0.003582 0.921358 -0.000282 -0.388715 0.457385 0.888229 -0.042998 -0.956022 -0.265065 0.125548 -0.869318 -0.483481 -0.102629 0.963427 0.112220 -0.243342 0.977898 0.208734 0.012098 0.972552 0.176300 0.151860 0.895278 0.009588 0.445406 0.759185 -0.636771 -0.134762 0.619277 -0.785000 -0.016474 -0.765289 -0.637943 0.085799 -0.783401 0.619710 0.047349 0.695555 0.717128 -0.043931 -0.883069 0.359110 0.302041 0.457385 0.888229 0.042998 -0.306105 -0.946877 0.098610 0.947534 -0.317152 -0.039923 0.383028 0.913074 -0.139949 -0.928995 0.369535 0.020278 0.724668 -0.558577 0.403544 0.559479 0.656915 0.505417 -0.567712 0.778948 0.266351 -0.491964 -0.315436 0.811462 0.233350 0.971937 -0.029787 0.615607 0.075160 -0.784461 -0.273873 -0.830955 -0.484259 -0.885887 0.307060 -0.347734 0.698160 0.715641 0.020744 0.596924 -0.798133 -0.081645 -0.790550 -0.606289 -0.086285 -0.786372 0.617741 -0.003914 -0.849114 0.467219 -0.246398 -0.560182 -0.763773 0.320697 0.767578 -0.455787 0.450647 0.807194 -0.418701 0.416085 0.485967 0.161450 -0.858935 -0.998305 -0.058180 0.001577 -0.966737 -0.255530 0.011153 -0.998365 -0.057158 -0.001110 0.548104 0.828115 -0.117509 -0.479222 -0.863407 -0.157718 -0.329729 -0.940521 -0.081848 0.341573 0.171418 0.924091 0.969368 0.067240 -0.236229 0.975042 0.220445 -0.026400 0.935684 0.035442 0.351054 0.807194 -0.418701 -0.416085 0.552874 -0.824264 0.122142 0.690699 0.719605 -0.071445 -0.743927 -0.659473 0.108014 -0.753823 0.656631 0.024222 -0.849114 0.467219 0.246398 -0.560182 -0.763773 -0.320697 0.548104 0.828115 0.117509 -0.309392 -0.938943 0.150544 0.918705 -0.369630 0.139124 0.523503 0.815368 -0.247224 -0.889278 0.436825 -0.135532 0.654882 0.751707 0.077886 0.721976 -0.677199 -0.141955 -0.743431 -0.668278 -0.026735 -0.720097 0.654954 0.229118 -0.933639 0.318452 -0.164034 -0.667006 -0.571118 0.478464 0.582280 -0.394490 0.710864 0.696294 0.715992 -0.050303 -0.939966 0.320731 0.116602 -0.751999 0.311897 -0.580705 0.983979 0.176341 0.026240 0.970301 0.020518 -0.241028 0.649479 0.690902 -0.317539 -0.893427 -0.065230 0.444447 -0.964064 -0.264612 -0.023691 -0.909529 -0.055415 -0.411930 -0.939966 0.320731 -0.116602 0.767578 -0.455786 -0.450647 -0.751999 0.311897 0.580705 0.962715 -0.052614 0.265352 0.983979 0.176341 -0.026240 0.649479 0.690902 0.317539 0.989141 0.141952 -0.038082 0.661910 -0.721290 0.204000 0.726044 0.665965 -0.171322 -0.742612 0.647389 -0.171510 -0.676758 -0.726304 0.120341 -0.933639 0.318452 0.164034 -0.732112 -0.545147 -0.408445 0.582280 -0.394490 -0.710864 0.696294 0.715992 0.050303 -0.781165 -0.206435 0.589207 0.660624 -0.525937 0.535692 0.380736 0.719165 0.581241 -0.616424 0.779267 0.112976 0.209142 0.974676 -0.079163 0.480914 -0.202717 -0.853011 -0.491527 -0.742268 -0.455455 -0.874989 0.397211 -0.276798 -0.773896 0.629779 -0.066802 -0.529350 -0.845590 -0.069039 -0.714823 -0.571266 -0.403339 -0.739623 -0.381803 0.554243 0.831997 0.103174 0.545103 0.652809 0.738959 -0.166672 0.805405 0.116853 -0.581092 -0.812561 -0.577872 0.076213 -0.962648 0.063375 0.263233 -0.506529 0.522927 -0.685548 -0.719240 -0.641963 0.265662 0.886680 -0.260474 0.382036 0.993013 -0.118005 0.000000 0.721228 0.629909 -0.288176 -0.956413 0.250930 0.149362 -0.999714 -0.005531 -0.023277 -0.986937 0.062752 -0.148383 -0.962648 0.063375 -0.263233 -0.812561 -0.577872 -0.076213 -0.506529 0.522927 0.685548 -0.778202 -0.603924 -0.172269 0.886680 -0.260474 -0.382036 0.721228 0.629909 0.288176 0.391478 -0.751674 0.530784 0.409470 0.595315 0.691327 -0.613159 0.788092 -0.054292 -0.863137 -0.139721 0.485255 -0.773896 0.629779 0.066802 -0.529350 -0.845590 0.069039 -0.643441 -0.601772 0.473132 0.686998 0.012229 -0.726556 -0.553231 -0.462468 -0.692863 -0.797688 -0.125924 0.589778 0.652809 0.738959 0.166672 0.805405 0.116853 0.581092 -0.551508 0.833934 0.019828 -0.541747 -0.828365 0.142556 0.880158 -0.473856 -0.027961 0.772096 -0.477530 -0.419324 -0.584152 0.029756 -0.811099 0.858273 0.232934 0.457285 -0.965717 0.257156 -0.035520 -0.960508 0.047760 -0.274121 0.851803 0.510279 -0.118521 0.473177 0.451390 -0.756539 0.788367 0.601181 -0.130612 -0.308399 -0.951213 -0.009134 -0.995132 -0.098556 0.000000 0.790501 -0.265535 0.551906 -0.605989 0.466856 -0.644068 -0.699775 -0.596987 0.392328 0.772361 -0.297694 0.561103 -0.077728 -0.565018 -0.821409 -0.308399 -0.951213 0.009134 -0.077728 -0.565018 0.821409 -0.163344 -0.986569 0.000000 0.620235 0.743111 -0.251184 0.709840 -0.358230 -0.606464 -0.398425 0.614768 0.680675 0.765457 -0.289020 -0.574929 -0.327571 -0.708992 -0.624522 -0.996438 -0.001085 -0.084318 0.740404 0.646405 0.184290 -0.541747 -0.828364 -0.142561 -0.710130 0.703452 -0.029505 0.880158 -0.473856 0.027961 0.772096 -0.477530 0.419324 0.906309 0.324707 -0.270497 0.654858 0.439632 0.614724 -0.931934 0.139092 0.334892 0.701011 0.703984 0.113976 -0.854900 0.515568 0.057755 -0.662473 -0.740278 0.114537 0.640590 0.764564 -0.071309 0.839977 -0.541316 0.037627 -0.743405 0.668423 -0.023676 -0.648399 -0.755815 0.091233 -0.654647 -0.739495 -0.156793 -0.850721 -0.419426 0.316792 0.778475 0.613859 -0.130973 0.870527 -0.353659 -0.342211 0.846741 -0.182703 0.499650 0.843856 -0.181101 -0.505084 -0.910537 -0.351414 -0.217784 0.839981 -0.541310 -0.037626 -0.662471 -0.740279 -0.114538 -0.685220 0.727001 -0.044091 0.710599 0.699123 0.079218 0.751711 0.617141 0.232525 -0.743405 0.668423 0.023676 -0.648399 -0.755815 -0.091233 -0.654647 -0.739495 0.156793 -0.622320 0.774212 0.115386 -0.667815 -0.715856 0.203896 0.758078 -0.646937 0.082399 0.784515 0.618370 0.046412 -0.526026 0.775824 0.348416 -0.669509 -0.731957 0.126477 0.604285 -0.748145 -0.274079 0.690236 -0.715873 -0.105353 -0.732672 -0.088538 -0.674799 0.640990 -0.350681 0.682756 -0.895290 0.334688 -0.294007 -0.812078 -0.468695 0.347640 0.831888 0.542967 -0.114669 0.653773 0.479234 -0.585590 -0.701590 -0.537505 -0.467823 0.752868 -0.289078 -0.591290 0.870526 -0.353659 0.342213 0.387924 0.546850 0.741937 0.752406 0.622730 0.214691 -0.818942 -0.074715 0.568992 0.758083 -0.646932 -0.082396 0.784515 0.618370 -0.046412 -0.667817 -0.715855 -0.203891 -0.622320 0.774212 -0.115385 0.778475 0.613859 0.130973 -0.669509 -0.731957 -0.126477 -0.526026 0.775824 -0.348416 0.604285 -0.748145 0.274079 0.690236 -0.715873 0.105353 -0.528161 0.807396 0.262979 -0.610142 -0.755393 0.238973 0.760576 -0.638830 0.115845 0.810984 0.584238 0.031154 -0.294300 0.939590 -0.174807 -0.861168 -0.349039 -0.369542 0.144918 -0.779227 -0.609757 0.497994 0.299039 -0.813989 0.771224 -0.342429 0.536616 0.743466 0.632036 -0.218605 -0.684478 0.728911 -0.013385 -0.891733 -0.358208 -0.276585 -0.588542 -0.799948 0.117049 -0.715896 -0.577815 0.391946 0.336060 -0.544603 -0.768421 -0.757671 -0.529086 -0.382102 -0.894336 0.332337 0.299525 0.948000 0.166232 0.271409 -0.684477 0.728911 0.013385 0.701225 0.687696 0.188036 0.760576 -0.638830 -0.115845 0.810984 0.584238 -0.031154 -0.528161 0.807396 -0.262978 -0.610142 -0.755393 -0.238973 0.831888 0.542967 0.114669 0.144918 -0.779227 0.609757 -0.861168 -0.349039 0.369542 -0.294300 0.939590 0.174807 0.497994 0.299039 0.813989 -0.516844 0.645374 -0.562463 -0.906833 -0.410214 -0.096845 -0.013736 -0.822373 -0.568783 0.806200 0.408974 -0.427529 0.478087 -0.501882 0.720796 0.418098 0.500419 -0.758139 0.972202 -0.172032 -0.158833 0.701225 0.687696 -0.188036 -0.499687 0.824128 0.266695 -0.752709 -0.616480 0.231042 -0.903732 0.150176 -0.400893 0.392018 -0.915830 0.087054 0.625543 -0.752589 -0.205686 0.815322 -0.569132 -0.106483 -0.718842 -0.431849 0.544769 0.838574 -0.320684 -0.440404 -0.701515 -0.525104 -0.481813 -0.860071 -0.501257 0.094974 -0.699890 -0.701204 -0.135894 0.816624 -0.567118 0.107253 -0.888073 0.182582 0.421889 0.217571 0.452437 0.864849 -0.752709 -0.616480 -0.231042 -0.499687 0.824128 -0.266695 0.803279 0.567398 0.181116 -0.013735 -0.822373 0.568783 0.806200 0.408975 0.427529 -0.516844 0.645374 0.562463 -0.906833 -0.410214 0.096845 0.839802 -0.365016 0.401866 -0.881891 0.416339 -0.221202 0.318678 0.703965 -0.634726 0.803279 0.567398 -0.181116 -0.286470 0.948192 -0.137359 -0.952478 -0.147612 -0.266452 0.046821 -0.843692 -0.534781 0.445618 0.337748 -0.829066 -0.547720 -0.371972 0.749426 0.501888 -0.522440 -0.689322 0.668781 0.400819 0.626160 -0.762109 -0.159094 -0.627598 0.625543 -0.752589 0.205686 -0.732765 0.578248 0.358726 -0.156303 -0.660129 0.734710 -0.974597 -0.223774 0.009253 -0.390405 0.808717 0.439955 0.706129 0.351212 0.614843 0.765056 -0.550604 0.333952 0.553268 0.450829 -0.700463 -0.680850 0.732347 0.010514 -0.623722 -0.160987 0.764888 0.859696 -0.466266 -0.208611 -0.661017 0.741766 0.113307 0.663134 0.482043 0.572615 -0.619198 -0.159234 -0.768921 0.653139 -0.637374 0.408857 0.636051 -0.257492 -0.727418 0.768771 -0.138684 -0.624305 0.306163 0.414450 -0.857027 -0.810035 0.566155 -0.152682 -0.776675 -0.077238 0.625148 0.653139 -0.637374 -0.408857 0.636051 -0.257492 0.727418 0.875521 -0.145113 0.460875 -0.783052 0.621937 -0.004845 0.517433 0.473226 0.712966 -0.731686 -0.149631 -0.665015 0.406861 -0.805605 0.430656 0.598450 0.071453 -0.797967 -0.583568 0.659543 -0.473763 -0.974996 0.010423 -0.221979 0.445797 -0.561324 -0.697266 0.505531 0.586869 -0.632474 -0.691133 0.719424 0.069023 -0.828348 -0.509960 0.231906 -0.782322 0.016008 0.622669 0.406861 -0.805605 -0.430656 0.598450 0.071453 0.797967 -0.974996 0.010423 0.221979 -0.583568 0.659543 0.473763 0.445797 -0.561324 0.697266 -0.828348 -0.509960 -0.231906 -0.691133 0.719424 -0.069023 0.505531 0.586869 0.632474 -0.782322 0.016008 -0.622669 0.309287 -0.866699 0.391375 0.602870 0.101533 -0.791353 -0.426755 0.837588 -0.341067 -0.685903 0.081505 0.723114 0.382795 -0.856234 -0.346887 0.611438 0.605231 -0.509744 -0.637768 0.755024 0.152283 -0.693466 -0.549891 0.465537 0.309283 -0.866705 -0.391364 0.602855 0.101510 0.791367 -0.426745 0.837580 0.341099 -0.685903 0.081505 -0.723114 0.382795 -0.856234 0.346887 0.611438 0.605231 0.509744 -0.693466 -0.549891 -0.465537 -0.637768 0.755024 -0.152283 0.143950 -0.974655 0.171249 0.661504 0.200297 -0.722698 -0.243783 0.957616 -0.153431 -0.672475 0.073498 0.736461 0.423159 -0.881098 -0.211193 0.636862 0.669236 -0.382792 -0.559778 0.795471 0.232111 -0.717121 -0.492845 0.492789 0.638777 0.198657 0.743303 0.126521 -0.973808 -0.188919 -0.312638 0.924528 0.217957 -0.729998 0.069832 -0.679872 0.423159 -0.881098 0.211193 0.636862 0.669236 0.382792 -0.559778 0.795471 -0.232111 -0.717121 -0.492845 -0.492789 -0.516275 -0.856071 0.024536 -0.155289 -0.036983 -0.987177 -0.240400 0.918253 -0.314672 -0.926609 0.369010 0.072298 0.255060 -0.908435 -0.331194 0.567505 0.642969 -0.514324 -0.504967 0.820321 0.268482 -0.729429 -0.391600 0.560876 -0.317473 0.885863 0.338317 -0.215560 0.047207 0.975349 -0.583001 -0.809426 -0.070275 -0.921407 0.388078 -0.020125 0.255060 -0.908435 0.331194 0.567505 0.642968 0.514324 -0.504967 0.820321 -0.268482 -0.729429 -0.391600 -0.560876 -0.621627 -0.630498 -0.464814 0.225567 0.299802 -0.926951 -0.666372 0.660085 -0.346750 -0.942936 -0.109234 0.314547 -0.449497 -0.847972 0.280885 -0.054081 0.270818 0.961110 -0.553238 0.820837 0.141967 -0.990157 -0.095049 -0.102740</float_array>
          <technique_common>
            <accessor source="#mesh_20-normals-array" count="2752" stride="3">
              <param name="X" type="float"/>
              <param name="Y" type="float"/>
              <param name="Z" type="float"/>
            </accessor>
          </technique_common>
        </source>
        <vertices id="mesh_20-vertices">
           <input semantic="POSITION" source="#mesh_20-positions"/>
        </vertices>
        <triangles count="5412">
            <input semantic="VERTEX" source="#mesh_20-vertices" offset="0" />
            <input semantic="NORMAL" source="#mesh_20-normals" offset="0" />
          <p>0 1 2 3 0 2 4 5 0 6 0 3 6 4 0 0 5 1 2 1 7 5 8 1 1 9 7 1 8 9 2 7 10 11 3 2 2 10 11 12 3 13 12 6 3 8 13 3 11 8 3 4 6 12 4 12 14 4 14 5 14 13 5 5 13 8 10 7 15 7 16 15 7 9 16 8 11 9 9 17 16 9 11 17 11 10 18 10 15 18 11 18 17 14 12 13 15 19 20 15 16 19 18 15 20 16 21 19 16 17 21 17 22 21 17 18 22 18 20 22 19 21 23 20 19 24 19 23 24 22 20 25 20 24 25 21 26 23 21 22 26 22 25 26 24 23 27 23 26 28 23 28 27 24 27 29 25 24 29 25 29 30 26 25 30 26 30 28 29 27 31 27 28 32 27 32 31 28 30 33 28 33 32 29 31 34 30 29 34 30 34 33 31 32 35 34 31 36 31 35 36 32 37 35 32 33 37 33 38 37 33 34 38 34 36 38 35 39 40 35 37 39 36 35 40 36 40 41 38 36 41 37 42 39 37 38 42 38 41 42 40 39 43 39 44 43 39 42 44 40 43 45 41 40 45 41 45 46 42 41 46 42 46 44 43 44 47 45 43 48 43 47 48 44 46 49 44 49 47 45 48 50 46 45 50 46 50 49 47 49 51 47 51 52 48 47 52 50 48 53 48 52 53 49 54 51 49 50 54 50 53 54 52 51 55 51 54 56 51 56 55 52 55 57 53 52 57 53 57 58 54 53 58 54 58 56 57 55 59 55 56 60 55 60 59 56 58 61 56 61 60 58 57 62 57 59 62 58 62 61 59 61 62 59 60 61 63 64 65 63 65 66 64 63 67 63 66 68 68 67 63 64 69 65 64 70 69 64 67 70 66 65 71 65 69 72 65 72 71 68 66 73 66 71 73 67 74 75 67 75 70 74 67 68 68 73 76 77 68 76 74 68 77 69 78 72 69 79 78 70 79 69 70 75 79 71 80 81 71 72 80 73 71 81 72 82 80 72 78 82 76 73 83 73 81 83 75 74 77 75 77 79 76 83 84 77 76 85 85 76 84 79 77 85 78 86 82 79 85 78 78 85 86 81 80 87 80 82 88 80 88 87 83 81 89 81 87 89 82 90 88 82 86 90 83 89 91 84 83 91 84 91 92 85 84 86 86 84 92 86 92 90 89 87 93 87 88 94 87 94 93 88 90 95 88 95 94 91 89 96 89 93 96 90 92 97 90 97 95 91 96 98 92 91 98 92 98 97 93 94 99 93 99 100 96 93 100 94 95 101 94 101 99 95 97 102 95 102 101 98 96 103 96 100 103 97 104 102 97 98 104 98 103 104 100 99 105 99 101 106 99 106 105 100 105 107 103 100 107 101 102 108 101 108 106 102 104 109 102 109 108 104 103 110 103 107 110 104 110 109 107 105 111 105 106 112 105 112 111 106 108 113 106 113 112 110 107 114 107 111 114 108 109 115 108 115 113 109 110 116 109 116 115 110 114 116 114 111 117 111 112 118 111 118 117 112 113 119 112 119 118 113 115 120 113 120 119 116 114 121 114 117 121 115 116 122 115 122 120 116 121 122 117 118 123 121 117 124 117 123 124 118 119 125 118 125 123 119 120 126 119 126 125 120 122 127 120 127 126 122 121 128 121 124 128 122 128 127 123 125 129 123 129 130 124 123 130 124 130 131 128 124 131 125 126 132 125 132 129 126 133 132 126 127 133 127 134 133 127 128 134 128 131 134 129 132 135 129 135 136 130 129 136 131 130 137 130 136 137 131 137 138 134 131 138 132 133 139 132 139 135 133 134 140 133 140 139 134 138 140 135 139 141 135 141 142 136 135 142 137 136 143 136 142 143 138 137 144 137 143 144 140 138 145 138 144 145 139 140 146 139 146 141 140 145 146 142 141 147 147 141 146 142 147 148 143 142 148 144 143 149 143 148 149 145 144 150 144 149 150 146 145 151 145 150 151 146 151 152 152 147 146 153 147 152 148 147 153 148 153 154 148 154 149 149 154 150 154 155 150 151 150 155 152 151 156 151 155 156 153 152 157 152 156 157 154 153 157 154 157 155 156 155 157 158 159 160 159 158 161 158 160 162 161 158 162 159 163 164 159 164 160 159 161 163 160 164 165 160 165 166 162 160 166 161 162 167 168 161 167 161 168 163 167 162 169 162 166 169 168 170 163 163 170 164 164 171 165 171 164 172 172 164 173 164 170 173 166 165 174 165 175 174 165 171 175 166 174 176 169 166 176 168 167 173 173 167 177 167 169 177 170 168 173 177 169 178 169 176 178 171 179 175 171 172 179 172 180 179 172 177 180 173 177 172 174 181 182 174 175 181 176 174 182 175 183 181 175 179 183 176 182 184 178 176 184 177 178 180 180 178 185 178 184 185 179 186 183 179 180 186 180 185 186 181 187 188 181 183 187 182 181 188 182 188 189 184 182 189 183 186 190 183 190 187 184 189 191 185 184 191 186 185 192 185 191 192 186 192 190 188 187 193 187 190 194 187 194 193 188 193 195 189 188 195 189 195 196 191 189 196 190 197 194 190 192 197 192 191 198 191 196 198 192 198 197 195 193 199 193 194 200 193 200 199 194 201 200 194 197 201 195 199 202 196 195 202 196 202 203 198 196 203 197 198 204 197 204 201 198 203 204 202 199 205 199 206 205 199 200 206 200 201 207 200 207 206 201 204 208 201 208 207 202 205 209 203 202 209 203 209 210 204 203 210 204 210 208 205 206 211 209 205 212 205 211 212 206 207 213 206 213 211 207 214 213 207 208 214 208 215 214 208 210 215 210 209 216 209 212 216 210 216 215 211 217 218 211 213 217 212 211 218 212 218 219 216 212 219 213 220 217 213 214 220 214 221 220 214 215 221 215 216 222 215 222 221 216 219 222 218 217 223 217 224 223 217 220 224 218 223 225 219 218 225 219 225 226 222 219 226 220 221 227 220 227 224 221 222 228 221 228 227 222 226 228 225 223 229 223 230 229 223 224 230 224 227 231 224 231 230 226 225 232 225 229 232 226 232 233 228 226 233 227 228 234 227 234 231 228 233 234 232 229 235 229 236 235 229 230 236 230 237 236 230 231 237 231 238 237 231 234 238 232 235 239 233 232 239 233 239 240 234 233 240 234 240 238 239 235 241 235 242 241 235 236 242 236 243 242 236 237 243 237 238 244 237 244 243 238 240 245 238 245 244 240 239 246 239 241 246 240 246 245 246 241 247 241 242 247 242 248 247 242 243 248 243 244 249 243 249 250 248 243 250 249 244 245 245 246 251 249 245 251 246 247 251 247 248 251 251 248 250 251 250 249 252 253 254 255 252 256 252 254 256 257 258 252 258 253 252 257 252 255 258 259 253 259 260 253 253 260 261 253 261 254 254 262 256 261 262 254 263 257 255 255 256 264 263 255 265 265 255 264 256 262 264 266 257 263 267 258 257 266 267 257 267 268 258 268 259 258 268 269 259 269 270 259 259 270 260 270 271 260 260 271 262 260 262 261 264 262 272 271 272 262 273 263 265 274 263 273 274 266 263 265 264 272 273 265 271 271 265 272 275 267 266 276 266 274 276 275 266 275 277 267 277 268 267 277 278 268 278 269 268 269 279 270 280 279 269 280 269 278 270 273 271 279 273 270 279 274 273 281 276 274 281 274 279 282 283 275 283 277 275 282 275 276 284 282 276 284 276 281 285 278 277 277 283 285 286 280 278 286 278 285 280 281 279 286 287 280 287 281 280 287 284 281 288 283 282 289 288 282 289 282 284 290 285 283 288 290 283 291 284 287 291 289 284 290 292 285 292 286 285 292 293 286 293 287 286 293 291 287 294 295 288 294 288 289 295 290 288 296 294 289 296 289 291 295 297 290 297 292 290 298 291 293 298 296 291 297 299 292 299 293 292 299 298 293 300 301 294 300 294 296 301 295 294 301 302 295 302 297 295 303 300 296 303 296 298 302 304 297 304 299 297 305 303 298 305 298 299 304 305 299 306 307 300 307 301 300 306 300 303 307 308 301 308 302 301 309 304 302 308 309 302 310 303 305 310 306 303 309 311 304 311 305 304 311 310 305 312 313 306 313 307 306 312 306 310 313 314 307 314 308 307 315 309 308 314 315 308 315 316 309 316 311 309 317 312 310 317 310 311 316 317 311 318 312 317 319 313 312 318 319 312 319 320 313 320 314 313 321 315 314 320 321 314 321 322 315 322 316 315 322 323 316 323 317 316 323 318 317 324 318 323 325 319 318 324 325 318 325 326 319 326 320 319 327 321 320 326 327 320 328 322 321 327 328 321 329 323 322 328 329 322 329 324 323 330 325 324 331 330 324 331 324 329 332 326 325 330 332 325 333 327 326 332 333 326 334 328 327 333 334 327 335 329 328 334 335 328 335 331 329 336 332 330 337 336 330 337 330 331 338 331 335 338 337 331 339 333 332 336 339 332 340 334 333 339 340 333 340 341 334 341 335 334 341 338 335 342 339 336 343 342 336 336 337 344 336 344 343 344 337 338 338 341 345 338 345 346 346 344 338 342 347 339 347 340 339 347 345 340 345 341 340 342 345 347 344 342 343 345 342 346 346 342 344 348 349 350 348 351 349 352 348 353 353 348 350 354 351 348 352 354 348 355 350 349 355 349 356 351 356 349 353 350 357 355 357 350 354 358 351 351 359 356 358 359 351 360 352 361 360 362 352 361 352 353 362 354 352 361 353 363 363 353 357 364 358 354 362 364 354 365 363 355 365 355 366 363 357 355 355 356 366 359 366 356 358 367 359 368 367 358 364 368 358 359 365 366 367 365 359 369 362 360 370 369 360 371 360 361 370 360 371 372 361 363 371 361 372 369 373 362 373 364 362 372 363 365 374 368 364 373 374 364 367 372 365 375 372 367 368 375 367 376 375 368 374 376 368 377 373 369 378 369 370 378 377 369 379 370 380 379 378 370 380 370 371 375 371 372 380 371 375 381 374 373 377 381 373 382 376 374 381 382 374 376 380 375 383 380 376 382 383 376 384 381 377 385 377 378 385 384 377 386 378 379 386 385 378 387 379 383 387 386 379 383 379 380 384 388 381 388 382 381 389 383 382 388 389 382 389 387 383 390 388 384 391 384 385 391 390 384 392 385 386 392 391 385 393 386 387 393 392 386 394 393 387 394 387 389 395 389 388 390 395 388 395 394 389 396 397 390 396 390 391 397 395 390 398 396 391 398 391 392 399 392 393 399 398 392 400 393 394 400 399 393 401 394 395 401 400 394 397 401 395 402 396 398 402 403 396 403 397 396 403 404 397 404 401 397 405 398 399 405 402 398 406 405 399 406 399 400 407 400 401 407 406 400 404 407 401 408 402 405 408 409 402 409 403 402 410 404 403 409 410 403 411 407 404 410 411 404 412 408 405 412 405 406 413 412 406 413 406 407 411 413 407 414 409 408 415 414 408 415 408 412 416 410 409 414 416 409 417 411 410 416 417 410 417 418 411 418 413 411 419 412 413 419 415 412 418 419 413 420 416 414 421 420 414 421 414 415 422 421 415 422 415 419 423 417 416 420 423 416 424 418 417 423 424 417 424 425 418 425 419 418 425 422 419 426 423 420 427 426 420 427 420 421 428 427 421 428 421 422 429 428 422 429 422 425 430 424 423 426 430 423 431 425 424 430 431 424 431 429 425 427 432 426 430 426 433 426 432 433 434 432 427 434 427 428 435 434 428 435 428 429 436 429 431 436 435 429 433 431 430 433 436 431 432 434 437 438 433 432 432 437 438 439 436 433 438 439 433 437 434 440 441 440 434 441 434 435 436 441 435 436 439 441 441 438 437 441 437 440 438 441 439 442 443 444 445 442 444 446 447 442 448 442 445 448 446 442 442 447 443 443 449 450 443 450 451 447 449 443 444 443 451 445 444 452 444 451 453 452 444 453 454 445 455 455 445 452 454 448 445 446 456 447 457 446 448 457 458 446 458 456 446 456 459 447 447 459 449 460 457 448 460 448 454 459 461 449 449 461 462 449 462 450 451 450 463 450 462 464 450 464 463 451 463 465 453 451 465 466 452 467 452 453 467 455 452 466 453 465 468 467 453 468 469 460 454 469 454 470 470 454 455 471 455 466 470 455 471 456 472 459 458 473 456 473 472 456 474 458 457 475 474 457 475 457 460 474 476 458 476 473 458 459 471 461 472 471 459 477 460 469 477 475 460 471 466 461 461 478 462 461 466 478 462 478 479 462 479 464 463 464 480 463 480 481 465 463 481 464 479 482 464 482 480 468 465 483 465 481 483 466 467 478 478 467 484 467 468 484 468 483 485 484 468 485 486 469 487 486 477 469 487 469 470 487 470 472 472 470 471 473 487 472 476 488 473 488 487 473 489 474 475 490 476 474 489 490 474 491 489 475 491 475 477 492 488 476 490 492 476 493 491 477 493 477 486 478 484 479 479 484 494 479 494 482 480 495 496 480 482 495 481 480 496 481 496 497 483 481 497 482 494 498 482 498 495 485 483 499 483 497 499 484 485 494 494 485 500 485 499 500 501 486 488 488 486 487 501 493 486 492 501 488 502 489 491 503 490 489 502 503 489 503 504 490 504 492 490 505 502 491 505 491 493 504 506 492 506 501 492 507 493 501 507 505 493 494 500 498 495 508 509 495 498 508 496 495 509 497 496 510 496 509 510 497 510 511 499 497 511 498 500 512 498 512 508 500 499 513 499 511 513 500 513 512 506 507 501 507 502 505 507 503 502 504 503 507 504 507 506 509 508 514 508 515 514 508 512 515 509 514 516 510 509 516 510 516 517 511 510 517 511 517 518 513 511 518 512 519 515 512 513 519 513 518 519 516 514 520 514 521 520 514 515 521 515 522 521 515 519 522 516 520 523 517 516 523 517 523 524 518 517 524 518 524 525 519 518 525 519 525 522 523 520 526 520 527 526 520 521 527 521 528 527 521 522 528 522 529 528 522 525 529 523 526 530 524 523 530 524 530 531 525 524 531 525 531 529 530 526 532 526 533 532 526 527 533 527 534 533 527 528 534 528 535 534 528 529 535 529 536 535 529 531 536 530 532 537 531 530 537 531 537 536 535 532 533 535 537 532 535 533 534 535 536 537 538 539 540 541 542 538 543 541 538 543 538 544 538 542 539 544 538 540 539 545 546 539 547 545 540 539 546 542 547 539 548 540 549 540 546 549 544 540 548 541 550 542 551 541 543 551 552 541 552 550 541 542 553 547 550 553 542 554 543 544 555 543 554 555 551 543 556 544 548 554 544 556 546 545 557 545 558 559 545 559 557 547 558 545 546 557 560 549 546 560 547 561 558 553 561 547 562 548 563 548 549 563 556 548 562 563 549 564 549 560 564 550 565 553 566 565 550 552 566 550 567 551 555 567 568 551 568 552 551 568 569 552 569 566 552 553 570 561 565 570 553 571 554 572 571 555 554 572 554 556 573 555 571 573 567 555 570 556 562 572 556 570 557 574 575 560 557 575 557 559 574 558 576 577 558 577 559 561 576 558 559 577 578 559 578 574 560 575 579 564 560 579 570 562 561 561 562 576 562 563 576 576 563 580 563 564 580 580 564 581 564 579 581 582 572 565 566 582 565 565 572 570 569 583 566 583 582 566 584 567 573 584 585 567 585 568 567 586 569 568 585 586 568 586 587 569 587 583 569 588 571 582 588 573 571 582 571 572 589 573 588 589 584 573 574 590 591 574 578 590 575 574 591 575 591 592 579 575 592 576 580 577 577 593 578 577 580 593 578 594 590 578 593 594 579 592 595 581 579 595 580 581 593 593 581 596 581 595 596 583 588 582 597 588 583 587 597 583 598 585 584 599 584 589 599 598 584 598 600 585 600 586 585 600 601 586 601 587 586 601 602 587 602 597 587 597 589 588 603 589 597 603 599 589 596 590 594 595 590 596 595 591 590 595 592 591 593 596 594 602 603 597 604 600 598 604 598 605 598 599 605 605 599 603 604 606 600 606 601 600 607 602 601 606 607 601 608 603 602 607 608 602 608 605 603 609 606 604 610 609 604 610 604 605 611 605 608 611 610 605 612 607 606 609 612 606 613 608 607 612 613 607 613 611 608 614 609 610 614 612 609 615 610 611 615 616 610 614 610 616 617 615 611 617 611 613 618 613 612 614 618 612 618 617 613 619 614 616 619 620 614 620 618 614 621 622 615 621 615 617 622 616 615 623 619 616 622 623 616 624 621 617 617 618 624 620 624 618 625 626 619 626 620 619 625 619 623 626 627 620 627 624 620 628 622 621 629 628 621 629 621 624 628 630 622 630 623 622 630 625 623 627 629 624 629 626 625 629 625 630 629 627 626 629 630 628 631 632 633 634 632 631 635 634 631 635 631 636 636 631 637 631 633 637 632 638 639 632 639 633 640 638 632 634 640 632 633 641 642 637 633 642 633 639 641 643 634 635 644 640 634 643 644 634 645 635 636 646 643 635 646 635 645 647 636 648 636 637 648 645 636 647 648 637 649 637 642 649 640 650 638 650 651 638 638 651 652 638 652 639 639 652 653 639 653 641 644 654 640 654 650 640 641 655 656 641 653 655 642 641 656 642 656 657 649 642 657 658 659 643 659 644 643 658 643 646 660 654 644 659 660 644 661 645 647 662 645 661 662 646 645 663 646 662 663 658 646 647 648 664 661 647 651 651 647 664 664 648 665 648 649 665 665 649 666 649 657 666 650 661 651 654 667 650 667 661 650 651 664 652 652 664 668 652 668 653 653 669 655 653 668 669 670 667 654 660 670 654 655 669 671 656 655 672 655 671 672 657 656 673 656 672 673 657 673 674 666 657 674 675 659 658 676 675 658 676 658 663 677 660 659 675 677 659 677 678 660 678 670 660 667 662 661 679 662 667 679 663 662 680 663 679 680 676 663 664 665 668 668 665 681 665 666 681 681 666 682 666 674 682 670 679 667 668 681 669 669 683 671 669 681 683 684 679 670 678 684 670 671 683 685 672 671 686 671 685 686 672 686 687 673 672 687 674 673 688 673 687 688 674 688 689 682 674 689 690 691 675 690 675 676 691 677 675 692 690 676 692 676 680 693 678 677 691 693 677 694 684 678 693 694 678 684 680 679 695 692 680 695 680 684 681 682 683 683 682 696 682 689 696 683 696 685 694 695 684 686 685 697 685 698 697 685 696 698 687 686 699 686 697 699 687 699 700 688 687 700 689 688 701 688 700 701 696 689 702 689 701 702 703 691 690 704 690 692 704 703 690 703 705 691 705 693 691 706 692 695 706 704 692 707 694 693 705 707 693 707 708 694 708 695 694 708 706 695 696 702 698 699 697 709 697 710 709 697 698 710 698 711 710 698 702 711 700 699 712 699 709 712 701 700 713 700 712 713 702 701 714 701 713 714 702 714 711 715 705 703 716 703 704 716 715 703 717 704 706 717 716 704 715 718 705 718 707 705 719 706 708 719 717 706 718 720 707 720 708 707 720 719 708 712 709 710 712 710 711 711 714 712 714 713 712 721 722 715 722 718 715 721 715 716 723 716 717 723 721 716 724 717 719 724 723 717 725 720 718 722 725 718 726 719 720 726 724 719 725 726 720 726 722 721 726 721 723 726 725 722 726 723 724 727 728 729 730 728 727 731 727 732 731 730 727 727 729 733 732 727 733 728 734 729 730 735 728 735 736 728 728 736 734 733 729 737 729 738 737 729 734 738 739 730 731 739 740 730 740 735 730 741 731 742 741 739 731 742 731 732 742 732 736 732 733 743 736 732 743 733 737 744 743 733 744 736 743 734 734 743 745 734 745 738 740 746 735 746 742 735 735 742 736 744 737 747 737 738 748 737 748 747 738 745 749 738 749 748 750 740 739 751 750 739 751 739 741 752 746 740 750 752 740 746 741 742 753 751 741 753 741 746 743 744 745 744 747 754 745 744 754 745 754 749 752 753 746 754 747 755 747 748 756 747 756 755 748 749 757 748 757 756 749 754 758 749 758 757 759 752 750 760 759 750 760 750 751 761 760 751 761 751 753 762 753 752 759 762 752 762 761 753 754 755 758 758 755 763 755 756 764 755 764 763 756 757 765 756 765 764 757 758 766 757 766 765 758 763 766 767 768 759 767 759 760 768 762 759 769 760 761 769 767 760 770 769 761 770 761 762 768 770 762 766 763 771 763 764 772 763 772 771 764 765 773 764 773 772 765 766 774 765 774 773 766 771 774 775 767 769 775 776 767 776 768 767 776 777 768 777 770 768 778 769 770 778 775 769 777 778 770 774 771 779 771 772 780 771 780 779 772 773 781 772 781 780 773 774 782 773 782 781 774 779 782 783 775 778 784 776 775 775 783 784 785 777 776 784 785 776 785 786 777 786 778 777 786 783 778 782 779 780 782 780 781 787 783 786 787 788 783 788 784 783 788 785 784 788 789 785 789 786 785 789 787 786 787 789 788 790 791 792 790 792 793 794 790 793 795 791 790 796 795 790 796 790 794 795 797 791 797 798 791 792 791 798 792 799 800 799 792 798 792 800 793 800 801 793 794 793 801 802 794 801 803 796 794 803 794 802 804 797 795 805 804 795 805 795 796 806 805 796 806 796 803 797 807 798 804 808 797 808 807 797 798 802 799 807 802 798 800 799 801 802 801 799 807 803 802 809 806 803 809 803 807 810 808 804 811 810 804 811 804 805 812 811 805 812 805 806 813 812 806 813 806 809 808 809 807 810 814 808 814 809 808 814 813 809 815 814 810 816 815 810 816 810 811 817 816 811 817 811 812 818 812 813 818 817 812 819 818 813 819 813 814 815 819 814 820 819 815 821 820 815 821 815 816 822 821 816 822 816 817 823 822 817 823 817 818 824 823 818 824 818 819 820 824 819 825 824 820 826 825 820 826 820 821 827 826 821 827 821 822 828 822 823 828 827 822 829 828 823 829 823 824 825 829 824 830 829 825 831 830 825 831 825 826 832 826 827 832 831 826 833 827 828 833 832 827 834 833 828 834 828 829 830 834 829 835 834 830 836 835 830 836 830 831 837 831 832 837 836 831 838 837 832 838 832 833 839 838 833 839 833 834 835 839 834 836 839 835 836 837 838 836 838 839 840 841 842 843 840 842 844 845 840 846 844 840 846 840 843 840 845 841 845 847 841 842 841 848 841 849 848 841 847 849 843 842 848 848 850 843 843 850 851 843 851 846 844 852 845 853 852 844 854 853 844 854 844 846 845 855 847 852 855 845 846 851 856 846 856 854 850 849 847 850 847 855 848 849 850 851 850 855 851 855 857 856 851 857 852 857 855 853 858 852 858 857 852 859 858 853 860 859 853 860 853 854 854 856 861 854 861 860 856 857 862 861 856 862 858 862 857 859 863 858 863 862 858 864 863 859 865 864 859 865 859 860 860 861 866 860 866 865 861 862 867 866 861 867 863 867 862 864 868 863 868 867 863 869 868 864 870 869 864 870 864 865 865 866 871 865 871 870 866 867 872 871 866 872 868 872 867 869 873 868 873 872 868 874 873 869 875 874 869 875 869 870 870 871 876 870 876 875 871 872 877 876 871 877 873 877 872 874 878 873 878 877 873 879 878 874 880 879 874 880 874 875 875 876 881 875 881 880 876 877 882 881 876 882 878 882 877 879 883 878 883 882 878 884 883 879 885 884 879 885 879 880 880 881 886 880 886 885 881 882 887 886 881 887 883 887 882 884 888 883 888 887 883 889 888 884 890 889 884 890 884 885 885 886 891 885 891 890 886 887 892 891 886 892 888 892 887 889 893 888 893 892 888 894 893 889 895 894 889 895 889 890 890 896 895 890 891 896 891 892 897 896 891 897 893 897 892 894 898 893 898 897 893 899 898 894 900 899 894 900 894 895 895 896 901 895 901 900 896 897 902 901 896 902 898 902 897 899 903 898 903 902 898 904 903 899 905 904 899 905 899 900 900 906 905 900 901 906 901 902 907 906 901 907 903 907 902 904 908 903 908 907 903 909 904 905 909 910 904 910 908 904 905 906 911 905 911 909 906 907 912 911 906 912 908 912 907 910 913 908 913 912 908 914 910 909 909 911 914 915 913 910 914 915 910 911 912 916 911 917 914 916 917 911 913 916 912 915 918 913 918 916 913 915 914 917 915 917 918 918 919 916 917 916 919 917 919 918 920 921 922 920 922 923 924 925 920 924 920 926 925 921 920 926 920 923 925 927 921 921 928 922 927 929 921 921 929 928 923 922 930 922 928 931 922 931 930 932 923 933 926 923 932 923 930 933 934 925 924 924 935 934 924 936 935 926 936 924 934 937 925 937 927 925 932 938 926 926 938 936 937 939 927 927 940 929 939 940 927 929 941 928 928 942 931 928 941 942 929 943 941 940 943 929 933 930 944 931 944 930 931 942 944 932 933 945 945 946 932 932 946 938 933 944 945 947 937 934 934 935 948 934 948 947 949 935 936 950 948 935 950 935 949 951 936 938 949 936 951 947 952 937 952 939 937 951 938 943 943 938 946 952 953 939 939 954 940 953 954 939 940 951 943 954 951 940 941 944 942 941 946 944 943 946 941 945 944 946 955 952 947 947 948 956 947 956 955 957 956 948 957 948 950 954 949 951 958 950 949 958 949 954 959 957 950 959 950 958 960 953 952 955 960 952 960 961 953 953 958 954 961 958 953 962 960 955 955 956 963 955 963 962 964 963 956 964 956 957 965 964 957 965 957 959 961 959 958 966 965 959 966 959 961 962 967 960 967 961 960 967 966 961 968 967 962 962 969 968 962 963 969 970 969 963 970 963 964 971 964 965 971 970 964 972 971 965 972 965 966 973 972 966 973 966 967 968 973 967 974 973 968 968 969 975 968 975 974 976 975 969 976 969 970 977 976 970 977 970 971 978 977 971 978 971 972 979 978 972 979 972 973 974 979 973 980 979 974 974 981 980 974 975 981 982 981 975 982 975 976 983 982 976 983 976 977 984 983 977 984 977 978 985 984 978 985 978 979 980 985 979 986 985 980 980 987 986 987 980 981 988 987 981 988 981 982 989 988 982 989 982 983 984 989 983 990 991 984 990 984 985 984 991 989 986 990 985 992 990 986 986 987 993 986 993 992 994 993 987 994 987 988 995 994 988 995 988 989 996 995 989 996 989 991 992 997 990 997 991 990 997 996 991 998 997 992 992 993 999 992 999 998 1000 993 994 1000 999 993 1001 1000 994 1001 994 995 1002 1001 995 1002 995 996 1003 996 997 1003 1002 996 998 1003 997 1004 1003 998 998 999 1005 998 1005 1004 1006 999 1000 1006 1005 999 1007 1006 1000 1000 1001 1007 1008 1001 1002 1008 1007 1001 1009 1008 1002 1009 1002 1003 1004 1009 1003 1004 1005 1010 1010 1009 1004 1005 1011 1010 1005 1006 1011 1012 1013 1006 1006 1007 1012 1013 1011 1006 1012 1007 1008 1012 1008 1014 1014 1008 1009 1010 1014 1009 1014 1010 1011 1014 1011 1013 1012 1014 1013 1015 1016 1017 1018 1019 1015 1015 1020 1018 1019 1021 1015 1021 1016 1015 1015 1017 1020 1022 1023 1016 1021 1022 1016 1016 1023 1024 1016 1024 1017 1017 1025 1026 1020 1017 1026 1017 1024 1025 1027 1028 1018 1028 1019 1018 1027 1018 1022 1022 1018 1023 1020 1023 1018 1028 1029 1019 1029 1021 1019 1020 1030 1023 1020 1026 1031 1030 1020 1031 1032 1022 1021 1029 1032 1021 1032 1027 1022 1023 1030 1024 1024 1030 1033 1024 1033 1025 1033 1031 1025 1031 1026 1025 1034 1028 1027 1035 1034 1027 1035 1027 1032 1034 1036 1028 1036 1029 1028 1037 1032 1029 1036 1037 1029 1030 1031 1033 1037 1035 1032 1038 1039 1034 1038 1034 1035 1039 1036 1034 1040 1038 1035 1040 1035 1037 1039 1041 1036 1041 1037 1036 1041 1040 1037 1042 1043 1038 1043 1039 1038 1042 1038 1040 1043 1044 1039 1044 1041 1039 1045 1042 1040 1045 1040 1041 1044 1045 1041 1046 1047 1042 1047 1043 1042 1046 1042 1045 1047 1048 1043 1048 1044 1043 1048 1049 1044 1049 1045 1044 1049 1046 1045 1050 1047 1046 1051 1050 1046 1051 1046 1049 1052 1048 1047 1050 1052 1047 1052 1053 1048 1053 1049 1048 1053 1051 1049 1054 1052 1050 1055 1054 1050 1055 1050 1051 1056 1051 1053 1056 1055 1051 1054 1057 1052 1057 1053 1052 1057 1056 1053 1058 1059 1054 1059 1057 1054 1058 1054 1055 1060 1058 1055 1060 1055 1056 1061 1056 1057 1061 1060 1056 1059 1061 1057 1062 1063 1058 1063 1059 1058 1062 1058 1060 1063 1064 1059 1064 1061 1059 1065 1062 1060 1065 1060 1061 1064 1065 1061 1066 1062 1065 1066 1067 1062 1067 1063 1062 1068 1064 1063 1067 1068 1063 1068 1069 1064 1069 1065 1064 1069 1066 1065 1070 1066 1069 1070 1071 1066 1071 1067 1066 1071 1072 1067 1072 1068 1067 1072 1073 1068 1073 1069 1068 1073 1070 1069 1074 1075 1070 1074 1070 1073 1075 1071 1070 1075 1076 1071 1076 1072 1071 1076 1077 1072 1077 1073 1072 1077 1074 1073 1074 1077 1075 1077 1076 1075 1078 1079 1080 1081 1078 1080 1082 1078 1081 1082 1083 1078 1083 1079 1078 1079 1084 1080 1083 1085 1079 1085 1084 1079 1086 1080 1084 1086 1087 1080 1087 1081 1080 1087 1082 1081 1088 1082 1087 1088 1089 1082 1089 1083 1082 1090 1085 1083 1089 1090 1083 1085 1086 1084 1091 1086 1085 1090 1091 1085 1091 1092 1086 1092 1087 1086 1092 1088 1087 1093 1088 1092 1093 1094 1088 1094 1089 1088 1095 1090 1089 1094 1095 1089 1095 1096 1090 1096 1091 1090 1096 1097 1091 1097 1092 1091 1097 1093 1092 1098 1093 1097 1098 1099 1093 1099 1094 1093 1099 1100 1094 1100 1095 1094 1100 1101 1095 1101 1096 1095 1101 1102 1096 1102 1097 1096 1102 1098 1097 1103 1098 1102 1103 1104 1098 1104 1099 1098 1105 1100 1099 1104 1105 1099 1105 1106 1100 1106 1101 1100 1106 1107 1101 1107 1102 1101 1107 1103 1102 1108 1104 1103 1109 1108 1103 1109 1103 1107 1108 1110 1104 1110 1105 1104 1110 1111 1105 1111 1106 1105 1111 1112 1106 1112 1107 1106 1112 1109 1107 1113 1110 1108 1114 1113 1108 1114 1108 1109 1115 1114 1109 1115 1109 1112 1113 1116 1110 1116 1111 1110 1116 1117 1111 1117 1112 1111 1117 1115 1112 1118 1113 1114 1118 1119 1113 1119 1116 1113 1120 1118 1114 1120 1114 1115 1121 1120 1115 1121 1115 1117 1119 1122 1116 1122 1117 1116 1122 1121 1117 1123 1119 1118 1124 1123 1118 1124 1118 1120 1123 1125 1119 1125 1122 1119 1120 1121 1126 1120 1126 1124 1126 1121 1122 1125 1126 1122 1125 1123 1127 1123 1124 1127 1127 1124 1126 1125 1127 1126 1128 1129 1130 1131 1129 1128 1128 1130 1132 1133 1131 1128 1133 1128 1132 1129 1131 1130 1130 1134 1132 1135 1130 1131 1134 1130 1135 1136 1131 1133 1131 1136 1135 1137 1132 1134 1137 1133 1132 1138 1136 1133 1138 1133 1137 1134 1135 1139 1139 1137 1134 1136 1140 1135 1139 1135 1141 1135 1140 1141 1142 1136 1138 1136 1142 1140 1143 1138 1137 1143 1137 1139 1144 1142 1138 1144 1138 1143 1141 1143 1139 1142 1145 1140 1140 1145 1146 1141 1140 1146 1146 1147 1141 1147 1143 1141 1148 1142 1144 1142 1148 1145 1147 1144 1143 1149 1148 1144 1149 1144 1147 1148 1150 1145 1146 1145 1151 1145 1150 1151 1151 1152 1146 1152 1147 1146 1152 1149 1147 1153 1148 1149 1148 1153 1150 1154 1153 1149 1154 1149 1152 1153 1155 1150 1150 1155 1156 1151 1150 1156 1156 1157 1151 1157 1152 1151 1157 1154 1152 1158 1153 1154 1153 1158 1155 1159 1158 1154 1159 1154 1157 1158 1160 1155 1156 1155 1161 1155 1160 1161 1161 1162 1156 1162 1157 1156 1162 1159 1157 1163 1158 1159 1158 1163 1160 1164 1163 1159 1164 1159 1162 1163 1165 1160 1161 1160 1166 1160 1165 1166 1166 1167 1161 1167 1162 1161 1167 1164 1162 1168 1163 1164 1163 1168 1165 1169 1168 1164 1169 1164 1167 1168 1170 1165 1166 1165 1171 1165 1170 1171 1171 1172 1166 1172 1167 1166 1172 1169 1167 1173 1168 1169 1168 1173 1170 1174 1173 1169 1174 1169 1172 1173 1175 1170 1171 1170 1176 1170 1175 1176 1176 1177 1171 1177 1172 1171 1177 1174 1172 1178 1173 1174 1173 1178 1175 1179 1178 1174 1179 1174 1177 1178 1180 1175 1176 1175 1181 1175 1180 1181 1181 1182 1176 1182 1177 1176 1182 1179 1177 1183 1178 1179 1178 1183 1180 1184 1183 1179 1184 1179 1182 1183 1185 1180 1181 1180 1186 1180 1185 1186 1186 1187 1181 1187 1182 1181 1187 1184 1182 1188 1183 1184 1183 1188 1185 1189 1188 1184 1189 1184 1187 1188 1190 1185 1186 1185 1191 1185 1190 1191 1191 1192 1186 1192 1187 1186 1192 1189 1187 1193 1188 1189 1188 1193 1190 1194 1193 1189 1194 1189 1192 1193 1195 1190 1191 1190 1196 1190 1195 1196 1196 1197 1191 1197 1192 1191 1197 1194 1192 1193 1198 1195 1198 1193 1194 1199 1198 1194 1199 1194 1197 1198 1200 1195 1196 1195 1201 1195 1200 1201 1201 1202 1196 1202 1197 1196 1202 1199 1197 1198 1203 1200 1203 1198 1199 1204 1203 1199 1204 1199 1202 1200 1205 1206 1203 1205 1200 1201 1200 1206 1206 1207 1201 1207 1202 1201 1207 1204 1202 1205 1203 1204 1206 1205 1204 1206 1204 1207 1208 1209 1210 1208 1211 1209 1212 1211 1208 1212 1208 1210 1211 1213 1209 1214 1209 1213 1214 1215 1209 1209 1215 1210 1215 1216 1210 1210 1216 1212 1211 1212 1217 1213 1211 1217 1218 1212 1216 1219 1217 1212 1218 1219 1212 1220 1214 1213 1213 1217 1220 1221 1214 1220 1221 1222 1214 1222 1215 1214 1223 1216 1215 1222 1223 1215 1216 1223 1218 1220 1217 1224 1217 1219 1224 1225 1218 1223 1226 1219 1218 1225 1226 1218 1224 1219 1227 1219 1226 1227 1224 1221 1220 1228 1221 1224 1229 1222 1221 1228 1229 1221 1229 1230 1222 1230 1223 1222 1230 1225 1223 1227 1228 1224 1231 1225 1230 1231 1232 1225 1232 1226 1225 1227 1226 1233 1226 1232 1233 1234 1228 1227 1233 1234 1227 1235 1229 1228 1234 1235 1228 1235 1236 1229 1236 1230 1229 1236 1231 1230 1237 1231 1236 1237 1238 1231 1238 1232 1231 1238 1239 1232 1233 1232 1239 1240 1234 1233 1239 1240 1233 1240 1241 1234 1241 1235 1234 1236 1235 1241 1242 1236 1241 1242 1237 1236 1243 1237 1242 1243 1244 1237 1244 1238 1237 1238 1244 1245 1239 1238 1245 1246 1240 1239 1245 1246 1239 1246 1247 1240 1247 1241 1240 1247 1248 1241 1248 1242 1241 1248 1243 1242 1249 1243 1248 1249 1250 1243 1250 1244 1243 1245 1244 1251 1244 1250 1251 1252 1246 1245 1251 1252 1245 1252 1253 1246 1253 1247 1246 1253 1254 1247 1254 1248 1247 1254 1249 1248 1255 1249 1254 1255 1256 1249 1256 1250 1249 1250 1256 1257 1251 1250 1257 1258 1252 1251 1257 1258 1251 1258 1259 1252 1259 1253 1252 1259 1260 1253 1260 1254 1253 1260 1255 1254 1261 1255 1260 1261 1262 1255 1262 1256 1255 1257 1256 1263 1256 1262 1263 1264 1258 1257 1263 1264 1257 1264 1265 1258 1265 1259 1258 1265 1266 1259 1266 1260 1259 1266 1261 1260 1267 1261 1266 1267 1268 1261 1268 1262 1261 1263 1262 1269 1262 1268 1269 1270 1264 1263 1269 1270 1263 1271 1265 1264 1270 1271 1264 1271 1272 1265 1272 1266 1265 1272 1267 1266 1273 1267 1272 1273 1274 1267 1274 1268 1267 1269 1268 1275 1268 1274 1275 1276 1270 1269 1275 1276 1269 1277 1271 1270 1276 1277 1270 1277 1278 1271 1278 1272 1271 1278 1273 1272 1279 1273 1278 1279 1280 1273 1280 1274 1273 1274 1280 1281 1275 1274 1281 1282 1276 1275 1281 1282 1275 1283 1277 1276 1282 1283 1276 1284 1278 1277 1283 1284 1277 1284 1279 1278 1285 1279 1284 1285 1286 1279 1286 1280 1279 1281 1280 1287 1280 1286 1287 1288 1282 1281 1287 1288 1281 1289 1283 1282 1288 1289 1282 1290 1284 1283 1289 1290 1283 1290 1285 1284 1291 1285 1290 1291 1292 1285 1292 1286 1285 1286 1292 1293 1287 1286 1293 1293 1294 1287 1294 1288 1287 1294 1295 1288 1295 1289 1288 1296 1290 1289 1295 1296 1289 1296 1291 1290 1297 1298 1291 1297 1291 1296 1298 1292 1291 1292 1298 1299 1293 1292 1299 1299 1300 1293 1300 1294 1293 1300 1301 1294 1301 1295 1294 1301 1302 1295 1302 1296 1295 1302 1297 1296 1298 1297 1302 1301 1298 1302 1298 1301 1300 1299 1298 1300 1303 1304 1305 1304 1303 1306 1303 1307 1306 1303 1305 1308 1303 1308 1307 1305 1304 1309 1304 1310 1309 1310 1304 1306 1305 1309 1308 1310 1306 1311 1311 1306 1312 1306 1307 1312 1307 1313 1312 1308 1313 1307 1314 1313 1308 1308 1309 1314 1309 1310 1315 1309 1315 1314 1310 1311 1316 1310 1316 1315 1311 1312 1317 1311 1317 1316 1312 1318 1317 1312 1313 1318 1314 1319 1313 1313 1319 1318 1314 1315 1320 1319 1314 1321 1314 1320 1321 1315 1316 1322 1315 1322 1320 1316 1317 1323 1316 1323 1322 1317 1318 1324 1317 1324 1323 1318 1325 1324 1318 1319 1325 1319 1321 1325 1320 1322 1326 1321 1320 1327 1320 1326 1327 1325 1321 1328 1321 1327 1328 1322 1329 1326 1322 1323 1329 1323 1324 1330 1323 1330 1329 1324 1331 1330 1324 1325 1331 1325 1328 1331 1326 1329 1332 1326 1332 1333 1327 1326 1333 1327 1333 1334 1328 1327 1334 1331 1328 1335 1328 1334 1335 1329 1336 1332 1329 1330 1336 1330 1337 1336 1330 1331 1337 1331 1335 1337 1333 1332 1338 1332 1336 1339 1332 1339 1338 1334 1333 1340 1333 1338 1340 1335 1334 1341 1334 1340 1341 1337 1335 1342 1335 1341 1342 1336 1337 1343 1336 1343 1339 1337 1342 1343 1338 1339 1344 1340 1338 1345 1338 1344 1345 1339 1343 1346 1339 1346 1344 1341 1340 1347 1340 1345 1347 1342 1341 1348 1341 1347 1348 1343 1342 1349 1342 1348 1349 1343 1349 1346 1344 1346 1350 1345 1344 1351 1344 1350 1351 1347 1345 1352 1345 1351 1352 1346 1349 1353 1346 1353 1350 1348 1347 1354 1347 1352 1354 1349 1348 1355 1348 1354 1355 1349 1355 1353 1350 1353 1356 1351 1350 1357 1350 1356 1357 1352 1351 1358 1351 1357 1358 1354 1352 1359 1352 1358 1359 1353 1360 1356 1353 1355 1360 1355 1354 1361 1354 1359 1361 1355 1361 1360 1357 1356 1362 1356 1360 1363 1356 1363 1362 1357 1362 1364 1358 1357 1364 1359 1358 1365 1358 1364 1365 1361 1359 1366 1359 1365 1366 1360 1367 1363 1360 1361 1367 1361 1366 1367 1362 1363 1368 1364 1362 1369 1362 1368 1369 1363 1367 1370 1363 1370 1368 1365 1364 1371 1364 1369 1371 1366 1365 1372 1365 1371 1372 1367 1366 1373 1366 1372 1373 1367 1373 1370 1369 1368 1374 1368 1375 1374 1368 1370 1375 1369 1374 1376 1371 1369 1376 1370 1373 1377 1370 1377 1375 1371 1376 1378 1372 1371 1378 1373 1372 1379 1372 1378 1379 1373 1379 1377 1374 1375 1380 1374 1380 1381 1376 1374 1381 1375 1382 1380 1375 1377 1382 1376 1381 1383 1378 1376 1383 1377 1384 1382 1377 1379 1384 1378 1383 1385 1379 1378 1385 1379 1385 1384 1381 1380 1386 1380 1387 1386 1380 1382 1387 1381 1386 1388 1383 1381 1388 1382 1389 1387 1382 1384 1389 1383 1388 1390 1385 1383 1390 1384 1391 1389 1384 1385 1391 1385 1390 1391 1386 1392 1393 1388 1386 1393 1386 1387 1392 1387 1394 1392 1395 1394 1387 1387 1389 1395 1388 1393 1396 1390 1388 1396 1389 1391 1395 1390 1396 1397 1391 1390 1397 1391 1397 1395 1393 1392 1394 1396 1393 1394 1396 1394 1397 1394 1395 1397 1398 1399 1400 1401 1398 1400 1398 1402 1399 1398 1401 1402 1400 1399 1403 1403 1399 1404 1399 1402 1404 1400 1403 1405 1400 1406 1401 1400 1405 1406 1406 1407 1401 1401 1407 1402 1404 1402 1408 1402 1409 1408 1402 1407 1409 1403 1404 1410 1403 1410 1405 1410 1404 1411 1404 1408 1411 1405 1410 1412 1406 1405 1413 1405 1412 1413 1407 1406 1414 1406 1413 1414 1407 1414 1409 1411 1408 1415 1408 1416 1415 1408 1409 1416 1409 1417 1416 1409 1414 1417 1410 1411 1412 1411 1415 1418 1412 1411 1418 1413 1412 1419 1412 1418 1419 1414 1413 1420 1413 1419 1420 1414 1420 1417 1415 1416 1421 1415 1421 1422 1418 1415 1422 1416 1417 1423 1416 1423 1421 1417 1420 1424 1417 1424 1423 1419 1418 1425 1418 1422 1425 1420 1419 1426 1419 1425 1426 1420 1426 1424 1422 1421 1427 1421 1423 1428 1421 1428 1427 1425 1422 1429 1422 1427 1429 1423 1424 1430 1423 1430 1428 1424 1426 1431 1424 1431 1430 1425 1429 1432 1426 1425 1432 1426 1432 1431 1429 1427 1433 1427 1434 1433 1427 1428 1434 1428 1435 1434 1428 1430 1435 1432 1429 1436 1429 1433 1436 1430 1437 1435 1430 1431 1437 1431 1432 1438 1431 1438 1437 1432 1436 1438 1436 1433 1439 1433 1434 1440 1433 1440 1439 1434 1435 1441 1434 1441 1440 1435 1437 1442 1435 1442 1441 1438 1436 1443 1436 1439 1443 1437 1438 1444 1437 1444 1442 1438 1443 1444 1439 1440 1445 1439 1445 1446 1443 1439 1446 1440 1441 1447 1440 1447 1445 1441 1442 1448 1441 1448 1447 1442 1449 1448 1442 1444 1449 1443 1446 1450 1444 1443 1450 1444 1450 1449 1446 1445 1451 1445 1452 1451 1445 1447 1452 1446 1451 1453 1450 1446 1453 1447 1448 1454 1447 1454 1452 1448 1455 1454 1448 1449 1455 1449 1450 1456 1449 1456 1455 1450 1453 1456 1451 1452 1457 1451 1457 1458 1453 1451 1458 1452 1459 1457 1452 1454 1459 1456 1453 1460 1453 1458 1460 1454 1455 1461 1454 1461 1459 1455 1462 1461 1455 1456 1462 1456 1460 1462 1458 1457 1463 1457 1464 1463 1457 1459 1464 1458 1463 1465 1460 1458 1465 1459 1466 1464 1459 1461 1466 1460 1465 1467 1462 1460 1467 1461 1468 1466 1461 1462 1468 1462 1467 1468 1463 1469 1470 1463 1464 1469 1465 1463 1470 1464 1471 1469 1464 1466 1471 1465 1470 1472 1467 1465 1472 1466 1473 1471 1466 1468 1473 1467 1472 1474 1468 1467 1474 1468 1474 1473 1469 1475 1476 1470 1469 1476 1469 1471 1475 1470 1476 1477 1472 1470 1477 1471 1478 1475 1471 1473 1478 1472 1477 1479 1474 1472 1479 1473 1474 1480 1473 1480 1478 1474 1479 1480 1475 1481 1482 1476 1475 1482 1475 1478 1481 1476 1482 1483 1477 1476 1483 1477 1483 1484 1479 1477 1484 1478 1480 1485 1478 1485 1481 1484 1485 1479 1479 1485 1480 1482 1481 1486 1481 1485 1487 1481 1487 1486 1482 1486 1488 1483 1482 1488 1483 1488 1489 1484 1483 1489 1484 1489 1490 1484 1490 1485 1485 1490 1491 1485 1491 1487 1488 1486 1487 1491 1488 1487 1491 1489 1488 1491 1490 1489 1492 1493 1494 1495 1493 1492 1496 1492 1494 1496 1497 1492 1495 1492 1498 1492 1497 1498 1494 1493 1499 1500 1499 1493 1501 1500 1493 1498 1493 1495 1498 1501 1493 1494 1499 1496 1499 1502 1496 1503 1496 1502 1504 1497 1496 1503 1504 1496 1504 1505 1497 1505 1498 1497 1506 1501 1498 1505 1506 1498 1507 1502 1499 1507 1499 1500 1501 1507 1500 1508 1507 1501 1506 1508 1501 1509 1503 1502 1509 1502 1507 1510 1504 1503 1511 1503 1509 1511 1510 1503 1510 1512 1504 1512 1505 1504 1513 1506 1505 1512 1513 1505 1514 1508 1506 1513 1514 1506 1508 1509 1507 1515 1509 1508 1514 1515 1508 1515 1511 1509 1516 1512 1510 1517 1510 1511 1517 1516 1510 1518 1511 1515 1518 1517 1511 1519 1513 1512 1516 1519 1512 1520 1514 1513 1519 1520 1513 1521 1515 1514 1520 1521 1514 1521 1518 1515 1522 1519 1516 1523 1522 1516 1523 1516 1517 1524 1523 1517 1524 1517 1518 1525 1518 1521 1525 1524 1518 1526 1520 1519 1522 1526 1519 1527 1521 1520 1526 1527 1520 1527 1525 1521 1528 1522 1523 1528 1529 1522 1529 1526 1522 1530 1528 1523 1530 1523 1524 1531 1524 1525 1531 1530 1524 1532 1531 1525 1532 1525 1527 1529 1533 1526 1533 1527 1526 1533 1532 1527 1534 1529 1528 1535 1534 1528 1535 1528 1530 1536 1533 1529 1534 1536 1529 1537 1530 1531 1537 1535 1530 1538 1537 1531 1538 1531 1532 1539 1538 1532 1539 1532 1533 1536 1539 1533 1540 1536 1534 1541 1534 1535 1541 1540 1534 1542 1541 1535 1542 1535 1537 1540 1543 1536 1543 1539 1536 1544 1542 1537 1544 1537 1538 1545 1544 1538 1545 1538 1539 1543 1545 1539 1546 1543 1540 1547 1540 1541 1547 1546 1540 1548 1547 1541 1548 1541 1542 1549 1548 1542 1549 1542 1544 1546 1550 1543 1550 1545 1543 1551 1549 1544 1551 1544 1545 1550 1551 1545 1552 1550 1546 1553 1546 1547 1553 1552 1546 1554 1553 1547 1554 1547 1548 1555 1554 1548 1555 1548 1549 1556 1549 1551 1556 1555 1549 1552 1557 1550 1557 1551 1550 1557 1556 1551 1558 1552 1553 1558 1559 1552 1559 1557 1552 1560 1558 1553 1560 1553 1554 1555 1561 1554 1561 1560 1554 1555 1556 1562 1562 1561 1555 1563 1562 1556 1563 1556 1557 1559 1563 1557 1564 1559 1558 1565 1558 1560 1565 1564 1558 1566 1563 1559 1564 1566 1559 1561 1567 1560 1567 1565 1560 1568 1567 1561 1568 1561 1562 1569 1568 1562 1569 1562 1563 1566 1569 1563 1570 1564 1565 1571 1566 1564 1570 1571 1564 1572 1570 1565 1572 1565 1567 1573 1569 1566 1571 1573 1566 1574 1572 1567 1574 1567 1568 1575 1574 1568 1575 1568 1569 1573 1575 1569 1576 1571 1570 1577 1576 1570 1577 1570 1572 1576 1578 1571 1578 1573 1571 1579 1577 1572 1579 1572 1574 1578 1580 1573 1580 1575 1573 1581 1579 1574 1581 1574 1575 1580 1581 1575 1582 1583 1576 1582 1576 1577 1583 1578 1576 1584 1582 1577 1584 1577 1579 1583 1585 1578 1585 1580 1578 1586 1584 1579 1586 1579 1581 1585 1587 1580 1587 1581 1580 1587 1586 1581 1582 1584 1583 1583 1584 1585 1585 1584 1587 1587 1584 1586 1588 1589 1590 1589 1588 1591 1592 1588 1590 1592 1591 1588 1593 1594 1589 1594 1590 1589 1595 1589 1591 1595 1596 1589 1596 1593 1589 1590 1594 1597 1597 1592 1590 1598 1591 1592 1599 1595 1591 1598 1599 1591 1600 1598 1592 1592 1597 1601 1592 1601 1600 1593 1596 1594 1594 1596 1597 1599 1602 1595 1602 1596 1595 1602 1603 1596 1603 1597 1596 1601 1597 1603 1604 1599 1598 1605 1598 1600 1605 1604 1598 1604 1606 1599 1606 1602 1599 1607 1600 1601 1607 1605 1600 1608 1601 1603 1608 1607 1601 1606 1609 1602 1609 1603 1602 1609 1608 1603 1610 1606 1604 1611 1610 1604 1611 1604 1605 1612 1605 1607 1612 1611 1605 1610 1613 1606 1613 1609 1606 1614 1607 1608 1614 1612 1607 1615 1608 1609 1615 1614 1608 1613 1615 1609 1616 1610 1611 1617 1613 1610 1616 1617 1610 1618 1616 1611 1618 1611 1612 1619 1612 1614 1619 1618 1612 1617 1620 1613 1620 1615 1613 1621 1614 1615 1621 1619 1614 1620 1621 1615 1622 1617 1616 1623 1622 1616 1623 1616 1618 1622 1624 1617 1624 1620 1617 1625 1618 1619 1625 1623 1618 1626 1619 1621 1626 1625 1619 1627 1621 1620 1624 1627 1620 1627 1626 1621 1628 1622 1623 1628 1629 1622 1629 1624 1622 1630 1623 1625 1630 1628 1623 1631 1627 1624 1629 1631 1624 1632 1630 1625 1632 1625 1626 1633 1632 1626 1633 1626 1627 1631 1633 1627 1634 1629 1628 1635 1628 1630 1635 1634 1628 1636 1631 1629 1634 1636 1629 1637 1630 1632 1637 1635 1630 1636 1638 1631 1638 1633 1631 1639 1637 1632 1639 1632 1633 1638 1639 1633 1640 1634 1635 1640 1641 1634 1641 1636 1634 1642 1635 1637 1642 1640 1635 1643 1638 1636 1641 1643 1636 1644 1637 1639 1644 1642 1637 1645 1639 1638 1643 1645 1638 1645 1644 1639 1646 1641 1640 1647 1646 1640 1647 1640 1642 1646 1648 1641 1648 1643 1641 1649 1642 1644 1649 1647 1642 1650 1645 1643 1648 1650 1643 1651 1649 1644 1651 1644 1645 1650 1651 1645 1652 1646 1647 1652 1653 1646 1653 1648 1646 1654 1652 1647 1654 1647 1649 1653 1655 1648 1655 1650 1648 1656 1649 1651 1656 1654 1649 1657 1651 1650 1655 1657 1650 1657 1656 1651 1658 1659 1652 1659 1653 1652 1658 1652 1654 1659 1660 1653 1660 1655 1653 1661 1658 1654 1661 1654 1656 1660 1662 1655 1662 1657 1655 1663 1661 1656 1663 1656 1657 1662 1663 1657 1664 1665 1658 1665 1659 1658 1664 1658 1661 1665 1666 1659 1666 1660 1659 1666 1667 1660 1667 1662 1660 1668 1664 1661 1668 1661 1663 1667 1669 1662 1669 1663 1662 1669 1668 1663 1670 1671 1664 1671 1665 1664 1670 1664 1668 1671 1672 1665 1672 1666 1665 1672 1673 1666 1673 1667 1666 1673 1674 1667 1674 1669 1667 1675 1670 1668 1675 1668 1669 1674 1675 1669 1676 1677 1670 1677 1671 1670 1676 1670 1675 1677 1678 1671 1678 1672 1671 1678 1679 1672 1679 1673 1672 1679 1680 1673 1680 1674 1673 1680 1681 1674 1681 1675 1674 1681 1676 1675 1677 1676 1678 1676 1681 1678 1680 1679 1678 1681 1680 1678 1682 1683 1684 1685 1682 1684 1683 1682 1686 1682 1687 1686 1682 1685 1687 1683 1686 1688 1684 1683 1688 1689 1690 1684 1690 1685 1684 1684 1688 1691 1689 1684 1691 1685 1690 1692 1685 1692 1687 1688 1686 1693 1686 1694 1693 1686 1687 1694 1687 1695 1694 1687 1692 1695 1688 1693 1696 1691 1688 1696 1689 1691 1697 1690 1689 1697 1690 1697 1692 1691 1696 1698 1697 1691 1698 1692 1697 1699 1692 1699 1695 1696 1693 1700 1693 1701 1700 1693 1694 1701 1694 1702 1701 1694 1695 1702 1695 1703 1702 1695 1699 1703 1696 1700 1704 1698 1696 1704 1697 1698 1699 1698 1704 1705 1699 1698 1705 1699 1705 1703 1700 1701 1706 1700 1706 1707 1704 1700 1707 1701 1708 1706 1701 1702 1708 1702 1709 1708 1702 1703 1709 1703 1710 1709 1703 1705 1710 1704 1707 1711 1705 1704 1711 1705 1711 1710 1707 1706 1712 1706 1708 1713 1706 1713 1712 1711 1707 1714 1707 1712 1714 1708 1715 1713 1708 1709 1715 1709 1710 1716 1709 1716 1715 1710 1717 1716 1710 1711 1717 1711 1714 1717 1714 1712 1718 1712 1713 1719 1712 1719 1718 1713 1715 1720 1713 1720 1719 1717 1714 1721 1714 1718 1721 1715 1722 1720 1715 1716 1722 1716 1723 1722 1716 1717 1723 1717 1721 1723 1718 1719 1724 1721 1718 1725 1718 1724 1725 1719 1726 1724 1719 1720 1726 1720 1722 1727 1720 1727 1726 1723 1721 1728 1721 1725 1728 1722 1729 1727 1722 1723 1729 1723 1728 1729 1725 1724 1730 1724 1726 1731 1724 1731 1730 1728 1725 1732 1725 1730 1732 1726 1733 1731 1726 1727 1733 1727 1734 1733 1727 1729 1734 1729 1728 1735 1728 1732 1735 1729 1735 1734 1730 1731 1736 1730 1736 1737 1732 1730 1737 1731 1733 1738 1731 1738 1736 1735 1732 1739 1732 1737 1739 1733 1740 1738 1733 1734 1740 1734 1741 1740 1734 1735 1741 1735 1739 1741 1737 1736 1742 1736 1743 1742 1736 1738 1743 1739 1737 1744 1737 1742 1744 1738 1745 1743 1738 1740 1745 1739 1744 1746 1741 1739 1746 1740 1747 1745 1740 1741 1747 1741 1746 1747 1742 1748 1749 1742 1743 1748 1744 1742 1749 1743 1750 1748 1743 1745 1750 1744 1749 1751 1746 1744 1751 1745 1752 1750 1745 1747 1752 1746 1751 1753 1747 1746 1753 1747 1753 1752 1748 1754 1755 1749 1748 1755 1748 1750 1754 1749 1755 1756 1751 1749 1756 1750 1757 1754 1750 1752 1757 1751 1756 1758 1753 1751 1758 1752 1759 1757 1752 1753 1759 1753 1758 1759 1754 1760 1761 1755 1754 1761 1754 1757 1760 1755 1761 1762 1756 1755 1762 1756 1762 1763 1758 1756 1763 1757 1764 1760 1757 1759 1764 1758 1763 1765 1759 1758 1765 1759 1765 1764 1761 1760 1766 1760 1767 1766 1760 1764 1767 1761 1766 1768 1762 1761 1768 1762 1768 1769 1763 1762 1769 1763 1769 1770 1765 1763 1770 1764 1771 1767 1764 1765 1771 1765 1770 1771 1766 1772 1773 1768 1766 1773 1766 1767 1772 1767 1774 1772 1767 1771 1774 1768 1773 1775 1769 1768 1775 1769 1775 1776 1770 1769 1776 1770 1776 1777 1771 1770 1777 1771 1777 1774 1772 1774 1773 1775 1773 1776 1773 1777 1776 1774 1777 1773 1778 1779 1780 1781 1779 1778 1782 1778 1780 1782 1781 1778 1779 1783 1780 1784 1783 1779 1781 1784 1779 1785 1786 1780 1783 1785 1780 1787 1780 1786 1787 1782 1780 1788 1784 1781 1789 1788 1781 1789 1781 1782 1790 1782 1787 1790 1789 1782 1784 1791 1783 1791 1785 1783 1788 1791 1784 1792 1786 1785 1791 1792 1785 1792 1787 1786 1793 1787 1792 1787 1793 1790 1788 1794 1791 1788 1795 1794 1795 1788 1789 1796 1789 1790 1796 1795 1789 1797 1790 1793 1797 1796 1790 1794 1792 1791 1794 1793 1792 1798 1793 1794 1798 1797 1793 1799 1798 1794 1795 1799 1794 1800 1795 1796 1800 1801 1795 1801 1799 1795 1802 1796 1797 1802 1800 1796 1803 1797 1798 1803 1802 1797 1804 1798 1799 1804 1803 1798 1801 1804 1799 1805 1800 1802 1805 1806 1800 1800 1806 1807 1800 1807 1801 1808 1804 1801 1807 1808 1801 1809 1802 1803 1809 1805 1802 1810 1803 1804 1810 1809 1803 1808 1810 1804 1811 1805 1809 1812 1806 1805 1811 1812 1805 1813 1807 1806 1812 1813 1806 1814 1808 1807 1813 1814 1807 1815 1810 1808 1814 1815 1808 1816 1809 1810 1816 1811 1809 1815 1816 1810 1817 1811 1816 1817 1818 1811 1818 1812 1811 1819 1813 1812 1818 1819 1812 1820 1814 1813 1819 1820 1813 1821 1815 1814 1820 1821 1814 1822 1816 1815 1821 1822 1815 1822 1817 1816 1823 1817 1822 1824 1818 1817 1823 1824 1817 1825 1819 1818 1824 1825 1818 1826 1820 1819 1825 1826 1819 1827 1821 1820 1826 1827 1820 1828 1822 1821 1827 1828 1821 1828 1823 1822 1829 1824 1823 1830 1823 1828 1830 1829 1823 1831 1825 1824 1829 1831 1824 1832 1826 1825 1831 1832 1825 1833 1827 1826 1832 1833 1826 1834 1828 1827 1833 1834 1827 1834 1830 1828 1835 1829 1830 1835 1836 1829 1836 1831 1829 1837 1835 1830 1837 1830 1834 1836 1838 1831 1838 1832 1831 1838 1839 1832 1839 1833 1832 1840 1834 1833 1839 1840 1833 1840 1837 1834 1841 1842 1835 1842 1836 1835 1841 1835 1837 1842 1843 1836 1843 1838 1836 1844 1841 1837 1844 1837 1840 1843 1845 1838 1845 1839 1838 1845 1846 1839 1846 1840 1839 1846 1844 1840 1847 1842 1841 1848 1847 1841 1848 1841 1844 1847 1849 1842 1849 1843 1842 1849 1850 1843 1850 1845 1843 1851 1848 1844 1851 1844 1846 1850 1852 1845 1852 1846 1845 1852 1851 1846 1853 1854 1847 1854 1849 1847 1853 1847 1848 1855 1853 1848 1855 1848 1851 1854 1856 1849 1856 1850 1849 1856 1857 1850 1857 1852 1850 1858 1855 1851 1858 1851 1852 1857 1858 1852 1859 1860 1853 1860 1854 1853 1859 1853 1855 1860 1861 1854 1861 1856 1854 1862 1859 1855 1862 1855 1858 1861 1863 1856 1863 1857 1856 1864 1858 1857 1863 1864 1857 1864 1862 1858 1865 1860 1859 1866 1865 1859 1866 1859 1862 1865 1867 1860 1867 1861 1860 1867 1868 1861 1868 1863 1861 1869 1866 1862 1869 1862 1864 1870 1864 1863 1868 1870 1863 1870 1869 1864 1865 1866 1870 1868 1865 1870 1867 1865 1868 1866 1869 1870 1871 1872 1873 1874 1871 1873 1875 1872 1871 1874 1875 1871 1872 1876 1873 1877 1876 1872 1875 1877 1872 1878 1879 1873 1876 1878 1873 1880 1873 1879 1880 1874 1873 1881 1874 1880 1882 1875 1874 1881 1882 1874 1883 1877 1875 1882 1883 1875 1877 1884 1876 1884 1878 1876 1885 1884 1877 1883 1885 1877 1886 1879 1878 1884 1886 1878 1886 1880 1879 1887 1881 1880 1887 1880 1886 1888 1882 1881 1889 1888 1881 1889 1881 1887 1890 1883 1882 1888 1890 1882 1891 1885 1883 1890 1891 1883 1892 1886 1884 1885 1892 1884 1893 1892 1885 1891 1893 1885 1892 1887 1886 1894 1887 1892 1894 1889 1887 1895 1890 1888 1896 1895 1888 1896 1888 1889 1897 1889 1894 1897 1896 1889 1895 1898 1890 1898 1891 1890 1898 1899 1891 1899 1893 1891 1893 1894 1892 1900 1894 1893 1899 1900 1893 1900 1897 1894 1901 1898 1895 1902 1895 1896 1902 1901 1895 1903 1896 1897 1903 1902 1896 1904 1903 1897 1904 1897 1900 1901 1905 1898 1905 1899 1898 1906 1900 1899 1905 1906 1899 1906 1904 1900 1907 1905 1901 1908 1907 1901 1908 1901 1902 1909 1902 1903 1909 1908 1902 1910 1903 1904 1910 1909 1903 1911 1904 1906 1911 1910 1904 1907 1912 1905 1912 1906 1905 1912 1911 1906 1913 1907 1908 1913 1914 1907 1914 1912 1907 1915 1908 1909 1915 1913 1908 1916 1915 1909 1916 1909 1910 1917 1916 1910 1917 1910 1911 1918 1911 1912 1918 1917 1911 1914 1918 1912 1919 1914 1913 1920 1913 1915 1920 1919 1913 1919 1921 1914 1921 1918 1914 1922 1920 1915 1922 1915 1916 1923 1922 1916 1923 1916 1917 1924 1917 1918 1924 1923 1917 1921 1924 1918 1925 1919 1920 1925 1926 1919 1926 1921 1919 1927 1920 1922 1927 1925 1920 1926 1928 1921 1928 1924 1921 1929 1927 1922 1929 1922 1923 1930 1929 1923 1930 1923 1924 1928 1930 1924 1931 1926 1925 1932 1931 1925 1932 1925 1927 1931 1933 1926 1933 1928 1926 1934 1927 1929 1934 1932 1927 1935 1930 1928 1933 1935 1928 1936 1934 1929 1936 1929 1930 1935 1936 1930 1937 1931 1932 1937 1938 1931 1938 1933 1931 1939 1937 1932 1939 1932 1934 1938 1940 1933 1940 1935 1933 1941 1939 1934 1941 1934 1936 1942 1936 1935 1940 1942 1935 1942 1941 1936 1943 1944 1937 1944 1938 1937 1943 1937 1939 1944 1945 1938 1945 1940 1938 1946 1943 1939 1946 1939 1941 1945 1947 1940 1947 1942 1940 1948 1946 1941 1948 1941 1942 1947 1948 1942 1949 1944 1943 1950 1949 1943 1950 1943 1946 1949 1951 1944 1951 1945 1944 1951 1952 1945 1952 1947 1945 1953 1950 1946 1953 1946 1948 1952 1954 1947 1954 1948 1947 1954 1953 1948 1955 1956 1949 1956 1951 1949 1955 1949 1950 1957 1955 1950 1957 1950 1953 1956 1958 1951 1958 1952 1951 1958 1959 1952 1959 1954 1952 1960 1957 1953 1960 1953 1954 1959 1960 1954 1961 1956 1955 1962 1961 1955 1962 1955 1957 1961 1963 1956 1963 1958 1956 1964 1962 1957 1964 1957 1960 1963 1965 1958 1965 1959 1958 1965 1966 1959 1966 1960 1959 1966 1964 1960 1965 1963 1961 1965 1961 1962 1962 1964 1965 1964 1966 1965 1967 1968 1969 1967 1969 1970 1968 1967 1971 1967 1970 1971 1968 1972 1969 1972 1968 1973 1968 1971 1973 1969 1972 1974 1969 1974 1970 1970 1974 1975 1971 1970 1976 1970 1975 1976 1973 1971 1977 1971 1976 1977 1972 1973 1974 1974 1973 1978 1973 1977 1978 1974 1978 1975 1975 1978 1979 1976 1975 1980 1975 1979 1980 1977 1976 1981 1976 1980 1981 1978 1977 1982 1977 1981 1982 1978 1982 1979 1979 1982 1983 1980 1979 1984 1979 1983 1984 1981 1980 1985 1980 1984 1985 1982 1981 1986 1981 1985 1986 1982 1986 1983 1983 1986 1987 1984 1983 1988 1983 1987 1988 1985 1984 1989 1984 1988 1989 1986 1985 1990 1985 1989 1990 1986 1990 1987 1987 1990 1991 1988 1987 1992 1987 1991 1992 1988 1992 1993 1989 1988 1993 1990 1989 1994 1989 1993 1994 1990 1994 1991 1991 1994 1995 1991 1995 1996 1992 1991 1996 1992 1996 1997 1993 1992 1997 1994 1993 1998 1993 1997 1998 1994 1998 1995 1995 1998 1999 1995 1999 2000 1996 1995 2000 1996 2000 2001 1997 1996 2001 1998 1997 2002 1997 2001 2002 1998 2002 1999 1999 2002 2003 1999 2003 2004 2000 1999 2004 2001 2000 2005 2000 2004 2005 2002 2001 2006 2001 2005 2006 2002 2006 2003 2003 2006 2007 2004 2003 2008 2003 2007 2008 2005 2004 2009 2004 2008 2009 2006 2005 2010 2005 2009 2010 2006 2010 2007 2008 2007 2011 2007 2012 2011 2007 2010 2012 2009 2008 2013 2008 2011 2013 2010 2009 2014 2009 2013 2014 2010 2014 2012 2013 2011 2015 2011 2012 2016 2011 2016 2015 2012 2014 2017 2012 2017 2016 2014 2013 2018 2013 2015 2018 2014 2018 2017 2018 2015 2019 2015 2020 2019 2015 2016 2020 2016 2017 2021 2016 2021 2020 2017 2018 2022 2017 2022 2021 2018 2019 2022 2022 2019 2023 2019 2024 2023 2019 2020 2024 2025 2024 2020 2020 2021 2025 2021 2026 2025 2021 2022 2026 2022 2023 2026 2023 2024 2027 2023 2027 2028 2026 2023 2028 2024 2025 2029 2024 2029 2027 2025 2026 2029 2026 2028 2029 2029 2028 2027 2030 2031 2032 2033 2030 2034 2033 2035 2030 2035 2031 2030 2034 2030 2036 2030 2032 2036 2037 2038 2031 2031 2038 2039 2031 2039 2032 2035 2037 2031 2032 2040 2036 2032 2039 2040 2033 2041 2042 2033 2043 2041 2035 2033 2042 2044 2033 2034 2044 2043 2033 2034 2045 2044 2034 2046 2045 2034 2036 2046 2035 2042 2047 2048 2035 2047 2035 2049 2037 2035 2048 2049 2050 2051 2036 2050 2036 2040 2051 2046 2036 2037 2049 2038 2052 2038 2049 2052 2053 2038 2039 2038 2053 2040 2039 2054 2039 2053 2054 2055 2040 2054 2055 2050 2040 2056 2041 2057 2056 2058 2041 2058 2042 2041 2041 2059 2057 2041 2043 2059 2060 2047 2042 2058 2060 2042 2061 2043 2062 2061 2059 2043 2062 2043 2044 2063 2044 2064 2063 2062 2044 2064 2044 2065 2044 2045 2065 2065 2045 2066 2051 2045 2046 2051 2067 2045 2055 2045 2067 2055 2066 2045 2068 2057 2047 2060 2068 2047 2069 2047 2057 2069 2048 2047 2069 2052 2048 2052 2049 2048 2050 2070 2071 2050 2055 2070 2051 2050 2071 2051 2071 2072 2067 2051 2072 2069 2073 2052 2074 2052 2073 2074 2053 2052 2075 2053 2074 2075 2054 2053 2055 2054 2075 2055 2076 2070 2055 2067 2076 2055 2077 2066 2055 2075 2077 2056 2068 2078 2078 2079 2056 2068 2056 2057 2079 2058 2056 2059 2069 2057 2079 2080 2058 2080 2060 2058 2081 2059 2061 2081 2069 2059 2082 2068 2060 2080 2082 2060 2083 2061 2084 2083 2081 2061 2084 2061 2062 2084 2062 2063 2084 2063 2085 2086 2063 2087 2086 2085 2063 2087 2063 2064 2088 2064 2089 2088 2087 2064 2089 2064 2090 2064 2091 2090 2064 2065 2091 2091 2065 2092 2065 2066 2092 2092 2066 2077 2067 2072 2076 2082 2078 2068 2093 2069 2081 2074 2069 2093 2074 2073 2069 2070 2076 2094 2070 2094 2095 2071 2070 2095 2072 2071 2096 2071 2095 2096 2076 2072 2097 2072 2096 2097 2093 2075 2074 2093 2077 2075 2076 2097 2094 2098 2077 2093 2092 2077 2098 2079 2078 2099 2100 2078 2082 2100 2099 2078 2099 2101 2079 2101 2080 2079 2101 2102 2080 2102 2082 2080 2103 2081 2083 2103 2093 2081 2102 2100 2082 2104 2083 2085 2083 2084 2085 2104 2103 2083 2104 2085 2105 2106 2105 2085 2107 2085 2086 2107 2106 2085 2108 2086 2109 2108 2107 2086 2109 2086 2087 2109 2087 2088 2110 2109 2088 2111 2088 2112 2111 2110 2088 2112 2088 2089 2112 2089 2113 2113 2089 2114 2089 2090 2114 2090 2115 2116 2114 2090 2116 2090 2117 2115 2090 2091 2117 2117 2091 2118 2091 2092 2118 2118 2092 2098 2119 2093 2103 2119 2098 2093 2095 2094 2120 2094 2121 2120 2094 2097 2121 2095 2120 2122 2096 2095 2122 2096 2122 2123 2097 2096 2123 2097 2123 2121 2118 2098 2119 2101 2099 2124 2125 2099 2100 2125 2124 2099 2126 2100 2102 2126 2125 2100 2124 2127 2101 2127 2102 2101 2127 2126 2102 2128 2103 2104 2129 2103 2128 2129 2130 2103 2119 2103 2130 2131 2104 2105 2131 2132 2104 2128 2104 2132 2131 2105 2109 2133 2109 2105 2106 2133 2105 2134 2133 2106 2135 2106 2107 2135 2134 2106 2136 2107 2108 2136 2135 2107 2137 2108 2133 2137 2136 2108 2133 2108 2109 2131 2109 2110 2138 2131 2110 2139 2110 2140 2139 2138 2110 2140 2110 2111 2140 2111 2112 2140 2112 2141 2141 2112 2113 2141 2113 2142 2142 2113 2143 2113 2114 2143 2114 2116 2144 2143 2114 2144 2116 2115 2145 2115 2146 2145 2115 2117 2146 2144 2116 2147 2147 2116 2148 2116 2145 2148 2147 2117 2130 2117 2119 2130 2117 2118 2119 2117 2149 2146 2117 2147 2149 2122 2120 2150 2120 2151 2150 2120 2121 2151 2121 2152 2151 2121 2123 2152 2123 2122 2153 2122 2150 2153 2123 2153 2152 2154 2127 2124 2155 2124 2125 2155 2154 2124 2156 2125 2126 2156 2155 2125 2157 2126 2127 2157 2156 2126 2154 2157 2127 2158 2128 2132 2159 2128 2158 2159 2129 2128 2147 2129 2160 2160 2129 2159 2147 2130 2129 2161 2162 2131 2138 2161 2131 2162 2163 2131 2163 2132 2131 2158 2132 2163 2134 2137 2133 2164 2137 2134 2165 2134 2135 2165 2164 2134 2166 2135 2136 2166 2165 2135 2167 2136 2137 2167 2166 2136 2164 2167 2137 2168 2161 2138 2169 2138 2139 2169 2168 2138 2170 2139 2171 2170 2169 2139 2171 2139 2140 2162 2140 2172 2171 2140 2162 2172 2140 2141 2172 2141 2173 2173 2141 2174 2174 2141 2142 2174 2142 2175 2175 2142 2176 2142 2143 2176 2176 2143 2177 2143 2144 2177 2144 2178 2179 2144 2160 2178 2144 2147 2160 2177 2144 2180 2180 2144 2179 2148 2145 2181 2145 2182 2181 2145 2146 2182 2146 2183 2182 2146 2149 2183 2147 2148 2149 2149 2148 2184 2148 2181 2184 2149 2184 2183 2153 2150 2185 2150 2186 2185 2150 2151 2186 2151 2187 2186 2151 2152 2187 2152 2188 2187 2152 2153 2188 2153 2185 2188 2157 2154 2189 2190 2154 2155 2190 2189 2154 2191 2190 2155 2191 2155 2156 2192 2156 2157 2192 2191 2156 2157 2189 2192 2193 2158 2163 2194 2158 2193 2194 2159 2158 2195 2159 2194 2160 2159 2195 2160 2196 2178 2160 2195 2196 2161 2171 2162 2168 2197 2161 2197 2171 2161 2198 2162 2172 2198 2163 2162 2193 2163 2198 2199 2164 2165 2199 2200 2164 2200 2167 2164 2201 2165 2166 2201 2199 2165 2202 2166 2167 2202 2201 2166 2200 2202 2167 2203 2197 2168 2204 2168 2169 2204 2203 2168 2205 2169 2170 2205 2204 2169 2206 2170 2197 2206 2205 2170 2197 2170 2171 2207 2172 2173 2207 2198 2172 2208 2207 2173 2209 2173 2210 2209 2208 2173 2210 2173 2174 2211 2210 2174 2212 2174 2175 2212 2211 2174 2175 2213 2212 2175 2214 2213 2175 2176 2214 2215 2176 2216 2214 2176 2215 2176 2180 2216 2176 2177 2180 2179 2178 2217 2178 2218 2217 2178 2196 2218 2179 2217 2219 2220 2179 2219 2180 2179 2220 2216 2180 2195 2195 2180 2220 2184 2181 2221 2181 2222 2221 2181 2182 2222 2182 2223 2222 2182 2183 2223 2183 2224 2223 2183 2184 2224 2184 2221 2224 2188 2185 2225 2185 2226 2225 2185 2186 2226 2186 2227 2226 2186 2187 2227 2187 2228 2227 2187 2188 2228 2188 2225 2228 2191 2192 2189 2190 2191 2189 2229 2193 2198 2230 2193 2229 2230 2194 2193 2216 2195 2194 2216 2194 2231 2231 2194 2230 2195 2220 2196 2196 2232 2218 2196 2220 2232 2203 2206 2197 2233 2198 2207 2229 2198 2233 2234 2199 2201 2234 2235 2199 2235 2200 2199 2236 2202 2200 2235 2236 2200 2237 2201 2202 2237 2234 2201 2236 2237 2202 2238 2206 2203 2239 2203 2204 2239 2238 2203 2240 2204 2205 2240 2239 2204 2241 2205 2206 2241 2240 2205 2238 2241 2206 2242 2243 2207 2208 2242 2207 2243 2233 2207 2244 2242 2208 2245 2208 2209 2245 2244 2208 2246 2209 2247 2246 2245 2209 2247 2209 2210 2247 2210 2243 2211 2243 2210 2248 2211 2249 2248 2250 2211 2211 2250 2243 2249 2211 2251 2251 2211 2212 2251 2212 2252 2252 2212 2213 2253 2213 2254 2255 2254 2213 2256 2213 2253 2252 2213 2256 2214 2255 2213 2214 2215 2255 2215 2257 2258 2215 2231 2257 2215 2216 2231 2255 2215 2258 2217 2218 2259 2217 2259 2260 2219 2217 2260 2218 2261 2259 2218 2232 2261 2219 2260 2262 2232 2219 2262 2220 2219 2232 2224 2221 2263 2221 2264 2263 2221 2222 2264 2222 2265 2264 2222 2223 2265 2223 2266 2265 2223 2224 2266 2224 2263 2266 2225 2227 2228 2225 2226 2227 2229 2250 2267 2229 2233 2250 2267 2230 2229 2268 2230 2254 2231 2230 2268 2267 2254 2230 2231 2269 2257 2231 2268 2269 2232 2262 2261 2250 2233 2243 2270 2234 2237 2270 2235 2234 2270 2271 2235 2271 2236 2235 2272 2237 2236 2271 2272 2236 2270 2237 2273 2272 2273 2237 2274 2241 2238 2275 2238 2239 2275 2274 2238 2276 2239 2240 2276 2275 2239 2277 2240 2241 2277 2276 2240 2274 2277 2241 2244 2278 2242 2278 2247 2242 2242 2247 2243 2279 2278 2244 2280 2244 2245 2280 2279 2244 2281 2245 2246 2281 2280 2245 2282 2246 2278 2282 2281 2246 2278 2246 2247 2283 2248 2249 2283 2284 2248 2284 2285 2248 2285 2286 2248 2286 2250 2248 2287 2249 2251 2288 2249 2287 2288 2283 2249 2289 2250 2286 2289 2267 2250 2290 2287 2251 2290 2251 2252 2290 2252 2291 2291 2252 2256 2253 2254 2292 2253 2293 2294 2253 2292 2293 2295 2253 2294 2256 2253 2295 2292 2254 2296 2255 2268 2254 2296 2254 2267 2268 2255 2297 2255 2258 2297 2256 2295 2298 2291 2256 2298 2257 2299 2300 2258 2257 2300 2257 2269 2299 2258 2300 2301 2297 2258 2301 2259 2302 2303 2259 2261 2302 2260 2259 2303 2262 2260 2304 2260 2303 2304 2261 2305 2302 2261 2262 2305 2262 2304 2305 2266 2263 2306 2263 2307 2306 2263 2264 2307 2264 2308 2307 2264 2265 2308 2265 2309 2308 2265 2266 2309 2266 2306 2309 2296 2267 2289 2268 2297 2269 2269 2297 2310 2269 2310 2299 2272 2270 2273 2270 2272 2271 2311 2277 2274 2312 2274 2275 2312 2311 2274 2313 2275 2276 2313 2312 2275 2314 2313 2276 2314 2276 2277 2311 2314 2277 2279 2282 2278 2315 2282 2279 2316 2279 2280 2316 2315 2279 2317 2280 2281 2317 2316 2280 2318 2281 2282 2318 2317 2281 2315 2318 2282 2319 2284 2283 2320 2283 2288 2320 2319 2283 2319 2321 2284 2321 2322 2284 2284 2322 2285 2323 2285 2287 2322 2287 2285 2324 2285 2323 2324 2286 2285 2325 2286 2324 2325 2289 2286 2323 2287 2326 2322 2288 2287 2287 2290 2326 2327 2288 2322 2327 2320 2288 2328 2289 2325 2328 2296 2289 2326 2290 2329 2330 2290 2291 2330 2329 2290 2291 2331 2330 2291 2298 2331 2292 2332 2293 2292 2333 2332 2292 2296 2333 2293 2334 2335 2293 2332 2334 2294 2293 2335 2336 2294 2337 2294 2335 2337 2295 2294 2336 2338 2295 2333 2333 2295 2336 2338 2298 2295 2333 2296 2328 2297 2301 2310 2331 2298 2338 2300 2299 2339 2299 2340 2339 2299 2310 2340 2301 2300 2341 2300 2339 2341 2301 2341 2342 2310 2301 2342 2303 2302 2343 2302 2344 2343 2302 2305 2344 2304 2303 2345 2303 2343 2345 2305 2304 2346 2304 2345 2346 2305 2346 2344 2309 2306 2347 2306 2348 2347 2306 2307 2348 2307 2349 2348 2307 2308 2349 2308 2350 2349 2308 2309 2350 2309 2347 2350 2310 2342 2340 2312 2314 2311 2314 2312 2313 2351 2318 2315 2352 2315 2316 2352 2351 2315 2353 2316 2317 2353 2352 2316 2354 2317 2318 2354 2353 2317 2351 2354 2318 2355 2321 2319 2356 2319 2320 2356 2355 2319 2357 2320 2327 2357 2356 2320 2358 2327 2321 2355 2358 2321 2321 2327 2322 2359 2323 2326 2359 2360 2323 2360 2361 2323 2361 2362 2323 2362 2324 2323 2325 2324 2362 2325 2362 2363 2363 2328 2325 2364 2326 2329 2365 2326 2364 2365 2359 2326 2358 2357 2327 2366 2328 2367 2366 2333 2328 2363 2367 2328 2364 2329 2368 2368 2329 2330 2368 2330 2369 2369 2330 2331 2370 2331 2371 2369 2331 2370 2331 2338 2371 2332 2372 2334 2332 2336 2372 2333 2336 2332 2338 2333 2366 2334 2373 2374 2334 2372 2373 2335 2334 2374 2335 2374 2375 2337 2335 2375 2336 2337 2372 2372 2337 2376 2337 2375 2376 2338 2377 2378 2338 2366 2377 2371 2338 2378 2341 2339 2379 2339 2380 2379 2339 2340 2380 2340 2381 2380 2340 2342 2381 2342 2341 2382 2341 2379 2382 2342 2382 2381 2345 2343 2383 2343 2384 2383 2343 2344 2384 2344 2385 2384 2344 2346 2385 2345 2383 2386 2346 2345 2386 2346 2386 2385 2347 2348 2349 2349 2350 2347 2387 2354 2351 2388 2351 2352 2388 2387 2351 2389 2352 2353 2389 2388 2352 2390 2353 2354 2390 2389 2353 2387 2390 2354 2391 2358 2355 2392 2355 2356 2392 2391 2355 2393 2356 2357 2393 2392 2356 2394 2357 2358 2394 2393 2357 2391 2394 2358 2395 2359 2365 2395 2396 2359 2396 2360 2359 2397 2398 2360 2396 2397 2360 2360 2398 2361 2398 2364 2361 2361 2364 2399 2361 2399 2362 2399 2400 2362 2401 2362 2400 2401 2363 2362 2402 2363 2401 2402 2367 2363 2398 2365 2364 2399 2364 2368 2403 2395 2365 2403 2365 2398 2366 2404 2377 2366 2405 2404 2366 2367 2405 2367 2402 2406 2367 2406 2405 2407 2368 2369 2399 2368 2407 2407 2369 2408 2408 2369 2370 2408 2370 2409 2409 2370 2371 2405 2371 2410 2406 2371 2405 2371 2378 2410 2409 2371 2406 2372 2376 2373 2374 2373 2411 2373 2412 2411 2373 2376 2412 2374 2411 2413 2375 2374 2413 2375 2413 2414 2376 2375 2414 2376 2414 2412 2378 2377 2415 2377 2416 2415 2377 2404 2416 2378 2415 2417 2410 2378 2417 2382 2379 2418 2379 2419 2418 2379 2380 2419 2380 2420 2419 2380 2381 2420 2381 2421 2420 2381 2382 2421 2382 2418 2421 2384 2386 2383 2384 2385 2386 2390 2387 2388 2388 2389 2390 2422 2394 2391 2423 2391 2392 2423 2422 2391 2424 2392 2393 2424 2423 2392 2425 2393 2394 2425 2424 2393 2422 2425 2394 2426 2427 2395 2427 2396 2395 2426 2395 2403 2427 2428 2396 2428 2397 2396 2429 2403 2397 2428 2429 2397 2397 2403 2398 2430 2399 2431 2400 2399 2430 2432 2399 2433 2399 2407 2433 2399 2432 2434 2399 2434 2431 2435 2400 2430 2436 2400 2435 2436 2401 2400 2437 2401 2436 2437 2402 2401 2438 2406 2402 2438 2402 2437 2429 2426 2403 2404 2410 2439 2404 2439 2416 2405 2410 2404 2440 2406 2438 2441 2406 2442 2441 2409 2406 2443 2442 2406 2440 2443 2406 2433 2407 2408 2433 2408 2444 2444 2408 2409 2444 2409 2441 2410 2417 2439 2413 2411 2445 2411 2446 2445 2411 2412 2446 2412 2447 2446 2412 2414 2447 2413 2445 2448 2414 2413 2448 2414 2448 2447 2417 2415 2449 2415 2450 2449 2415 2416 2450 2416 2451 2450 2416 2439 2451 2417 2449 2452 2439 2417 2452 2421 2418 2453 2418 2454 2453 2418 2419 2454 2419 2455 2454 2419 2420 2455 2420 2456 2455 2420 2421 2456 2421 2453 2456 2457 2425 2422 2458 2422 2423 2458 2457 2422 2459 2423 2424 2459 2458 2423 2460 2424 2425 2460 2459 2424 2457 2460 2425 2461 2462 2426 2462 2463 2426 2463 2427 2426 2461 2426 2429 2464 2465 2427 2465 2428 2427 2464 2427 2463 2429 2428 2465 2466 2461 2429 2467 2466 2429 2467 2429 2465 2430 2431 2468 2469 2430 2468 2469 2435 2430 2431 2434 2470 2431 2470 2471 2468 2431 2471 2472 2432 2473 2432 2433 2473 2432 2472 2434 2473 2433 2444 2434 2474 2470 2434 2472 2474 2475 2435 2469 2476 2435 2475 2476 2436 2435 2477 2436 2476 2477 2437 2436 2478 2437 2477 2438 2437 2478 2479 2440 2438 2479 2438 2478 2439 2452 2451 2480 2443 2440 2481 2440 2479 2481 2480 2440 2444 2441 2473 2473 2441 2442 2473 2442 2482 2443 2482 2442 2480 2483 2443 2483 2482 2443 2448 2445 2484 2445 2485 2484 2445 2446 2485 2446 2486 2485 2446 2447 2486 2447 2487 2486 2447 2448 2487 2448 2484 2487 2452 2449 2488 2449 2489 2488 2449 2490 2489 2449 2450 2490 2450 2491 2492 2450 2451 2491 2493 2450 2492 2493 2490 2450 2491 2451 2452 2452 2488 2494 2452 2494 2495 2491 2452 2495 2453 2455 2456 2455 2453 2454 2458 2460 2457 2458 2459 2460 2496 2497 2461 2497 2462 2461 2496 2461 2466 2497 2498 2462 2498 2499 2462 2463 2462 2499 2467 2463 2499 2500 2463 2467 2464 2463 2500 2501 2464 2502 2501 2465 2464 2503 2464 2500 2503 2502 2464 2465 2504 2505 2465 2501 2504 2505 2467 2465 2506 2496 2466 2506 2466 2499 2467 2499 2466 2505 2500 2467 2507 2508 2468 2468 2472 2507 2472 2468 2509 2468 2471 2509 2508 2469 2468 2508 2476 2469 2476 2475 2469 2470 2474 2510 2471 2470 2510 2471 2511 2512 2509 2471 2512 2510 2511 2471 2473 2507 2472 2472 2509 2474 2473 2513 2507 2514 2515 2473 2482 2514 2473 2473 2516 2513 2515 2516 2473 2474 2517 2510 2474 2509 2517 2478 2476 2508 2478 2477 2476 2479 2478 2508 2479 2508 2514 2514 2482 2479 2518 2479 2482 2518 2481 2479 2519 2483 2480 2519 2480 2481 2520 2521 2481 2520 2481 2518 2481 2522 2519 2481 2521 2522 2483 2518 2482 2519 2523 2483 2523 2518 2483 2485 2487 2484 2485 2486 2487 2488 2524 2525 2488 2489 2524 2494 2488 2525 2489 2526 2524 2527 2489 2490 2489 2527 2526 2527 2490 2495 2495 2490 2493 2522 2491 2528 2522 2492 2491 2529 2528 2491 2491 2495 2529 2493 2492 2522 2529 2493 2530 2495 2493 2529 2493 2522 2530 2494 2525 2531 2527 2494 2531 2494 2527 2495 2532 2533 2496 2533 2497 2496 2534 2496 2506 2534 2532 2496 2535 2498 2497 2533 2535 2497 2535 2534 2498 2534 2506 2498 2498 2506 2499 2503 2500 2505 2501 2502 2517 2504 2501 2512 2509 2501 2517 2509 2512 2501 2517 2502 2510 2511 2502 2503 2510 2502 2511 2504 2503 2505 2536 2503 2504 2536 2537 2503 2537 2538 2503 2503 2538 2539 2511 2503 2539 2540 2536 2504 2540 2504 2541 2541 2504 2542 2504 2512 2542 2507 2513 2508 2508 2515 2514 2513 2516 2508 2508 2516 2515 2511 2539 2542 2512 2511 2542 2523 2520 2518 2519 2522 2523 2543 2521 2520 2543 2520 2528 2523 2528 2520 2543 2544 2521 2544 2522 2521 2523 2522 2528 2544 2530 2522 2524 2526 2545 2524 2545 2546 2525 2524 2546 2525 2546 2547 2531 2525 2547 2526 2548 2545 2526 2531 2548 2527 2531 2526 2529 2549 2528 2543 2528 2549 2529 2530 2549 2549 2530 2550 2530 2551 2550 2530 2552 2551 2544 2552 2530 2531 2547 2548 2553 2554 2532 2554 2533 2532 2553 2532 2534 2555 2535 2533 2554 2555 2533 2556 2553 2534 2556 2534 2535 2555 2556 2535 2557 2558 2536 2558 2537 2536 2557 2536 2540 2558 2559 2537 2559 2560 2537 2537 2560 2538 2561 2538 2541 2560 2541 2538 2538 2561 2539 2562 2542 2539 2539 2563 2564 2539 2561 2563 2562 2539 2564 2565 2557 2540 2565 2540 2560 2560 2540 2541 2566 2561 2541 2542 2566 2541 2566 2542 2562 2567 2543 2568 2567 2544 2543 2543 2549 2569 2569 2570 2543 2571 2543 2570 2571 2568 2543 2544 2572 2552 2567 2572 2544 2546 2545 2573 2545 2574 2573 2545 2548 2574 2546 2573 2575 2547 2546 2575 2547 2575 2576 2548 2547 2576 2548 2576 2574 2549 2550 2577 2569 2549 2577 2550 2578 2579 2550 2551 2578 2577 2550 2579 2551 2580 2578 2551 2581 2580 2552 2581 2551 2552 2569 2581 2569 2552 2572 2582 2583 2553 2583 2554 2553 2582 2553 2556 2583 2584 2554 2584 2555 2554 2584 2585 2555 2585 2556 2555 2585 2582 2556 2586 2587 2557 2587 2558 2557 2586 2557 2565 2587 2588 2558 2588 2559 2558 2588 2589 2559 2589 2565 2559 2559 2565 2560 2561 2566 2563 2590 2562 2564 2591 2562 2590 2566 2562 2591 2563 2591 2592 2566 2591 2563 2593 2563 2594 2563 2592 2594 2564 2563 2593 2564 2593 2595 2595 2590 2564 2589 2586 2565 2567 2596 2597 2567 2568 2596 2597 2598 2567 2567 2598 2572 2599 2568 2571 2599 2596 2568 2569 2572 2570 2569 2577 2581 2598 2570 2572 2598 2571 2570 2600 2571 2598 2600 2601 2571 2601 2599 2571 2575 2573 2602 2573 2603 2602 2573 2574 2603 2574 2576 2604 2574 2604 2603 2575 2602 2605 2576 2575 2605 2576 2605 2604 2577 2579 2606 2581 2577 2606 2578 2607 2608 2578 2580 2607 2579 2578 2608 2579 2608 2609 2606 2579 2609 2580 2610 2607 2580 2606 2610 2581 2606 2580 2611 2612 2582 2612 2583 2582 2611 2582 2585 2612 2613 2583 2613 2584 2583 2613 2614 2584 2614 2585 2584 2614 2611 2585 2587 2586 2589 2588 2587 2589 2615 2590 2595 2590 2616 2617 2590 2615 2616 2591 2590 2617 2591 2618 2592 2591 2617 2618 2592 2618 2619 2594 2592 2620 2592 2619 2620 2593 2616 2621 2594 2622 2593 2617 2593 2622 2593 2617 2616 2595 2593 2621 2594 2620 2623 2624 2594 2623 2594 2624 2622 2625 2615 2595 2595 2621 2625 2597 2596 2626 2599 2626 2596 2597 2626 2627 2627 2628 2597 2597 2628 2598 2629 2598 2628 2629 2600 2598 2630 2628 2599 2631 2599 2628 2631 2632 2599 2599 2632 2626 2601 2630 2599 2633 2600 2629 2633 2634 2600 2634 2601 2600 2634 2635 2601 2635 2630 2601 2605 2602 2636 2602 2637 2636 2602 2603 2637 2603 2604 2638 2603 2638 2637 2604 2639 2638 2604 2605 2639 2605 2636 2639 2606 2609 2610 2610 2608 2607 2610 2609 2608 2612 2611 2613 2611 2614 2613 2640 2615 2625 2616 2615 2640 2641 2621 2616 2642 2641 2616 2616 2640 2642 2617 2622 2624 2617 2624 2618 2618 2643 2619 2618 2624 2643 2619 2643 2644 2620 2619 2645 2619 2644 2645 2620 2645 2646 2623 2620 2646 2625 2621 2641 2623 2646 2647 2643 2623 2647 2624 2623 2643 2648 2640 2625 2625 2641 2648 2627 2626 2649 2650 2649 2626 2650 2626 2632 2627 2649 2651 2651 2631 2627 2627 2631 2628 2628 2630 2629 2652 2633 2629 2652 2629 2630 2635 2652 2630 2651 2653 2631 2632 2631 2653 2632 2653 2650 2654 2655 2633 2654 2633 2652 2655 2634 2633 2656 2635 2634 2655 2656 2634 2656 2657 2635 2657 2652 2635 2636 2638 2639 2636 2637 2638 2658 2640 2648 2659 2640 2658 2659 2642 2640 2660 2641 2642 2661 2641 2660 2661 2648 2641 2659 2660 2642 2643 2647 2644 2645 2644 2647 2645 2647 2646 2661 2658 2648 2651 2649 2662 2662 2649 2650 2650 2653 2663 2650 2663 2664 2662 2650 2664 2663 2653 2651 2663 2651 2665 2651 2662 2665 2657 2654 2652 2654 2657 2656 2654 2656 2655 2666 2667 2658 2666 2658 2661 2659 2658 2668 2667 2668 2658 2659 2668 2669 2670 2660 2659 2669 2670 2659 2671 2660 2670 2671 2661 2660 2671 2666 2661 2665 2662 2672 2662 2673 2672 2662 2674 2673 2674 2662 2664 2664 2663 2675 2675 2663 2665 2664 2675 2676 2676 2674 2664 2675 2665 2677 2665 2672 2677 2678 2666 2671 2679 2667 2666 2678 2679 2666 2679 2680 2667 2680 2681 2667 2668 2667 2682 2682 2667 2681 2669 2668 2682 2669 2682 2683 2684 2670 2669 2683 2684 2669 2681 2671 2670 2685 2681 2670 2684 2685 2670 2671 2681 2686 2686 2678 2671 2677 2672 2687 2672 2688 2687 2672 2673 2688 2673 2689 2690 2673 2690 2688 2689 2673 2691 2691 2673 2674 2691 2674 2676 2675 2689 2692 2675 2692 2693 2675 2677 2689 2676 2675 2693 2676 2693 2694 2694 2691 2676 2695 2689 2677 2677 2687 2695 2696 2678 2686 2696 2697 2678 2697 2679 2678 2698 2680 2679 2697 2698 2679 2680 2698 2699 2686 2680 2699 2681 2680 2686 2685 2682 2681 2700 2701 2682 2701 2683 2682 2700 2682 2685 2701 2702 2683 2702 2684 2683 2703 2685 2684 2702 2703 2684 2703 2700 2685 2699 2696 2686 2695 2687 2704 2687 2705 2704 2687 2688 2705 2688 2690 2706 2688 2706 2705 2695 2690 2689 2689 2691 2692 2707 2706 2690 2707 2690 2695 2692 2691 2708 2691 2694 2709 2691 2709 2708 2693 2692 2710 2692 2708 2710 2694 2693 2711 2693 2710 2711 2694 2711 2709 2695 2704 2707 2712 2696 2699 2712 2713 2696 2713 2697 2696 2714 2698 2697 2713 2714 2697 2699 2698 2715 2698 2714 2715 2715 2712 2699 2716 2717 2700 2717 2701 2700 2716 2700 2703 2717 2718 2701 2718 2702 2701 2719 2703 2702 2718 2719 2702 2719 2716 2703 2704 2720 2721 2707 2704 2721 2704 2705 2720 2705 2706 2722 2705 2722 2720 2723 2706 2707 2723 2722 2706 2707 2721 2723 2710 2708 2724 2708 2709 2725 2708 2725 2724 2709 2711 2726 2709 2726 2725 2711 2710 2727 2710 2724 2727 2711 2727 2726 2728 2729 2712 2728 2712 2715 2729 2713 2712 2729 2730 2713 2730 2714 2713 2714 2730 2731 2715 2714 2731 2731 2728 2715 2732 2733 2716 2733 2717 2716 2732 2716 2719 2733 2734 2717 2734 2718 2717 2735 2719 2718 2734 2735 2718 2735 2732 2719 2720 2722 2736 2720 2736 2737 2721 2720 2737 2723 2721 2738 2721 2737 2738 2739 2722 2723 2722 2739 2736 2723 2738 2739 2727 2724 2740 2724 2741 2740 2724 2725 2741 2725 2726 2742 2725 2742 2741 2726 2727 2743 2726 2743 2742 2727 2740 2743 2728 2731 2729 2731 2730 2729 2744 2745 2732 2745 2733 2732 2744 2732 2735 2745 2746 2733 2746 2734 2733 2747 2735 2734 2746 2747 2734 2747 2744 2735 2737 2736 2739 2737 2739 2738 2743 2740 2748 2740 2749 2748 2740 2741 2749 2741 2742 2750 2741 2750 2749 2742 2751 2750 2742 2743 2751 2743 2748 2751 2746 2745 2744 2746 2744 2747 2751 2748 2749 2751 2749 2750</p>
        </triangles>
      </mesh>
    </geometry>
  </library_geometries>
  <library_visual_scenes>
    <visual_scene id="Scene" name="Scene">
      <node id="instance_0" name="instance_0" type="NODE">
        <matrix sid="transform">1 0 0 0 0 1 0 0.979 0 0 1 0 0 0 0 1</matrix>
        <instance_geometry url="#mesh_0" name="mesh_0">
          <bind_material>
            <technique_common>
              <instance_material symbol="material_0-material" target="#material_0-material" />
            </technique_common>
          </bind_material>
        </instance_geometry>
      </node>
      <node id="instance_1" name="instance_1" type="NODE">
        <matrix sid="transform">1 0 0 0 0 1 0 0.979 0 0 1 0 0 0 0 1</matrix>
        <instance_geometry url="#mesh_1" name="mesh_1">
          <bind_material>
            <technique_common>
              <instance_material symbol="material_0-material" target="#material_0-material" />
            </technique_common>
          </bind_material>
        </instance_geometry>
      </node>
      <node id="instance_2" name="instance_2" type="NODE">
        <matrix sid="transform">1 0 0 0 0 1 0 0.93 0 0 1 0 0 0 0 1</matrix>
        <instance_geometry url="#mesh_2" name="mesh_2">
          <bind_material>
            <technique_common>
              <instance_material symbol="material_0-material" target="#material_0-material" />
            </technique_common>
          </bind_material>
        </instance_geometry>
      </node>
      <node id="instance_3" name="instance_3" type="NODE">
        <matrix sid="transform">0.87 0 0 -0.098 0 0.87 0 1.001 0 0 0.87 0 0 0 0 1</matrix>
        <instance_geometry url="#mesh_3" name="mesh_3">
          <bind_material>
            <technique_common>
              <instance_material symbol="material_0-material" target="#material_0-material" />
            </technique_common>
          </bind_material>
        </instance_geometry>
      </node>
      <node id="instance_4" name="instance_4" type="NODE">
        <matrix sid="transform">0.87 0 0 -0.089 0 0.87 0 1.0331 0 0 0.87 0 0 0 0 1</matrix>
        <instance_geometry url="#mesh_4" name="mesh_4">
          <bind_material>
            <technique_common>
              <instance_material symbol="material_0-material" target="#material_0-material" />
            </technique_common>
          </bind_material>
        </instance_geometry>
      </node>
      <node id="instance_5" name="instance_5" type="NODE">
        <matrix sid="transform">0.87 0 0 -0.0884 0 0.87 0 1.0663 0 0 0.87 0 0 0 0 1</matrix>
        <instance_geometry url="#mesh_5" name="mesh_5">
          <bind_material>
            <technique_common>
              <instance_material symbol="material_0-material" target="#material_0-material" />
            </technique_common>
          </bind_material>
        </instance_geometry>
      </node>
      <node id="instance_6" name="instance_6" type="NODE">
        <matrix sid="transform">0.87 0 0 -0.0951 0 0.87 0 1.1014 0 0 0.87 0 0 0 0 1</matrix>
        <instance_geometry url="#mesh_6" name="mesh_6">
          <bind_material>
            <technique_common>
              <instance_material symbol="material_0-material" target="#material_0-material" />
            </technique_common>
          </bind_material>
        </instance_geometry>
      </node>
      <node id="instance_7" name="instance_7" type="NODE">
        <matrix sid="transform">0.87 0 0 -0.1065 0 0.87 0 1.1302 0 0 0.87 0 0 0 0 1</matrix>
        <instance_geometry url="#mesh_7" name="mesh_7">
          <bind_material>
            <technique_common>
              <instance_material symbol="material_0-material" target="#material_0-material" />
            </technique_common>
          </bind_material>
        </instance_geometry>
      </node>
      <node id="instance_8" name="instance_8" type="NODE">
        <matrix sid="transform">0.87 0 0 -0.104 0 0.87 0 1.0412 0 0 0.87 0 0 0 0 1</matrix>
        <instance_geometry url="#mesh_8" name="mesh_8">
          <bind_material>
            <technique_common>
              <instance_material symbol="material_0-material" target="#material_0-material" />
            </technique_common>
          </bind_material>
        </instance_geometry>
      </node>
      <node id="instance_9" name="instance_9" type="NODE">
        <matrix sid="transform">0.87 0 0 -0.104 0 0.87 0 1.0412 0 0 0.87 0 0 0 0 1</matrix>
        <instance_geometry url="#mesh_9" name="mesh_9">
          <bind_material>
            <technique_common>
              <instance_material symbol="material_0-material" target="#material_0-material" />
            </technique_common>
          </bind_material>
        </instance_geometry>
      </node>
      <node id="instance_10" name="instance_10" type="NODE">
        <matrix sid="transform">0.87 0 0 -0.104 0 0.87 0 1.0412 0 0 0.87 0 0 0 0 1</matrix>
        <instance_geometry url="#mesh_10" name="mesh_10">
          <bind_material>
            <technique_common>
              <instance_material symbol="material_0-material" target="#material_0-material" />
            </technique_common>
          </bind_material>
        </instance_geometry>
      </node>
      <node id="instance_11" name="instance_11" type="NODE">
        <matrix sid="transform">0.87 0 0 -0.104 0 0.87 0 1.0412 0 0 0.87 0 0 0 0 1</matrix>
        <instance_geometry url="#mesh_11" name="mesh_11">
          <bind_material>
            <technique_common>
              <instance_material symbol="material_0-material" target="#material_0-material" />
            </technique_common>
          </bind_material>
        </instance_geometry>
      </node>
      <node id="instance_12" name="instance_12" type="NODE">
        <matrix sid="transform">0.87 0 0 -0.104 0 0.87 0 1.0412 0 0 0.87 0 0 0 0 1</matrix>
        <instance_geometry url="#mesh_12" name="mesh_12">
          <bind_material>
            <technique_common>
              <instance_material symbol="material_0-material" target="#material_0-material" />
            </technique_common>
          </bind_material>
        </instance_geometry>
      </node>
      <node id="instance_13" name="instance_13" type="NODE">
        <matrix sid="transform">0.87 0 0 -0.104 0 0.87 0 1.0412 0 0 0.87 0 0 0 0 1</matrix>
        <instance_geometry url="#mesh_13" name="mesh_13">
          <bind_material>
            <technique_common>
              <instance_material symbol="material_0-material" target="#material_0-material" />
            </technique_common>
          </bind_material>
        </instance_geometry>
      </node>
      <node id="instance_14" name="instance_14" type="NODE">
        <matrix sid="transform">0.87 0 0 -0.104 0 0.87 0 1.0412 0 0 0.87 0 0 0 0 1</matrix>
        <instance_geometry url="#mesh_14" name="mesh_14">
          <bind_material>
            <technique_common>
              <instance_material symbol="material_0-material" target="#material_0-material" />
            </technique_common>
          </bind_material>
        </instance_geometry>
      </node>
      <node id="instance_15" name="instance_15" type="NODE">
        <matrix sid="transform">0.87 0 0 -0.104 0 0.87 0 1.0412 0 0 0.87 0 0 0 0 1</matrix>
        <instance_geometry url="#mesh_15" name="mesh_15">
          <bind_material>
            <technique_common>
              <instance_material symbol="material_0-material" target="#material_0-material" />
            </technique_common>
          </bind_material>
        </instance_geometry>
      </node>
      <node id="instance_16" name="instance_16" type="NODE">
        <matrix sid="transform">0.87 0 0 -0.104 0 0.87 0 1.0412 0 0 0.87 0 0 0 0 1</matrix>
        <instance_geometry url="#mesh_16" name="mesh_16">
          <bind_material>
            <technique_common>
              <instance_material symbol="material_0-material" target="#material_0-material" />
            </technique_common>
          </bind_material>
        </instance_geometry>
      </node>
      <node id="instance_17" name="instance_17" type="NODE">
        <matrix sid="transform">0.87 0 0 -0.104 0 0.87 0 1.0412 0 0 0.87 0 0 0 0 1</matrix>
        <instance_geometry url="#mesh_17" name="mesh_17">
          <bind_material>
            <technique_common>
              <instance_material symbol="material_0-material" target="#material_0-material" />
            </technique_common>
          </bind_material>
        </instance_geometry>
      </node>
      <node id="instance_18" name="instance_18" type="NODE">
        <matrix sid="transform">0.87 0 0 -0.104 0 0.87 0 1.0412 0 0 0.87 0 0 0 0 1</matrix>
        <instance_geometry url="#mesh_18" name="mesh_18">
          <bind_material>
            <technique_common>
              <instance_material symbol="material_0-material" target="#material_0-material" />
            </technique_common>
          </bind_material>
        </instance_geometry>
      </node>
      <node id="instance_19" name="instance_19" type="NODE">
        <matrix sid="transform">0.87 0 0 -0.104 0 0.87 0 1.0412 0 0 0.87 0 0 0 0 1</matrix>
        <instance_geometry url="#mesh_19" name="mesh_19">
          <bind_material>
            <technique_common>
              <instance_material symbol="material_0-material" target="#material_0-material" />
            </technique_common>
          </bind_material>
        </instance_geometry>
      </node>
      <node id="instance_20" name="instance_20" type="NODE">
        <matrix sid="transform">0.87 0 0 -0.104 0 0.87 0 1.0412 0 0 0.87 0 0 0 0 1</matrix>
        <instance_geometry url="#mesh_20" name="mesh_20">
          <bind_material>
            <technique_common>
              <instance_material symbol="material_0-material" target="#material_0-material" />
            </technique_common>
          </bind_material>
        </instance_geometry>
      </node>
    </visual_scene>
  </library_visual_scenes>
</COLLADA>
